[info] step 0/9: permanent invariants (ADR-0059 D5)
[pass] check-workflows: OK (6 files)
[pass] clean-tree invariant: git status --porcelain is empty
[pass] gitignore-drift invariant: no tracked-but-ignored files
[task-parity] ok: 8 packages implement check/test (exemptions: none)
[pass] task parity: check/test implemented in all packages
[info] step 1/9: task parity + static rg assertions (version pin + ADR invariants)
[pass] all 8 packages pinned at 0.1.0
[pass] tool registry wires 5 ans_* tools
[pass] no console.log | stdout.write in apps/mcp/src + packages/kernel/src
[pass] tool-schemas.ts has 5 additionalProperties:false closers
[pass] attribution module exports present
[pass] attribution TypeBox schema parity (4 additionalProperties closers + enums present)
[pass] FusedEnvelope.attribution declared
[pass] MCP search/research dual-channel attribution (content + structuredContent)
[pass] ADR-0045 fusion-registry wiring: k split registered, no implicit default
[pass] ADR-0045 score_kind discipline: no bare fused score on NormalizedResult
[pass] ADR-0035 KG-lite layer: relation module + edges schema + store hooks + fifth-arm label + CLI present
[pass] ADR-0037 consolidation/forgetting layer: schema + consolidate module + store wiring + kernel 3-endpoint init present
[pass] ADR-0037 Phase-3 CLI: consolidate + forget + durable DB path present
[pass] CLI --json pure structural output, glyphs confined to kernel renderer
[pass] attribution renderer dedupes source URLs
[pass] access-events chain verified (object=consumed, exit 0 + verdict PASSED): {"verdict":"PASSED","dbPath":"C:\\Users\\Administrator\\.anysearch\\anysearch.db","legacyRows":0,"chainedRows":42,"digest":"e3b0c44298fc1c149afbf4c8996fb92427ae
[pass] ADR-0073/ADR-0091 dsh-plugin churn lint: zero runtime deps, publish-ready ESM bundle, plugin-only patch row, native ans_* plane wired
[pass] ADR-0046/0047 source gates + ADR-0062 dual-gate abstain contracts + criterion anchors + R64 D-005 migration anchors + R84 vertical-eval assertion surface + paired-delta runner
[pass] R62 D-005: offline exclusion governance (whitelist + 0.75 floor + test-online lane)
[pass] R63 T3: quarantine ratchet green (entries shrink-only vs baseline[10], renewals=0, no unruled expiry, longterm<=1)
[pass] ADR-0052 observation representation/store/export boundary and eval isolation present
[pass] ADR-0053 content trust boundary + inject probes present
[pass] freshness leg: CHANGELOG carries a current-round (r90) entry
[pass] closeout-claims r90: 8/8 registered claims re-derived green
[pass] E6 gate invariants: trustLockfile default(false), strict on, missing-time strict, zero age-excludes — upstream verify leg enforced
[pass] canonical-json: 1 governed file(s) byte-identical to canonical form (ADR-0077)
[info] step 1b/9: ADR index freshness (docs/adr/index.md, ADR-0059 D6)
[pass] gen-adr-index: docs/adr/index.md up to date (91 ADRs at HEAD)
[info] step 1c/9: engine grace-window wiring assertion (ADR-0059 D7 / ADR-0061 G1)
[pass] engine grace window wired; CONTEXT.md consistent (ADR-0061 G1)
[info] step 1d/9: ADR supersession integrity (ADR-0060 D1)
[pass] supersession-integrity: 1 supersession pointer(s) resolve with a back-reference
[info] step 1e/9: CONTEXT.md term wiring (ADR-0060 D3)
[pass] CONTEXT.md Retroaererd term wiring: L1 numeric + L2 symbols + L3 negative over-claim green (ADR-0060 D3)
[info] step 1f/9: ADR evidence-anchor resolvability (ADR-0060 D5)
[pass] evidence-anchor: 5 resolvable 40-hex reference(s), 3 external permalink(s), 0 [squashed]-whitelisted
[info] step 1g/9: closeout handoff required-field lint (ADR-0069)
[pass] closeout-coverage: 15 registered / 15 completed round(s) at floor 76
[pass] handoff-lint: 1 closeout doc(s) carry 绿色 run URL + Stack and cite a run on this round's history
[info] step 1h/9: bilingual README parity + limitations pointer (R69 D-007)
[pass] readme-parity: heading 1:1 + 7 code block(s) + 14 link(s) byte-identical; limitations pointer live
[info] step 1i/9: machine-local path discipline lint (ADR-0072)
[info] path-lint surfaced-skip .scratch/grill-round-60/decision-ledger.md:21 single-segment POSIX root "/claim" — surfaced-skip (cannot determine; not blocking)
[info] path-lint surfaced-skip .scratch/grill-round-60/goal.md:1 single-segment POSIX root "/goal" — surfaced-skip (cannot determine; not blocking)
[info] path-lint surfaced-skip .scratch/grill-round-60/q1-atomcode.md:17 single-segment POSIX root "/ground" — surfaced-skip (cannot determine; not blocking)
[info] path-lint surfaced-skip .scratch/grill-round-60/q1-atomcode.md:42 single-segment POSIX root "/skip" — surfaced-skip (cannot determine; not blocking)
[info] path-lint surfaced-skip .scratch/grill-round-60/q1-atomcode.md:44 single-segment POSIX root "/artifact" — surfaced-skip (cannot determine; not blocking)
[info] path-lint surfaced-skip .scratch/grill-round-60/q2-atomcode.md:29 single-segment POSIX root "/dated" — surfaced-skip (cannot determine; not blocking)
[info] path-lint surfaced-skip .scratch/grill-round-60/q3-atomcode.md:4 single-segment POSIX root "/CONTEXT" — surfaced-skip (cannot determine; not blocking)
[info] path-lint surfaced-skip .scratch/grill-round-60/q5-atomcode.md:2 single-segment POSIX root "/supersede" — surfaced-skip (cannot determine; not blocking)
[info] path-lint surfaced-skip .scratch/grill-round-60/q5-atomcode.md:58 single-segment POSIX root "/grill" — surfaced-skip (cannot determine; not blocking)
[info] path-lint surfaced-skip .scratch/grill-round-60/reports/2026-09-14-audit.md:89 single-segment POSIX root "/offline" — surfaced-skip (cannot determine; not blocking)
[info] path-lint surfaced-skip .scratch/grill-round-60/reports/2026-09-14-report.md:28 single-segment POSIX root "/open" — surfaced-skip (cannot determine; not blocking)
[info] path-lint surfaced-skip .scratch/grill-round-60/spec-b1.md:13 single-segment POSIX root "/e2e" — surfaced-skip (cannot determine; not blocking)
[info] path-lint surfaced-skip .scratch/grill-round-60/spec-b1.md:39 single-segment POSIX root "/domains" — surfaced-skip (cannot determine; not blocking)
[info] path-lint surfaced-skip .scratch/grill-round-60/spec-b1.md:55 single-segment POSIX root "/src" — surfaced-skip (cannot determine; not blocking)
[info] path-lint surfaced-skip .scratch/grill-round-61/decision-ledger.md:8 single-segment POSIX root "/macOS" — surfaced-skip (cannot determine; not blocking)
[info] path-lint surfaced-skip .scratch/grill-round-61/decision-ledger.md:8 single-segment POSIX root "/tavily" — surfaced-skip (cannot determine; not blocking)
[info] path-lint surfaced-skip .scratch/grill-round-61/handoffs/next-round.md:17 single-segment POSIX root "/API" — surfaced-skip (cannot determine; not blocking)
[info] path-lint surfaced-skip .scratch/grill-round-61/q2-atomcode.md:64 single-segment POSIX root "/walled-garden" — surfaced-skip (cannot determine; not blocking)
[info] path-lint surfaced-skip .scratch/grill-round-61/q3-atomcode.md:37 single-segment POSIX root "/error" — surfaced-skip (cannot determine; not blocking)
[info] path-lint surfaced-skip .scratch/grill-round-61/reports/2026-09-14-audit.md:15 single-segment POSIX root "/health" — surfaced-skip (cannot determine; not blocking)
[info] path-lint surfaced-skip .scratch/grill-round-61/reports/2026-09-14-audit.md:15 single-segment POSIX root "/health" — surfaced-skip (cannot determine; not blocking)
[info] path-lint surfaced-skip .scratch/grill-round-61/reports/2026-09-14-audit.md:39 single-segment POSIX root "/g0013" — surfaced-skip (cannot determine; not blocking)
[info] path-lint surfaced-skip .scratch/grill-round-61/reports/2026-09-14-audit.md:39 single-segment POSIX root "/g0014" — surfaced-skip (cannot determine; not blocking)
[info] path-lint surfaced-skip .scratch/grill-round-61/reports/2026-09-14-audit.md:59 single-segment POSIX root "/README" — surfaced-skip (cannot determine; not blocking)
[info] path-lint surfaced-skip .scratch/grill-round-61/reports/2026-09-14-audit.md:75 single-segment POSIX root "/outcome" — surfaced-skip (cannot determine; not blocking)
[info] path-lint surfaced-skip .scratch/grill-round-61/reports/2026-09-14-report.md:49 single-segment POSIX root "/health" — surfaced-skip (cannot determine; not blocking)
[info] path-lint surfaced-skip .scratch/grill-round-61/reports/2026-09-14-report.md:56 single-segment POSIX root "/health" — surfaced-skip (cannot determine; not blocking)
[info] path-lint surfaced-skip .scratch/grill-round-62/decision-ledger.md:9 single-segment POSIX root "/observation.close" — surfaced-skip (cannot determine; not blocking)
[info] path-lint surfaced-skip .scratch/grill-round-62/decision-ledger.md:11 single-segment POSIX root "/GOLDEN_CASES" — surfaced-skip (cannot determine; not blocking)
[info] path-lint surfaced-skip .scratch/grill-round-62/decision-ledger.md:12 single-segment POSIX root "/mustHit" — surfaced-skip (cannot determine; not blocking)
[info] path-lint surfaced-skip .scratch/grill-round-62/goal.md:1 single-segment POSIX root "/goal" — surfaced-skip (cannot determine; not blocking)
[info] path-lint surfaced-skip .scratch/grill-round-62/handoffs/2026-09-15-audit-handoff.md:37 single-segment POSIX root "/pull_request" — surfaced-skip (cannot determine; not blocking)
[info] path-lint surfaced-skip .scratch/grill-round-62/handoffs/2026-09-15-audit-handoff.md:37 single-segment POSIX root "/workflow_dispatch" — surfaced-skip (cannot determine; not blocking)
[info] path-lint surfaced-skip .scratch/grill-round-62/handoffs/next-round.md:12 single-segment POSIX root "/goal" — surfaced-skip (cannot determine; not blocking)
[info] path-lint surfaced-skip .scratch/grill-round-62/handoffs/next-round.md:28 single-segment POSIX root "/GOLDEN_CASES" — surfaced-skip (cannot determine; not blocking)
[info] path-lint surfaced-skip .scratch/grill-round-62/handoffs/next-round.md:29 single-segment POSIX root "/mustHit" — surfaced-skip (cannot determine; not blocking)
[info] path-lint surfaced-skip .scratch/grill-round-62/q5-atomcode.md:58 single-segment POSIX root "/data-absent" — surfaced-skip (cannot determine; not blocking)
[info] path-lint surfaced-skip .scratch/grill-round-62/q5b-atomcode.md:56 single-segment POSIX root "/CI" — surfaced-skip (cannot determine; not blocking)
[info] path-lint surfaced-skip .scratch/grill-round-62/reports/2026-09-15-audit.md:29 single-segment POSIX root "/test-online" — surfaced-skip (cannot determine; not blocking)
[info] path-lint surfaced-skip .scratch/grill-round-62/reports/2026-09-15-audit.md:45 single-segment POSIX root "/TTL" — surfaced-skip (cannot determine; not blocking)
[info] path-lint surfaced-skip .scratch/grill-round-62/reports/2026-09-15-audit.md:73 single-segment POSIX root "/handoff" — surfaced-skip (cannot determine; not blocking)
[info] path-lint surfaced-skip .scratch/grill-round-62/reports/2026-09-15-report.md:41 single-segment POSIX root "/research" — surfaced-skip (cannot determine; not blocking)
[info] path-lint surfaced-skip .scratch/grill-round-62/tavily-probe-ledger.md:10 single-segment POSIX root "/research" — surfaced-skip (cannot determine; not blocking)
[info] path-lint surfaced-skip .scratch/grill-round-63/goal.md:1 single-segment POSIX root "/goal" — surfaced-skip (cannot determine; not blocking)
[info] path-lint surfaced-skip .scratch/grill-round-63/handoffs/2026-09-15-audit-handoff.md:10 single-segment POSIX root "/pnpm" — surfaced-skip (cannot determine; not blocking)
[info] path-lint surfaced-skip .scratch/grill-round-63/handoffs/2026-09-16-release-closure.md:41 single-segment POSIX root "/flag-record" — surfaced-skip (cannot determine; not blocking)
[info] path-lint surfaced-skip .scratch/grill-round-63/handoffs/2026-09-16-release-closure.md:41 single-segment POSIX root "/longterm" — surfaced-skip (cannot determine; not blocking)
[info] path-lint surfaced-skip .scratch/grill-round-63/q2-atomcode.md:16 single-segment POSIX root "/embedding" — surfaced-skip (cannot determine; not blocking)
[info] path-lint surfaced-skip .scratch/grill-round-63/q2-atomcode.md:16 single-segment POSIX root "/hybrid" — surfaced-skip (cannot determine; not blocking)
[info] path-lint surfaced-skip .scratch/grill-round-63/q2-atomcode.md:26 single-segment POSIX root "/FTS-only" — surfaced-skip (cannot determine; not blocking)
[info] path-lint surfaced-skip .scratch/grill-round-63/q3-atomcode.md:16 single-segment POSIX root "/verdict" — surfaced-skip (cannot determine; not blocking)
[info] path-lint surfaced-skip .scratch/grill-round-63/reports/2026-09-15-audit.md:64 single-segment POSIX root "/eval" — surfaced-skip (cannot determine; not blocking)
[info] path-lint surfaced-skip .scratch/grill-round-63/reports/2026-09-15-audit.md:77 single-segment POSIX root "/import" — surfaced-skip (cannot determine; not blocking)
[info] path-lint surfaced-skip .scratch/grill-round-63/t6-live-drift-investigation.md:13 single-segment POSIX root "/settings" — surfaced-skip (cannot determine; not blocking)
[info] path-lint surfaced-skip .scratch/grill-round-63/t6-live-drift-investigation.md:14 single-segment POSIX root "/settings" — surfaced-skip (cannot determine; not blocking)
[info] path-lint surfaced-skip .scratch/grill-round-63/t6-live-drift-investigation.md:15 single-segment POSIX root "/tsconfig" — surfaced-skip (cannot determine; not blocking)
[info] path-lint surfaced-skip .scratch/grill-round-63/t6-live-drift-investigation.md:17 single-segment POSIX root "/tsconfig" — surfaced-skip (cannot determine; not blocking)
[info] path-lint surfaced-skip .scratch/grill-round-63/t6-live-drift-investigation.md:19 single-segment POSIX root "/tsconfig" — surfaced-skip (cannot determine; not blocking)
[info] path-lint surfaced-skip .scratch/grill-round-63/t6-live-drift-investigation.md:21 single-segment POSIX root "/settings" — surfaced-skip (cannot determine; not blocking)
[info] path-lint surfaced-skip .scratch/grill-round-63/t6-live-drift-investigation.md:39 single-segment POSIX root "/host" — surfaced-skip (cannot determine; not blocking)
[info] path-lint surfaced-skip .scratch/grill-round-64/decision-ledger.md:7 single-segment POSIX root "/minResults" — surfaced-skip (cannot determine; not blocking)
[info] path-lint surfaced-skip .scratch/grill-round-64/decision-ledger.md:8 single-segment POSIX root "/run" — surfaced-skip (cannot determine; not blocking)
[info] path-lint surfaced-skip .scratch/grill-round-64/decision-ledger.md:9 single-segment POSIX root "/mustNotHitPaths" — surfaced-skip (cannot determine; not blocking)
[info] path-lint surfaced-skip .scratch/grill-round-64/decision-ledger.md:9 single-segment POSIX root "/stability_class" — surfaced-skip (cannot determine; not blocking)
[info] path-lint surfaced-skip .scratch/grill-round-64/decision-ledger.md:9 single-segment POSIX root "/failure_class" — surfaced-skip (cannot determine; not blocking)
[info] path-lint surfaced-skip .scratch/grill-round-64/goal.md:12 single-segment POSIX root "/exit0" — surfaced-skip (cannot determine; not blocking)
[info] path-lint surfaced-skip .scratch/grill-round-64/goal.md:12 single-segment POSIX root "/RETIRE_CANDIDATE" — surfaced-skip (cannot determine; not blocking)
[info] path-lint surfaced-skip .scratch/grill-round-64/handoffs/next-round.md:28 single-segment POSIX root "/minResults" — surfaced-skip (cannot determine; not blocking)
[info] path-lint surfaced-skip .scratch/grill-round-64/handoffs/next-round.md:48 single-segment POSIX root "/re-spec" — surfaced-skip (cannot determine; not blocking)
[info] path-lint surfaced-skip .scratch/grill-round-64/handoffs/next-round.md:48 single-segment POSIX root "/longterm" — surfaced-skip (cannot determine; not blocking)
[info] path-lint surfaced-skip .scratch/grill-round-64/handoffs/next-round.md:48 single-segment POSIX root "/promote-tombstone" — surfaced-skip (cannot determine; not blocking)
[info] path-lint surfaced-skip .scratch/grill-round-64/handoffs/next-round.md:48 single-segment POSIX root "/watch" — surfaced-skip (cannot determine; not blocking)
[info] path-lint surfaced-skip .scratch/grill-round-64/q2-atomcode.md:13 single-segment POSIX root "/settings" — surfaced-skip (cannot determine; not blocking)
[info] path-lint surfaced-skip .scratch/grill-round-64/q2-atomcode.md:19 single-segment POSIX root "/bot" — surfaced-skip (cannot determine; not blocking)
[info] path-lint surfaced-skip .scratch/grill-round-64/q2-atomcode.md:19 single-segment POSIX root "/not_indexed" — surfaced-skip (cannot determine; not blocking)
[info] path-lint surfaced-skip .scratch/grill-round-64/q3-atomcode.md:31 single-segment POSIX root "/lang" — surfaced-skip (cannot determine; not blocking)
[info] path-lint surfaced-skip .scratch/grill-round-64/q3-atomcode.md:50 single-segment POSIX root "/highlights" — surfaced-skip (cannot determine; not blocking)
[info] path-lint surfaced-skip .scratch/grill-round-64/q4-atomcode.md:28 single-segment POSIX root "/run" — surfaced-skip (cannot determine; not blocking)
[info] path-lint surfaced-skip .scratch/grill-round-64/q5-atomcode.md:1 single-segment POSIX root "/watch" — surfaced-skip (cannot determine; not blocking)
[info] path-lint surfaced-skip .scratch/grill-round-64/reports/2026-09-16-audit.md:41 single-segment POSIX root "/deprecated" — surfaced-skip (cannot determine; not blocking)
[info] path-lint surfaced-skip .scratch/grill-round-64/reports/2026-09-16-audit.md:66 single-segment POSIX root "/cosmetic" — surfaced-skip (cannot determine; not blocking)
[info] path-lint surfaced-skip .scratch/grill-round-64/reports/2026-09-16-audit.md:69 single-segment POSIX root "/honesty" — surfaced-skip (cannot determine; not blocking)
[info] path-lint surfaced-skip .scratch/grill-round-64/reports/2026-09-16-audit.md:75 single-segment POSIX root "/logic" — surfaced-skip (cannot determine; not blocking)
[info] path-lint surfaced-skip .scratch/grill-round-64/reports/2026-09-16-audit.md:80 single-segment POSIX root "/fixture" — surfaced-skip (cannot determine; not blocking)
[info] path-lint surfaced-skip .scratch/grill-round-64/reports/2026-09-16-report.md:17 single-segment POSIX root "/deprecated" — surfaced-skip (cannot determine; not blocking)
[info] path-lint surfaced-skip .scratch/grill-round-65/decision-ledger.md:8 single-segment POSIX root "/EXA_API_KEY" — surfaced-skip (cannot determine; not blocking)
[info] path-lint surfaced-skip .scratch/grill-round-65/decision-ledger.md:9 single-segment POSIX root "/doctor" — surfaced-skip (cannot determine; not blocking)
[info] path-lint surfaced-skip .scratch/grill-round-65/decision-ledger.md:12 single-segment POSIX root "/server" — surfaced-skip (cannot determine; not blocking)
[info] path-lint surfaced-skip .scratch/grill-round-65/decision-ledger.md:12 single-segment POSIX root "/interactive" — surfaced-skip (cannot determine; not blocking)
[info] path-lint surfaced-skip .scratch/grill-round-65/decision-ledger.md:12 single-segment POSIX root "/embedding" — surfaced-skip (cannot determine; not blocking)
[info] path-lint surfaced-skip .scratch/grill-round-65/evidence/README.md:15 single-segment POSIX root "/health" — surfaced-skip (cannot determine; not blocking)
[info] path-lint surfaced-skip .scratch/grill-round-65/evidence/README.md:16 single-segment POSIX root "/health" — surfaced-skip (cannot determine; not blocking)
[info] path-lint surfaced-skip .scratch/grill-round-65/evidence/README.md:40 single-segment POSIX root "/health" — surfaced-skip (cannot determine; not blocking)
[info] path-lint surfaced-skip .scratch/grill-round-65/evidence/defect-ledger.md:8 single-segment POSIX root "/hooks.json" — surfaced-skip (cannot determine; not blocking)
[info] path-lint surfaced-skip .scratch/grill-round-65/evidence/defect-ledger.md:12 single-segment POSIX root "/login" — surfaced-skip (cannot determine; not blocking)
[info] path-lint surfaced-skip .scratch/grill-round-65/evidence/defect-ledger.md:14 single-segment POSIX root "/object" — surfaced-skip (cannot determine; not blocking)
[info] path-lint surfaced-skip .scratch/grill-round-65/evidence/defect-ledger.md:15 single-segment POSIX root "/domains" — surfaced-skip (cannot determine; not blocking)
[info] path-lint surfaced-skip .scratch/grill-round-65/evidence/defect-ledger.md:15 single-segment POSIX root "/domains" — surfaced-skip (cannot determine; not blocking)
[info] path-lint surfaced-skip .scratch/grill-round-65/evidence/defect-ledger.md:24 single-segment POSIX root "/hooks.json" — surfaced-skip (cannot determine; not blocking)
[info] path-lint surfaced-skip .scratch/grill-round-65/evidence/defect-ledger.md:31 single-segment POSIX root "/login" — surfaced-skip (cannot determine; not blocking)
[info] path-lint surfaced-skip .scratch/grill-round-65/evidence/defect-ledger.md:55 single-segment POSIX root "/hooks.json" — surfaced-skip (cannot determine; not blocking)
[info] path-lint surfaced-skip .scratch/grill-round-65/goal.md:8 single-segment POSIX root "/en" — surfaced-skip (cannot determine; not blocking)
[info] path-lint surfaced-skip .scratch/grill-round-65/handoffs/next-round.md:13 single-segment POSIX root "/recall" — surfaced-skip (cannot determine; not blocking)
[info] path-lint surfaced-skip .scratch/grill-round-65/handoffs/next-round.md:13 single-segment POSIX root "/index" — surfaced-skip (cannot determine; not blocking)
[info] path-lint surfaced-skip .scratch/grill-round-65/handoffs/next-round.md:13 single-segment POSIX root "/health" — surfaced-skip (cannot determine; not blocking)
[info] path-lint surfaced-skip .scratch/grill-round-65/handoffs/next-round.md:13 single-segment POSIX root "/purge" — surfaced-skip (cannot determine; not blocking)
[info] path-lint surfaced-skip .scratch/grill-round-65/handoffs/next-round.md:33 single-segment POSIX root "/doctor" — surfaced-skip (cannot determine; not blocking)
[info] path-lint surfaced-skip .scratch/grill-round-65/handoffs/next-round.md:57 single-segment POSIX root "/interactive" — surfaced-skip (cannot determine; not blocking)
[info] path-lint surfaced-skip .scratch/grill-round-65/handoffs/next-round.md:57 single-segment POSIX root "/embedding" — surfaced-skip (cannot determine; not blocking)
[info] path-lint surfaced-skip .scratch/grill-round-65/handoffs/resume-impl.md:21 single-segment POSIX root "/message_start" — surfaced-skip (cannot determine; not blocking)
[info] path-lint surfaced-skip .scratch/grill-round-65/handoffs/resume-impl.md:29 single-segment POSIX root "/models" — surfaced-skip (cannot determine; not blocking)
[info] path-lint surfaced-skip .scratch/grill-round-65/reports/2026-09-16-audit.md:3 single-segment POSIX root "/handoff" — surfaced-skip (cannot determine; not blocking)
[info] path-lint surfaced-skip .scratch/grill-round-65/reports/2026-09-16-audit.md:17 single-segment POSIX root "/health" — surfaced-skip (cannot determine; not blocking)
[info] path-lint surfaced-skip .scratch/grill-round-65/reports/2026-09-16-audit.md:30 single-segment POSIX root "/ADR-0066" — surfaced-skip (cannot determine; not blocking)
[info] path-lint surfaced-skip .scratch/grill-round-65/reports/2026-09-16-audit.md:34 single-segment POSIX root "/domains" — surfaced-skip (cannot determine; not blocking)
[info] path-lint surfaced-skip .scratch/grill-round-65/reports/2026-09-16-audit.md:36 single-segment POSIX root "/message_start" — surfaced-skip (cannot determine; not blocking)
[info] path-lint surfaced-skip .scratch/grill-round-65/reports/2026-09-16-audit.md:45 single-segment POSIX root "/hooks.json" — surfaced-skip (cannot determine; not blocking)
[info] path-lint surfaced-skip .scratch/grill-round-65/reports/2026-09-16-audit.md:51 single-segment POSIX root "/ADR-0066" — surfaced-skip (cannot determine; not blocking)
[info] path-lint surfaced-skip .scratch/grill-round-65/reports/2026-09-16-audit.md:64 single-segment POSIX root "/index" — surfaced-skip (cannot determine; not blocking)
[info] path-lint surfaced-skip .scratch/grill-round-65/reports/2026-09-16-audit.md:84 single-segment POSIX root "/hooks.json" — surfaced-skip (cannot determine; not blocking)
[info] path-lint surfaced-skip .scratch/grill-round-65/reports/2026-09-16-audit.md:115 single-segment POSIX root "/hooks.json" — surfaced-skip (cannot determine; not blocking)
[info] path-lint surfaced-skip .scratch/grill-round-65/reports/2026-09-16-audit.md:125 single-segment POSIX root "/index" — surfaced-skip (cannot determine; not blocking)
[info] path-lint surfaced-skip .scratch/grill-round-65/reports/2026-09-16-audit.md:125 single-segment POSIX root "/recall" — surfaced-skip (cannot determine; not blocking)
[info] path-lint surfaced-skip .scratch/grill-round-65/reports/2026-09-16-audit.md:126 single-segment POSIX root "/fe6763d" — surfaced-skip (cannot determine; not blocking)
[info] path-lint surfaced-skip .scratch/grill-round-65/reports/2026-09-16-audit.md:126 single-segment POSIX root "/d0fcf47" — surfaced-skip (cannot determine; not blocking)
[info] path-lint surfaced-skip .scratch/grill-round-65/reports/2026-09-16-report.md:13 single-segment POSIX root "/health" — surfaced-skip (cannot determine; not blocking)
[info] path-lint surfaced-skip .scratch/grill-round-65/reports/2026-09-16-report.md:24 single-segment POSIX root "/health" — surfaced-skip (cannot determine; not blocking)
[info] path-lint surfaced-skip .scratch/grill-round-65/reports/2026-09-16-report.md:58 single-segment POSIX root "/message_start" — surfaced-skip (cannot determine; not blocking)
[info] path-lint surfaced-skip .scratch/grill-round-65/reports/2026-09-16-report.md:62 single-segment POSIX root "/health" — surfaced-skip (cannot determine; not blocking)
[info] path-lint surfaced-skip .scratch/grill-round-65/reports/2026-09-16-report.md:67 single-segment POSIX root "/login" — surfaced-skip (cannot determine; not blocking)
[info] path-lint surfaced-skip .scratch/grill-round-65/reports/2026-09-16-report.md:90 single-segment POSIX root "/hooks.json" — surfaced-skip (cannot determine; not blocking)
[info] path-lint surfaced-skip .scratch/grill-round-66/decision-ledger.md:9 single-segment POSIX root "/MCP" — surfaced-skip (cannot determine; not blocking)
[info] path-lint surfaced-skip .scratch/grill-round-66/decision-ledger.md:9 single-segment POSIX root "/marketplace" — surfaced-skip (cannot determine; not blocking)
[info] path-lint surfaced-skip .scratch/grill-round-66/decision-ledger.md:10 single-segment POSIX root "/P10" — surfaced-skip (cannot determine; not blocking)
[info] path-lint surfaced-skip .scratch/grill-round-66/decision-ledger.md:10 single-segment POSIX root "/P11" — surfaced-skip (cannot determine; not blocking)
[info] path-lint surfaced-skip .scratch/grill-round-66/decision-ledger.md:10 single-segment POSIX root "/host-variable" — surfaced-skip (cannot determine; not blocking)
[info] path-lint surfaced-skip .scratch/grill-round-66/decision-ledger.md:10 single-segment POSIX root "/host-specific" — surfaced-skip (cannot determine; not blocking)
[info] path-lint surfaced-skip .scratch/grill-round-66/decision-ledger.md:10 single-segment POSIX root "/experimental" — surfaced-skip (cannot determine; not blocking)
[info] path-lint surfaced-skip .scratch/grill-round-66/decision-ledger.md:13 single-segment POSIX root "/A" — surfaced-skip (cannot determine; not blocking)
[info] path-lint surfaced-skip .scratch/grill-round-66/evidence/README.md:13 single-segment POSIX root "/health" — surfaced-skip (cannot determine; not blocking)
[info] path-lint surfaced-skip .scratch/grill-round-66/evidence/README.md:40 single-segment POSIX root "/P9" — surfaced-skip (cannot determine; not blocking)
[info] path-lint surfaced-skip .scratch/grill-round-66/evidence/defect-ledger.md:48 single-segment POSIX root "/plugin" — surfaced-skip (cannot determine; not blocking)
[info] path-lint surfaced-skip .scratch/grill-round-66/evidence/defect-ledger.md:54 single-segment POSIX root "/index" — surfaced-skip (cannot determine; not blocking)
[info] path-lint surfaced-skip .scratch/grill-round-66/evidence/defect-ledger.md:54 single-segment POSIX root "/index" — surfaced-skip (cannot determine; not blocking)
[info] path-lint surfaced-skip .scratch/grill-round-66/evidence/defect-ledger.md:67 single-segment POSIX root "/index" — surfaced-skip (cannot determine; not blocking)
[info] path-lint surfaced-skip .scratch/grill-round-66/evidence/defect-ledger.md:95 single-segment POSIX root "/index" — surfaced-skip (cannot determine; not blocking)
[info] path-lint surfaced-skip .scratch/grill-round-66/handoffs/next-round.md:28 single-segment POSIX root "/host-variable" — surfaced-skip (cannot determine; not blocking)
[info] path-lint surfaced-skip .scratch/grill-round-66/handoffs/next-round.md:28 single-segment POSIX root "/host-specific" — surfaced-skip (cannot determine; not blocking)
[info] path-lint surfaced-skip .scratch/grill-round-66/handoffs/next-round.md:28 single-segment POSIX root "/experimental" — surfaced-skip (cannot determine; not blocking)
[info] path-lint surfaced-skip .scratch/grill-round-66/handoffs/next-round.md:45 single-segment POSIX root "/deferred" — surfaced-skip (cannot determine; not blocking)
[info] path-lint surfaced-skip .scratch/grill-round-66/handoffs/next-round.md:49 single-segment POSIX root "/closure" — surfaced-skip (cannot determine; not blocking)
[info] path-lint surfaced-skip .scratch/grill-round-66/handoffs/next-round.md:57 single-segment POSIX root "/A" — surfaced-skip (cannot determine; not blocking)
[info] path-lint surfaced-skip .scratch/grill-round-66/handoffs/round-66-audit-closeout.md:25 single-segment POSIX root "/t4-rework-p6b" — surfaced-skip (cannot determine; not blocking)
[info] path-lint surfaced-skip .scratch/grill-round-66/handoffs/round-66-closeout.md:13 single-segment POSIX root "/lint" — surfaced-skip (cannot determine; not blocking)
[info] path-lint surfaced-skip .scratch/grill-round-66/handoffs/round-66-closeout.md:21 single-segment POSIX root "/host-variable" — surfaced-skip (cannot determine; not blocking)
[info] path-lint surfaced-skip .scratch/grill-round-66/q3-atomcode.md:54 single-segment POSIX root "/plugin" — surfaced-skip (cannot determine; not blocking)
[info] path-lint surfaced-skip .scratch/grill-round-66/q3-atomcode.md:56 single-segment POSIX root "/plugin" — surfaced-skip (cannot determine; not blocking)
[info] path-lint surfaced-skip .scratch/grill-round-66/q3-atomcode.md:61 single-segment POSIX root "/sha" — surfaced-skip (cannot determine; not blocking)
[info] path-lint surfaced-skip .scratch/grill-round-66/q3-atomcode.md:73 single-segment POSIX root "/plugin" — surfaced-skip (cannot determine; not blocking)
[info] path-lint surfaced-skip .scratch/grill-round-66/q3-atomcode.md:73 single-segment POSIX root "/plugin" — surfaced-skip (cannot determine; not blocking)
[info] path-lint surfaced-skip .scratch/grill-round-66/q3-atomcode.md:84 single-segment POSIX root "/plugin" — surfaced-skip (cannot determine; not blocking)
[info] path-lint surfaced-skip .scratch/grill-round-66/q3-atomcode.md:86 single-segment POSIX root "/plugin" — surfaced-skip (cannot determine; not blocking)
[info] path-lint surfaced-skip .scratch/grill-round-66/q3-atomcode.md:91 single-segment POSIX root "/sha" — surfaced-skip (cannot determine; not blocking)
[info] path-lint surfaced-skip .scratch/grill-round-66/q3-atomcode.md:170 single-segment POSIX root "/plugin" — surfaced-skip (cannot determine; not blocking)
[info] path-lint surfaced-skip .scratch/grill-round-66/q3-atomcode.md:172 single-segment POSIX root "/plugin" — surfaced-skip (cannot determine; not blocking)
[info] path-lint surfaced-skip .scratch/grill-round-66/q3-atomcode.md:177 single-segment POSIX root "/sha" — surfaced-skip (cannot determine; not blocking)
[info] path-lint surfaced-skip .scratch/grill-round-66/q4-atomcode.md:165 single-segment POSIX root "/not-scored" — surfaced-skip (cannot determine; not blocking)
[info] path-lint surfaced-skip .scratch/grill-round-66/reports/2026-09-17-audit.md:60 single-segment POSIX root "/t4-" — surfaced-skip (cannot determine; not blocking)
[info] path-lint surfaced-skip .scratch/grill-round-66/reports/2026-09-17-report.md:40 single-segment POSIX root "/package.json" — surfaced-skip (cannot determine; not blocking)
[info] path-lint surfaced-skip .scratch/grill-round-66/reports/2026-09-17-report.md:40 single-segment POSIX root "/package.json" — surfaced-skip (cannot determine; not blocking)
[info] path-lint surfaced-skip .scratch/grill-round-66/reports/2026-09-17-report.md:40 single-segment POSIX root "/package.json" — surfaced-skip (cannot determine; not blocking)
[info] path-lint surfaced-skip .scratch/grill-round-66/reports/2026-09-17-report.md:90 single-segment POSIX root "/Codex" — surfaced-skip (cannot determine; not blocking)
[info] path-lint surfaced-skip .scratch/grill-round-67/decision-ledger.md:7 single-segment POSIX root "/F-01a" — surfaced-skip (cannot determine; not blocking)
[info] path-lint surfaced-skip .scratch/grill-round-67/decision-ledger.md:8 single-segment POSIX root "/tarball" — surfaced-skip (cannot determine; not blocking)
[info] path-lint surfaced-skip .scratch/grill-round-67/decision-ledger.md:8 single-segment POSIX root "/dev-iteration" — surfaced-skip (cannot determine; not blocking)
[info] path-lint surfaced-skip .scratch/grill-round-67/decision-ledger.md:8 single-segment POSIX root "/L1" — surfaced-skip (cannot determine; not blocking)
[info] path-lint surfaced-skip .scratch/grill-round-67/decision-ledger.md:8 single-segment POSIX root "/L2" — surfaced-skip (cannot determine; not blocking)
[info] path-lint surfaced-skip .scratch/grill-round-67/decision-ledger.md:8 single-segment POSIX root "/L3" — surfaced-skip (cannot determine; not blocking)
[info] path-lint surfaced-skip .scratch/grill-round-67/decision-ledger.md:10 single-segment POSIX root "/session-start" — surfaced-skip (cannot determine; not blocking)
[info] path-lint surfaced-skip .scratch/grill-round-67/decision-ledger.md:11 single-segment POSIX root "/A" — surfaced-skip (cannot determine; not blocking)
[info] path-lint surfaced-skip .scratch/grill-round-67/evidence/t1-defect-ledger.md:5 single-segment POSIX root "/index" — surfaced-skip (cannot determine; not blocking)
[info] path-lint surfaced-skip .scratch/grill-round-67/evidence/t1-defect-ledger.md:46 single-segment POSIX root "/index" — surfaced-skip (cannot determine; not blocking)
[info] path-lint surfaced-skip .scratch/grill-round-67/evidence/t1-defect-ledger.md:62 single-segment POSIX root "/index" — surfaced-skip (cannot determine; not blocking)
[info] path-lint surfaced-skip .scratch/grill-round-67/evidence/t1-defect-ledger.md:112 single-segment POSIX root "/index" — surfaced-skip (cannot determine; not blocking)
[info] path-lint surfaced-skip .scratch/grill-round-67/goal.md:8 single-segment POSIX root "/A" — surfaced-skip (cannot determine; not blocking)
[info] path-lint surfaced-skip .scratch/grill-round-67/handoffs/next-round.md:18 single-segment POSIX root "/legacy" — surfaced-skip (cannot determine; not blocking)
[info] path-lint surfaced-skip .scratch/grill-round-67/handoffs/next-round.md:26 single-segment POSIX root "/L1" — surfaced-skip (cannot determine; not blocking)
[info] path-lint surfaced-skip .scratch/grill-round-67/handoffs/next-round.md:26 single-segment POSIX root "/L2" — surfaced-skip (cannot determine; not blocking)
[info] path-lint surfaced-skip .scratch/grill-round-67/handoffs/next-round.md:26 single-segment POSIX root "/L3" — surfaced-skip (cannot determine; not blocking)
[info] path-lint surfaced-skip .scratch/grill-round-67/handoffs/next-round.md:27 single-segment POSIX root "/exit-2" — surfaced-skip (cannot determine; not blocking)
[info] path-lint surfaced-skip .scratch/grill-round-67/handoffs/next-round.md:27 single-segment POSIX root "/Pre-Post" — surfaced-skip (cannot determine; not blocking)
[info] path-lint surfaced-skip .scratch/grill-round-67/handoffs/next-round.md:46 single-segment POSIX root "/deferred" — surfaced-skip (cannot determine; not blocking)
[info] path-lint surfaced-skip .scratch/grill-round-67/handoffs/next-round.md:50 single-segment POSIX root "/closure" — surfaced-skip (cannot determine; not blocking)
[info] path-lint surfaced-skip .scratch/grill-round-67/handoffs/next-round.md:58 single-segment POSIX root "/A" — surfaced-skip (cannot determine; not blocking)
[info] path-lint surfaced-skip .scratch/grill-round-67/handoffs/next-round.md:87 single-segment POSIX root "/GitButler" — surfaced-skip (cannot determine; not blocking)
[info] path-lint surfaced-skip .scratch/grill-round-67/handoffs/next-round.md:88 single-segment POSIX root "/README" — surfaced-skip (cannot determine; not blocking)
[info] path-lint surfaced-skip .scratch/grill-round-67/handoffs/next-round.md:88 single-segment POSIX root "/t2-p8" — surfaced-skip (cannot determine; not blocking)
[info] path-lint surfaced-skip .scratch/grill-round-67/handoffs/next-round.md:88 single-segment POSIX root "/codex.ts" — surfaced-skip (cannot determine; not blocking)
[info] path-lint surfaced-skip .scratch/grill-round-67/handoffs/next-round.md:89 single-segment POSIX root "/event" — surfaced-skip (cannot determine; not blocking)
[info] path-lint surfaced-skip .scratch/grill-round-67/handoffs/round-67-audit-closeout.md:18 single-segment POSIX root "/health" — surfaced-skip (cannot determine; not blocking)
[info] path-lint surfaced-skip .scratch/grill-round-67/handoffs/round-67-audit-closeout.md:18 single-segment POSIX root "/index" — surfaced-skip (cannot determine; not blocking)
[info] path-lint surfaced-skip .scratch/grill-round-67/handoffs/round-67-audit-closeout.md:50 single-segment POSIX root "/dev" — surfaced-skip (cannot determine; not blocking)
[info] path-lint surfaced-skip .scratch/grill-round-67/handoffs/round-67-audit-closeout.md:51 single-segment POSIX root "/session-start" — surfaced-skip (cannot determine; not blocking)
[info] path-lint surfaced-skip .scratch/grill-round-67/handoffs/round-67-closeout.md:41 single-segment POSIX root "/index" — surfaced-skip (cannot determine; not blocking)
[info] path-lint surfaced-skip .scratch/grill-round-67/q1-atomcode.md:70 single-segment POSIX root "/item." — surfaced-skip (cannot determine; not blocking)
[info] path-lint surfaced-skip .scratch/grill-round-67/q1-atomcode.md:70 single-segment POSIX root "/error" — surfaced-skip (cannot determine; not blocking)
[info] path-lint surfaced-skip .scratch/grill-round-67/q1-atomcode.md:72 single-segment POSIX root "/hooks" — surfaced-skip (cannot determine; not blocking)
[info] path-lint surfaced-skip .scratch/grill-round-67/q1-atomcode.md:95 single-segment POSIX root "/item." — surfaced-skip (cannot determine; not blocking)
[info] path-lint surfaced-skip .scratch/grill-round-67/q1-atomcode.md:95 single-segment POSIX root "/error" — surfaced-skip (cannot determine; not blocking)
[info] path-lint surfaced-skip .scratch/grill-round-67/q1-atomcode.md:97 single-segment POSIX root "/hooks" — surfaced-skip (cannot determine; not blocking)
[info] path-lint surfaced-skip .scratch/grill-round-67/q1-atomcode.md:127 single-segment POSIX root "/item." — surfaced-skip (cannot determine; not blocking)
[info] path-lint surfaced-skip .scratch/grill-round-67/q1-atomcode.md:127 single-segment POSIX root "/error" — surfaced-skip (cannot determine; not blocking)
[info] path-lint surfaced-skip .scratch/grill-round-67/q1-atomcode.md:129 single-segment POSIX root "/hooks" — surfaced-skip (cannot determine; not blocking)
[info] path-lint surfaced-skip .scratch/grill-round-67/q1-atomcode.md:159 single-segment POSIX root "/item." — surfaced-skip (cannot determine; not blocking)
[info] path-lint surfaced-skip .scratch/grill-round-67/q1-atomcode.md:159 single-segment POSIX root "/error" — surfaced-skip (cannot determine; not blocking)
[info] path-lint surfaced-skip .scratch/grill-round-67/q1-atomcode.md:161 single-segment POSIX root "/hooks" — surfaced-skip (cannot determine; not blocking)
[info] path-lint surfaced-skip .scratch/grill-round-67/q2-atomcode.md:78 single-segment POSIX root "/envelope" — surfaced-skip (cannot determine; not blocking)
[info] path-lint surfaced-skip .scratch/grill-round-67/q2-atomcode.md:78 single-segment POSIX root "/plain-text" — surfaced-skip (cannot determine; not blocking)
[info] path-lint surfaced-skip .scratch/grill-round-67/q2-atomcode.md:87 single-segment POSIX root "/envelope" — surfaced-skip (cannot determine; not blocking)
[info] path-lint surfaced-skip .scratch/grill-round-67/q2-atomcode.md:87 single-segment POSIX root "/plain-text" — surfaced-skip (cannot determine; not blocking)
[info] path-lint surfaced-skip .scratch/grill-round-67/q2-atomcode.md:152 single-segment POSIX root "/envelope" — surfaced-skip (cannot determine; not blocking)
[info] path-lint surfaced-skip .scratch/grill-round-67/q2-atomcode.md:152 single-segment POSIX root "/plain-text" — surfaced-skip (cannot determine; not blocking)
[info] path-lint surfaced-skip .scratch/grill-round-67/q2-atomcode.md:161 single-segment POSIX root "/envelope" — surfaced-skip (cannot determine; not blocking)
[info] path-lint surfaced-skip .scratch/grill-round-67/q2-atomcode.md:161 single-segment POSIX root "/plain-text" — surfaced-skip (cannot determine; not blocking)
[info] path-lint surfaced-skip .scratch/grill-round-67/reports/2026-09-17-report.md:67 single-segment POSIX root "/task" — surfaced-skip (cannot determine; not blocking)
[info] path-lint surfaced-skip .scratch/grill-round-67/reports/2026-09-17-report.md:67 single-segment POSIX root "/turbo" — surfaced-skip (cannot determine; not blocking)
[info] path-lint surfaced-skip .scratch/grill-round-67/reports/2026-09-17-report.md:67 single-segment POSIX root "/manifest" — surfaced-skip (cannot determine; not blocking)
[info] path-lint surfaced-skip .scratch/grill-round-67/reports/2026-09-17-report.md:67 single-segment POSIX root "/npm" — surfaced-skip (cannot determine; not blocking)
[info] path-lint surfaced-skip .scratch/grill-round-67/reports/2026-09-17-report.md:67 single-segment POSIX root "/memory-eval" — surfaced-skip (cannot determine; not blocking)
[info] path-lint surfaced-skip .scratch/grill-round-68/backups/t4/round-67-closeout.md:29 single-segment POSIX root "/index" — surfaced-skip (cannot determine; not blocking)
[info] path-lint surfaced-skip .scratch/grill-round-68/evidence/f17-sweep-ledger.md:25 single-segment POSIX root "/writeLedger" — surfaced-skip (cannot determine; not blocking)
[info] path-lint surfaced-skip .scratch/grill-round-68/evidence/t3-s0s1-probe.md:27 single-segment POSIX root "/session_id" — surfaced-skip (cannot determine; not blocking)
[info] path-lint surfaced-skip .scratch/grill-round-68/evidence/t3-s0s1-probe.md:27 single-segment POSIX root "/SessionStart" — surfaced-skip (cannot determine; not blocking)
[info] path-lint surfaced-skip .scratch/grill-round-68/evidence/t3-s0s1-probe.md:27 single-segment POSIX root "/variance" — surfaced-skip (cannot determine; not blocking)
[info] path-lint surfaced-skip .scratch/grill-round-68/evidence/t3-s2s3-verdict.md:37 single-segment POSIX root "/index" — surfaced-skip (cannot determine; not blocking)
[info] path-lint surfaced-skip .scratch/grill-round-68/evidence/t3-s2s3-verdict.md:64 single-segment POSIX root "/anysearch-pending.jsonl" — surfaced-skip (cannot determine; not blocking)
[info] path-lint surfaced-skip .scratch/grill-round-68/handoffs/next-round.md:48 single-segment POSIX root "/session_id" — surfaced-skip (cannot determine; not blocking)
[info] path-lint surfaced-skip .scratch/grill-round-68/handoffs/next-round.md:48 single-segment POSIX root "/SessionStart" — surfaced-skip (cannot determine; not blocking)
[info] path-lint surfaced-skip .scratch/grill-round-68/handoffs/next-round.md:48 single-segment POSIX root "/variance" — surfaced-skip (cannot determine; not blocking)
[info] path-lint surfaced-skip .scratch/grill-round-68/handoffs/round-68-audit-handoff.md:26 single-segment POSIX root "/deferred" — surfaced-skip (cannot determine; not blocking)
[info] path-lint surfaced-skip .scratch/grill-round-68/handoffs/round-68-audit-handoff.md:44 single-segment POSIX root "/F-01a" — surfaced-skip (cannot determine; not blocking)
[info] path-lint surfaced-skip .scratch/grill-round-68/handoffs/round-68-audit-handoff.md:44 single-segment POSIX root "/npm" — surfaced-skip (cannot determine; not blocking)
[info] path-lint surfaced-skip .scratch/grill-round-68/handoffs/round-68-audit-handoff.md:44 single-segment POSIX root "/provider" — surfaced-skip (cannot determine; not blocking)
[info] path-lint surfaced-skip .scratch/grill-round-68/handoffs/round-68-audit-handoff.md:44 single-segment POSIX root "/projectIndex" — surfaced-skip (cannot determine; not blocking)
[info] path-lint surfaced-skip .scratch/grill-round-68/handoffs/round-68-audit-handoff.md:44 single-segment POSIX root "/interactive" — surfaced-skip (cannot determine; not blocking)
[info] path-lint surfaced-skip .scratch/grill-round-68/handoffs/round-68-audit-handoff.md:44 single-segment POSIX root "/watch" — surfaced-skip (cannot determine; not blocking)
[info] path-lint surfaced-skip .scratch/grill-round-68/handoffs/round-68-closeout.md:10 single-segment POSIX root "/protojson" — surfaced-skip (cannot determine; not blocking)
[info] path-lint surfaced-skip .scratch/grill-round-68/handoffs/round-68-closeout.md:10 single-segment POSIX root "/injectSteps" — surfaced-skip (cannot determine; not blocking)
[info] path-lint surfaced-skip .scratch/grill-round-68/handoffs/round-68-closeout.md:56 single-segment POSIX root "/workspacePaths" — surfaced-skip (cannot determine; not blocking)
[info] path-lint surfaced-skip .scratch/grill-round-68/q2-atomcode.md:54 single-segment POSIX root "/check-runs" — surfaced-skip (cannot determine; not blocking)
[info] path-lint surfaced-skip .scratch/grill-round-68/q3-atomcode.md:36 single-segment POSIX root "/allow" — surfaced-skip (cannot determine; not blocking)
[info] path-lint surfaced-skip .scratch/grill-round-68/q3-atomcode.md:65 single-segment POSIX root "/headless" — surfaced-skip (cannot determine; not blocking)
[info] path-lint surfaced-skip .scratch/grill-round-68/q3-atomcode.md:99 single-segment POSIX root "/headless" — surfaced-skip (cannot determine; not blocking)
[info] path-lint surfaced-skip .scratch/grill-round-68/q3-atomcode.md:111 single-segment POSIX root "/allow" — surfaced-skip (cannot determine; not blocking)
[info] path-lint surfaced-skip .scratch/grill-round-68/reports/2026-09-17-report.md:74 single-segment POSIX root "/watch" — surfaced-skip (cannot determine; not blocking)
[info] path-lint surfaced-skip .scratch/grill-round-69/decision-ledger.md:9 single-segment POSIX root "/L-2" — surfaced-skip (cannot determine; not blocking)
[info] path-lint surfaced-skip .scratch/grill-round-69/decision-ledger.md:9 single-segment POSIX root "/F-S4" — surfaced-skip (cannot determine; not blocking)
[info] path-lint surfaced-skip .scratch/grill-round-69/decision-ledger.md:9 single-segment POSIX root "/ship-gate" — surfaced-skip (cannot determine; not blocking)
[info] path-lint surfaced-skip .scratch/grill-round-69/decision-ledger.md:36 single-segment POSIX root "/agent" — surfaced-skip (cannot determine; not blocking)
[info] path-lint surfaced-skip .scratch/grill-round-69/decision-ledger.md:36 single-segment POSIX root "/FUNDING" — surfaced-skip (cannot determine; not blocking)
[info] path-lint surfaced-skip .scratch/grill-round-69/goal.md:5 single-segment POSIX root "/README" — surfaced-skip (cannot determine; not blocking)
[info] path-lint surfaced-skip .scratch/grill-round-69/goal.md:13 single-segment POSIX root "/FUNDING" — surfaced-skip (cannot determine; not blocking)
[info] path-lint surfaced-skip .scratch/grill-round-69/handoffs/next-round.md:1 single-segment POSIX root "/README" — surfaced-skip (cannot determine; not blocking)
[info] path-lint surfaced-skip .scratch/grill-round-69/handoffs/next-round.md:104 single-segment POSIX root "/handoff" — surfaced-skip (cannot determine; not blocking)
[info] path-lint surfaced-skip .scratch/grill-round-69/handoffs/round-69-closeout.md:15 single-segment POSIX root "/pack" — surfaced-skip (cannot determine; not blocking)
[info] path-lint surfaced-skip .scratch/grill-round-69/q4-atomcode.md:5 single-segment POSIX root "/README" — surfaced-skip (cannot determine; not blocking)
[info] path-lint surfaced-skip .scratch/grill-round-69/q4-atomcode.md:5 single-segment POSIX root "/B" — surfaced-skip (cannot determine; not blocking)
[info] path-lint surfaced-skip .scratch/grill-round-69/q4-atomcode.md:5 single-segment POSIX root "/C" — surfaced-skip (cannot determine; not blocking)
[info] path-lint surfaced-skip .scratch/grill-round-69/q4-atomcode.md:37 single-segment POSIX root "/README" — surfaced-skip (cannot determine; not blocking)
[info] path-lint surfaced-skip .scratch/grill-round-69/q4-atomcode.md:37 single-segment POSIX root "/B" — surfaced-skip (cannot determine; not blocking)
[info] path-lint surfaced-skip .scratch/grill-round-69/q4-atomcode.md:37 single-segment POSIX root "/C" — surfaced-skip (cannot determine; not blocking)
[info] path-lint surfaced-skip .scratch/grill-round-69/q4-atomcode.md:120 single-segment POSIX root "/README" — surfaced-skip (cannot determine; not blocking)
[info] path-lint surfaced-skip .scratch/grill-round-69/q4-atomcode.md:120 single-segment POSIX root "/B" — surfaced-skip (cannot determine; not blocking)
[info] path-lint surfaced-skip .scratch/grill-round-69/q4-atomcode.md:120 single-segment POSIX root "/C" — surfaced-skip (cannot determine; not blocking)
[info] path-lint surfaced-skip .scratch/grill-round-69/reports/2026-09-18-audit-loop2.md:16 single-segment POSIX root "/ZH" — surfaced-skip (cannot determine; not blocking)
[info] path-lint surfaced-skip .scratch/grill-round-69/reports/2026-09-18-audit.md:9 single-segment POSIX root "/gh" — surfaced-skip (cannot determine; not blocking)
[info] path-lint surfaced-skip .scratch/grill-round-69/reports/2026-09-18-audit.md:35 single-segment POSIX root "/Design" — surfaced-skip (cannot determine; not blocking)
[info] path-lint surfaced-skip .scratch/grill-round-69/reports/2026-09-18-audit.md:41 single-segment POSIX root "/NOTICE" — surfaced-skip (cannot determine; not blocking)
[info] path-lint surfaced-skip .scratch/grill-round-70/decision-ledger.md:7 single-segment POSIX root "/C" — surfaced-skip (cannot determine; not blocking)
[info] path-lint surfaced-skip .scratch/grill-round-70/decision-ledger.md:8 single-segment POSIX root "/stale" — surfaced-skip (cannot determine; not blocking)
[info] path-lint surfaced-skip .scratch/grill-round-70/goal.md:24 single-segment POSIX root "/C" — surfaced-skip (cannot determine; not blocking)
[info] path-lint surfaced-skip .scratch/grill-round-70/handoffs/round-70-closeout.md:32 single-segment POSIX root "/F4" — surfaced-skip (cannot determine; not blocking)
[info] path-lint surfaced-skip .scratch/grill-round-70/handoffs/round-70-closeout.md:32 single-segment POSIX root "/F5" — surfaced-skip (cannot determine; not blocking)
[info] path-lint surfaced-skip .scratch/grill-round-70/handoffs/round-70-closeout.md:32 single-segment POSIX root "/F6" — surfaced-skip (cannot determine; not blocking)
[info] path-lint surfaced-skip .scratch/grill-round-70/reports/2026-09-18-audit.md:70 single-segment POSIX root "/goal" — surfaced-skip (cannot determine; not blocking)
[info] path-lint surfaced-skip .scratch/grill-round-70/reports/2026-09-18-report.md:21 single-segment POSIX root "/partial" — surfaced-skip (cannot determine; not blocking)
[info] path-lint surfaced-skip .scratch/grill-round-70/reports/2026-09-18-report.md:21 single-segment POSIX root "/never-appears" — surfaced-skip (cannot determine; not blocking)
[info] path-lint surfaced-skip .scratch/grill-round-70/reports/2026-09-18-report.md:63 single-segment POSIX root "/check-build" — surfaced-skip (cannot determine; not blocking)
[info] path-lint surfaced-skip .scratch/grill-round-70/reports/2026-09-18-report.md:63 single-segment POSIX root "/ship-gate" — surfaced-skip (cannot determine; not blocking)
[info] path-lint surfaced-skip .scratch/grill-round-71/decision-ledger.md:5 single-segment POSIX root "/macos-spillover-probe" — surfaced-skip (cannot determine; not blocking)
[info] path-lint surfaced-skip .scratch/grill-round-71/decision-ledger.md:5 single-segment POSIX root "/provider" — surfaced-skip (cannot determine; not blocking)
[info] path-lint surfaced-skip .scratch/grill-round-71/decision-ledger.md:6 single-segment POSIX root "/Stack" — surfaced-skip (cannot determine; not blocking)
[info] path-lint surfaced-skip .scratch/grill-round-71/decision-ledger.md:7 single-segment POSIX root "/backfill-vectors" — surfaced-skip (cannot determine; not blocking)
[info] path-lint surfaced-skip .scratch/grill-round-71/evidence/t1-embedding-spike.md:22 single-segment POSIX root "/node_modules" — surfaced-skip (cannot determine; not blocking)
[info] path-lint surfaced-skip .scratch/grill-round-71/goal.md:11 single-segment POSIX root "/T1" — surfaced-skip (cannot determine; not blocking)
[info] path-lint surfaced-skip .scratch/grill-round-71/goal.md:11 single-segment POSIX root "/T3" — surfaced-skip (cannot determine; not blocking)
[info] path-lint surfaced-skip .scratch/grill-round-71/handoffs/next-round.md:26 single-segment POSIX root "/Stack" — surfaced-skip (cannot determine; not blocking)
[info] path-lint surfaced-skip .scratch/grill-round-71/handoffs/round-71-closeout.md:25 single-segment POSIX root "/macos" — surfaced-skip (cannot determine; not blocking)
[info] path-lint surfaced-skip .scratch/grill-round-71/handoffs/round-71-closeout.md:25 single-segment POSIX root "/provider" — surfaced-skip (cannot determine; not blocking)
[info] path-lint surfaced-skip .scratch/grill-round-71/handoffs/round-71-closeout.md:25 single-segment POSIX root "/deferred" — surfaced-skip (cannot determine; not blocking)
[info] path-lint surfaced-skip .scratch/grill-round-71/reports/2026-09-19-audit.md:34 single-segment POSIX root "/node_modules" — surfaced-skip (cannot determine; not blocking)
[info] path-lint surfaced-skip .scratch/grill-round-71/reports/2026-09-19-audit.md:99 single-segment POSIX root "/literal" — surfaced-skip (cannot determine; not blocking)
[info] path-lint surfaced-skip .scratch/grill-round-71/reports/2026-09-19-report.md:28 single-segment POSIX root "/proxy" — surfaced-skip (cannot determine; not blocking)
[info] path-lint surfaced-skip .scratch/grill-round-72/decision-ledger.md:5 single-segment POSIX root "/macos" — surfaced-skip (cannot determine; not blocking)
[info] path-lint surfaced-skip .scratch/grill-round-72/decision-ledger.md:5 single-segment POSIX root "/transformers" — surfaced-skip (cannot determine; not blocking)
[info] path-lint surfaced-skip .scratch/grill-round-72/decision-ledger.md:5 single-segment POSIX root "/r71-audit" — surfaced-skip (cannot determine; not blocking)
[info] path-lint surfaced-skip .scratch/grill-round-72/decision-ledger.md:8 single-segment POSIX root "/tarball" — surfaced-skip (cannot determine; not blocking)
[info] path-lint surfaced-skip .scratch/grill-round-72/goal.md:9 single-segment POSIX root "/URL" — surfaced-skip (cannot determine; not blocking)
[info] path-lint surfaced-skip .scratch/grill-round-72/goal.md:16 single-segment POSIX root "/guard" — surfaced-skip (cannot determine; not blocking)
[info] path-lint surfaced-skip .scratch/grill-round-72/handoffs/next-round.md:38 single-segment POSIX root "/systemPrompt" — surfaced-skip (cannot determine; not blocking)
[info] path-lint surfaced-skip .scratch/grill-round-72/handoffs/next-round.md:58 single-segment POSIX root "/MCP" — surfaced-skip (cannot determine; not blocking)
[info] path-lint surfaced-skip .scratch/grill-round-72/handoffs/next-round.md:92 single-segment POSIX root "/macos-spillover-probe" — surfaced-skip (cannot determine; not blocking)
[info] path-lint surfaced-skip .scratch/grill-round-72/handoffs/next-round.md:92 single-segment POSIX root "/transformers" — surfaced-skip (cannot determine; not blocking)
[info] path-lint surfaced-skip .scratch/grill-round-72/handoffs/next-round.md:92 single-segment POSIX root "/F3" — surfaced-skip (cannot determine; not blocking)
[info] path-lint surfaced-skip .scratch/grill-round-72/handoffs/next-round.md:92 single-segment POSIX root "/r71-audit" — surfaced-skip (cannot determine; not blocking)
[info] path-lint surfaced-skip .scratch/grill-round-72/handoffs/round-72-audit-handoff.md:7 single-segment POSIX root "/index" — surfaced-skip (cannot determine; not blocking)
[info] path-lint surfaced-skip .scratch/grill-round-72/handoffs/round-72-audit-handoff.md:33 single-segment POSIX root "/overrides" — surfaced-skip (cannot determine; not blocking)
[info] path-lint surfaced-skip .scratch/grill-round-72/handoffs/round-72-closeout.md:21 single-segment POSIX root "/dump-config" — surfaced-skip (cannot determine; not blocking)
[info] path-lint surfaced-skip .scratch/grill-round-72/handoffs/round-72-closeout.md:21 single-segment POSIX root "/duplicate-insert" — surfaced-skip (cannot determine; not blocking)
[info] path-lint surfaced-skip .scratch/grill-round-72/handoffs/round-72-closeout.md:21 single-segment POSIX root "/phase1" — surfaced-skip (cannot determine; not blocking)
[info] path-lint surfaced-skip .scratch/grill-round-72/q1-atomcode.md:23 single-segment POSIX root "/RAG" — surfaced-skip (cannot determine; not blocking)
[info] path-lint surfaced-skip .scratch/grill-round-72/q1-atomcode.md:39 single-segment POSIX root "/RAG" — surfaced-skip (cannot determine; not blocking)
[info] path-lint surfaced-skip .scratch/grill-round-72/q1-atomcode.md:54 single-segment POSIX root "/systemPrompt" — surfaced-skip (cannot determine; not blocking)
[info] path-lint surfaced-skip .scratch/grill-round-72/reports/2026-09-19-audit.md:18 single-segment POSIX root "/index" — surfaced-skip (cannot determine; not blocking)
[info] path-lint surfaced-skip .scratch/grill-round-72/reports/2026-09-19-audit.md:18 single-segment POSIX root "/policy" — surfaced-skip (cannot determine; not blocking)
[info] path-lint surfaced-skip .scratch/grill-round-72/reports/2026-09-19-audit.md:18 single-segment POSIX root "/recall" — surfaced-skip (cannot determine; not blocking)
[info] path-lint surfaced-skip .scratch/grill-round-72/reports/2026-09-19-audit.md:18 single-segment POSIX root "/index" — surfaced-skip (cannot determine; not blocking)
[info] path-lint surfaced-skip .scratch/grill-round-72/reports/2026-09-19-audit.md:20 single-segment POSIX root "/cordis.patch.yml" — surfaced-skip (cannot determine; not blocking)
[info] path-lint surfaced-skip .scratch/grill-round-72/reports/2026-09-19-audit.md:29 single-segment POSIX root "/devDep" — surfaced-skip (cannot determine; not blocking)
[info] path-lint surfaced-skip .scratch/grill-round-72/reports/2026-09-19-audit.md:29 single-segment POSIX root "/keywords" — surfaced-skip (cannot determine; not blocking)
[info] path-lint surfaced-skip .scratch/grill-round-72/reports/2026-09-19-audit.md:36 single-segment POSIX root "/index" — surfaced-skip (cannot determine; not blocking)
[info] path-lint surfaced-skip .scratch/grill-round-72/reports/2026-09-19-audit.md:36 single-segment POSIX root "/index" — surfaced-skip (cannot determine; not blocking)
[info] path-lint surfaced-skip .scratch/grill-round-72/reports/2026-09-19-audit.md:52 single-segment POSIX root "/npm" — surfaced-skip (cannot determine; not blocking)
[info] path-lint surfaced-skip .scratch/grill-round-72/reports/2026-09-19-audit.md:52 single-segment POSIX root "/web" — surfaced-skip (cannot determine; not blocking)
[info] path-lint surfaced-skip .scratch/grill-round-72/reports/2026-09-19-audit.md:52 single-segment POSIX root "/R71" — surfaced-skip (cannot determine; not blocking)
[info] path-lint surfaced-skip .scratch/grill-round-72/reports/2026-09-19-audit.md:56 single-segment POSIX root "/DB" — surfaced-skip (cannot determine; not blocking)
[info] path-lint surfaced-skip .scratch/grill-round-72/reports/2026-09-19-audit.md:71 single-segment POSIX root "/index" — surfaced-skip (cannot determine; not blocking)
[info] path-lint surfaced-skip .scratch/grill-round-72/reports/2026-09-19-audit.md:71 single-segment POSIX root "/listeners" — surfaced-skip (cannot determine; not blocking)
[info] path-lint surfaced-skip .scratch/grill-round-72/reports/2026-09-19-audit.md:77 single-segment POSIX root "/policy" — surfaced-skip (cannot determine; not blocking)
[info] path-lint surfaced-skip .scratch/grill-round-72/reports/2026-09-19-audit.md:77 single-segment POSIX root "/recall" — surfaced-skip (cannot determine; not blocking)
[info] path-lint surfaced-skip .scratch/grill-round-72/reports/2026-09-19-audit.md:88 single-segment POSIX root "/recall" — surfaced-skip (cannot determine; not blocking)
[info] path-lint surfaced-skip .scratch/grill-round-72/reports/2026-09-19-audit.md:88 single-segment POSIX root "/index" — surfaced-skip (cannot determine; not blocking)
[info] path-lint surfaced-skip .scratch/grill-round-72/reports/2026-09-19-audit.md:94 single-segment POSIX root "/cosmetic" — surfaced-skip (cannot determine; not blocking)
[info] path-lint surfaced-skip .scratch/grill-round-72/reports/2026-09-19-audit.md:110 single-segment POSIX root "/recall" — surfaced-skip (cannot determine; not blocking)
[info] path-lint surfaced-skip .scratch/grill-round-72/reports/2026-09-19-audit.md:110 single-segment POSIX root "/index" — surfaced-skip (cannot determine; not blocking)
[info] path-lint surfaced-skip .scratch/grill-round-72/reports/2026-09-19-audit.md:111 single-segment POSIX root "/test" — surfaced-skip (cannot determine; not blocking)
[info] path-lint surfaced-skip .scratch/grill-round-72/reports/2026-09-19-report.md:38 single-segment POSIX root "/index" — surfaced-skip (cannot determine; not blocking)
[info] path-lint surfaced-skip .scratch/grill-round-72/reports/2026-09-19-report.md:42 single-segment POSIX root "/policy" — surfaced-skip (cannot determine; not blocking)
[info] path-lint surfaced-skip .scratch/grill-round-72/reports/2026-09-19-report.md:42 single-segment POSIX root "/recall" — surfaced-skip (cannot determine; not blocking)
[info] path-lint surfaced-skip .scratch/grill-round-72/reports/2026-09-19-report.md:42 single-segment POSIX root "/index" — surfaced-skip (cannot determine; not blocking)
[info] path-lint surfaced-skip .scratch/grill-round-72/reports/2026-09-19-report.md:42 single-segment POSIX root "/recall" — surfaced-skip (cannot determine; not blocking)
[info] path-lint surfaced-skip .scratch/grill-round-72/reports/2026-09-19-report.md:42 single-segment POSIX root "/index" — surfaced-skip (cannot determine; not blocking)
[info] path-lint surfaced-skip .scratch/grill-round-73/decision-ledger.md:5 single-segment POSIX root "/web" — surfaced-skip (cannot determine; not blocking)
[info] path-lint surfaced-skip .scratch/grill-round-73/decision-ledger.md:5 single-segment POSIX root "/R71" — surfaced-skip (cannot determine; not blocking)
[info] path-lint surfaced-skip .scratch/grill-round-73/decision-ledger.md:6 single-segment POSIX root "/pin" — surfaced-skip (cannot determine; not blocking)
[info] path-lint surfaced-skip .scratch/grill-round-73/decision-ledger.md:6 single-segment POSIX root "/spec" — surfaced-skip (cannot determine; not blocking)
[info] path-lint surfaced-skip .scratch/grill-round-73/decision-ledger.md:10 single-segment POSIX root "/payload" — surfaced-skip (cannot determine; not blocking)
[info] path-lint surfaced-skip .scratch/grill-round-73/decision-ledger.md:11 single-segment POSIX root "/regen" — surfaced-skip (cannot determine; not blocking)
[info] path-lint surfaced-skip .scratch/grill-round-73/decision-ledger.md:11 single-segment POSIX root "/handoff" — surfaced-skip (cannot determine; not blocking)
[info] path-lint surfaced-skip .scratch/grill-round-73/handoffs/next-round.md:79 single-segment POSIX root "/worktree" — surfaced-skip (cannot determine; not blocking)
[info] path-lint surfaced-skip .scratch/grill-round-73/q2-atomcode.md:15 single-segment POSIX root "/lockfile" — surfaced-skip (cannot determine; not blocking)
[info] path-lint surfaced-skip .scratch/grill-round-73/q2-atomcode.md:59 single-segment POSIX root "/graphql-tools" — surfaced-skip (cannot determine; not blocking)
[info] path-lint surfaced-skip .scratch/grill-round-73/q2-atomcode.md:74 single-segment POSIX root "/regen" — surfaced-skip (cannot determine; not blocking)
[info] path-lint surfaced-skip .scratch/grill-round-73/q2-atomcode.md:91 single-segment POSIX root "/regen" — surfaced-skip (cannot determine; not blocking)
[info] path-lint surfaced-skip .scratch/grill-round-73/reports/2026-09-19-audit.md:29 single-segment POSIX root "/ship-gate" — surfaced-skip (cannot determine; not blocking)
[info] path-lint surfaced-skip .scratch/grill-round-73/reports/2026-09-19-audit.md:29 single-segment POSIX root "/native-smoke" — surfaced-skip (cannot determine; not blocking)
[info] path-lint surfaced-skip .scratch/grill-round-73/reports/2026-09-19-audit.md:29 single-segment POSIX root "/ship-gate" — surfaced-skip (cannot determine; not blocking)
[info] path-lint surfaced-skip .scratch/grill-round-73/reports/2026-09-19-audit.md:29 single-segment POSIX root "/native-smoke" — surfaced-skip (cannot determine; not blocking)
[info] path-lint surfaced-skip .scratch/grill-round-73/reports/2026-09-19-audit.md:29 single-segment POSIX root "/ship-gate" — surfaced-skip (cannot determine; not blocking)
[info] path-lint surfaced-skip .scratch/grill-round-73/reports/2026-09-19-audit.md:29 single-segment POSIX root "/native-smoke" — surfaced-skip (cannot determine; not blocking)
[info] path-lint surfaced-skip .scratch/grill-round-73/reports/2026-09-19-audit.md:83 single-segment POSIX root "/closeout" — surfaced-skip (cannot determine; not blocking)
[info] path-lint surfaced-skip .scratch/grill-round-73/reports/2026-09-19-audit.md:129 single-segment POSIX root "/closeout" — surfaced-skip (cannot determine; not blocking)
[info] path-lint surfaced-skip .scratch/grill-round-73/reports/2026-09-19-report.md:21 single-segment POSIX root "/payload" — surfaced-skip (cannot determine; not blocking)
[info] path-lint surfaced-skip .scratch/grill-round-73/reports/2026-09-19-report.md:41 single-segment POSIX root "/alpha.2" — surfaced-skip (cannot determine; not blocking)
[info] path-lint surfaced-skip .scratch/grill-round-73/reports/2026-09-19-report.md:41 single-segment POSIX root "/CI" — surfaced-skip (cannot determine; not blocking)
[info] path-lint surfaced-skip .scratch/grill-round-73/reports/2026-09-19-report.md:41 single-segment POSIX root "/release" — surfaced-skip (cannot determine; not blocking)
[info] path-lint surfaced-skip .scratch/grill-round-73/reports/2026-09-19-report.md:42 single-segment POSIX root "/PENDING" — surfaced-skip (cannot determine; not blocking)
[info] path-lint surfaced-skip .scratch/grill-round-74/decision-ledger.md:6 single-segment POSIX root "/FTS" — surfaced-skip (cannot determine; not blocking)
[info] path-lint surfaced-skip .scratch/grill-round-74/decision-ledger.md:6 single-segment POSIX root "/Phase7" — surfaced-skip (cannot determine; not blocking)
[info] path-lint surfaced-skip .scratch/grill-round-74/decision-ledger.md:6 single-segment POSIX root "/Phase9" — surfaced-skip (cannot determine; not blocking)
[info] path-lint surfaced-skip .scratch/grill-round-74/decision-ledger.md:7 single-segment POSIX root "/width" — surfaced-skip (cannot determine; not blocking)
[info] path-lint surfaced-skip .scratch/grill-round-74/decision-ledger.md:8 single-segment POSIX root "/Status" — surfaced-skip (cannot determine; not blocking)
[info] path-lint surfaced-skip .scratch/grill-round-74/decision-ledger.md:8 single-segment POSIX root "/fail-open" — surfaced-skip (cannot determine; not blocking)
[info] path-lint surfaced-skip .scratch/grill-round-74/decision-ledger.md:9 single-segment POSIX root "/GitHub" — surfaced-skip (cannot determine; not blocking)
[info] path-lint surfaced-skip .scratch/grill-round-74/decision-ledger.md:10 single-segment POSIX root "/Mermaid" — surfaced-skip (cannot determine; not blocking)
[info] path-lint surfaced-skip .scratch/grill-round-74/evidence/t1-render-verification.md:10 single-segment POSIX root "/alt" — surfaced-skip (cannot determine; not blocking)
[info] path-lint surfaced-skip .scratch/grill-round-74/evidence/t1-render-verification.md:13 single-segment POSIX root "/CSS" — surfaced-skip (cannot determine; not blocking)
[info] path-lint surfaced-skip .scratch/grill-round-74/goal.md:16 single-segment POSIX root "/Mermaid" — surfaced-skip (cannot determine; not blocking)
[info] path-lint surfaced-skip .scratch/grill-round-74/goal.md:21 single-segment POSIX root "/Phase7" — surfaced-skip (cannot determine; not blocking)
[info] path-lint surfaced-skip .scratch/grill-round-74/goal.md:21 single-segment POSIX root "/Phase9" — surfaced-skip (cannot determine; not blocking)
[info] path-lint surfaced-skip .scratch/grill-round-74/goal.md:25 single-segment POSIX root "/web" — surfaced-skip (cannot determine; not blocking)
[info] path-lint surfaced-skip .scratch/grill-round-74/handoffs/next-round.md:31 single-segment POSIX root "/GitHub" — surfaced-skip (cannot determine; not blocking)
[info] path-lint surfaced-skip .scratch/grill-round-74/handoffs/next-round.md:38 single-segment POSIX root "/Status" — surfaced-skip (cannot determine; not blocking)
[info] path-lint surfaced-skip .scratch/grill-round-74/handoffs/next-round.md:39 single-segment POSIX root "/link" — surfaced-skip (cannot determine; not blocking)
[info] path-lint surfaced-skip .scratch/grill-round-74/handoffs/next-round.md:50 single-segment POSIX root "/logo" — surfaced-skip (cannot determine; not blocking)
[info] path-lint surfaced-skip .scratch/grill-round-74/handoffs/next-round.md:50 single-segment POSIX root "/imagegen" — surfaced-skip (cannot determine; not blocking)
[info] path-lint surfaced-skip .scratch/grill-round-74/handoffs/round-74-audit-handoff.md:10 single-segment POSIX root "/cold" — surfaced-skip (cannot determine; not blocking)
[info] path-lint surfaced-skip .scratch/grill-round-74/handoffs/round-74-audit-handoff.md:10 single-segment POSIX root "/off-list" — surfaced-skip (cannot determine; not blocking)
[info] path-lint surfaced-skip .scratch/grill-round-74/handoffs/round-74-audit-handoff.md:10 single-segment POSIX root "/contrast" — surfaced-skip (cannot determine; not blocking)
[info] path-lint surfaced-skip .scratch/grill-round-74/handoffs/round-74-audit-rework.md:10 single-segment POSIX root "/claude" — surfaced-skip (cannot determine; not blocking)
[info] path-lint surfaced-skip .scratch/grill-round-74/handoffs/round-74-audit-rework.md:10 single-segment POSIX root "/codex" — surfaced-skip (cannot determine; not blocking)
[info] path-lint surfaced-skip .scratch/grill-round-74/handoffs/round-74-audit-rework.md:12 single-segment POSIX root "/scratch" — surfaced-skip (cannot determine; not blocking)
[info] path-lint surfaced-skip .scratch/grill-round-74/handoffs/round-74-closeout.md:12 single-segment POSIX root "/ans" — surfaced-skip (cannot determine; not blocking)
[info] path-lint surfaced-skip .scratch/grill-round-74/handoffs/round-74-closeout.md:14 single-segment POSIX root "/pathlint" — surfaced-skip (cannot determine; not blocking)
[info] path-lint surfaced-skip .scratch/grill-round-74/handoffs/round-74-closeout.md:14 single-segment POSIX root "/pack" — surfaced-skip (cannot determine; not blocking)
[info] path-lint surfaced-skip .scratch/grill-round-74/plan.md:38 single-segment POSIX root "/DB" — surfaced-skip (cannot determine; not blocking)
[info] path-lint surfaced-skip .scratch/grill-round-74/plan.md:56 single-segment POSIX root "/canonical" — surfaced-skip (cannot determine; not blocking)
[info] path-lint surfaced-skip .scratch/grill-round-74/plan.md:56 single-segment POSIX root "/badge" — surfaced-skip (cannot determine; not blocking)
[info] path-lint surfaced-skip .scratch/grill-round-74/plan.md:64 single-segment POSIX root "/fail-open" — surfaced-skip (cannot determine; not blocking)
[info] path-lint surfaced-skip .scratch/grill-round-74/plan.md:96 single-segment POSIX root "/fail-open" — surfaced-skip (cannot determine; not blocking)
[info] path-lint surfaced-skip .scratch/grill-round-74/plan.md:96 single-segment POSIX root "/abstain" — surfaced-skip (cannot determine; not blocking)
[info] path-lint surfaced-skip .scratch/grill-round-74/reports/2026-09-20-audit.md:21 single-segment POSIX root "/pathlint" — surfaced-skip (cannot determine; not blocking)
[info] path-lint surfaced-skip .scratch/grill-round-74/reports/2026-09-20-audit.md:21 single-segment POSIX root "/override" — surfaced-skip (cannot determine; not blocking)
[info] path-lint surfaced-skip .scratch/grill-round-74/reports/2026-09-20-audit.md:46 single-segment POSIX root "/Changed" — surfaced-skip (cannot determine; not blocking)
[info] path-lint surfaced-skip .scratch/grill-round-74/reports/2026-09-20-audit.md:46 single-segment POSIX root "/Deferred" — surfaced-skip (cannot determine; not blocking)
[info] path-lint surfaced-skip .scratch/grill-round-74/reports/2026-09-20-audit.md:65 single-segment POSIX root "/claude" — surfaced-skip (cannot determine; not blocking)
[info] path-lint surfaced-skip .scratch/grill-round-74/reports/2026-09-20-audit.md:65 single-segment POSIX root "/codex" — surfaced-skip (cannot determine; not blocking)
[info] path-lint surfaced-skip .scratch/grill-round-74/reports/2026-09-20-audit.md:85 single-segment POSIX root "/scratch" — surfaced-skip (cannot determine; not blocking)
[info] path-lint surfaced-skip .scratch/grill-round-74/reports/2026-09-20-report.md:15 single-segment POSIX root "/ans" — surfaced-skip (cannot determine; not blocking)
[info] path-lint surfaced-skip .scratch/grill-round-74/reports/2026-09-20-report.md:30 single-segment POSIX root "/Changed" — surfaced-skip (cannot determine; not blocking)
[info] path-lint surfaced-skip .scratch/grill-round-74/reports/2026-09-20-report.md:30 single-segment POSIX root "/Deferred" — surfaced-skip (cannot determine; not blocking)
[info] path-lint surfaced-skip .scratch/grill-round-74/reports/2026-09-20-report.md:59 single-segment POSIX root "/verdict" — surfaced-skip (cannot determine; not blocking)
[info] path-lint surfaced-skip .scratch/grill-round-74/reports/2026-09-20-report.md:59 single-segment POSIX root "/abstain" — surfaced-skip (cannot determine; not blocking)
[info] path-lint surfaced-skip .scratch/grill-round-74/reports/2026-09-20-report.md:79 single-segment POSIX root "/pathlint" — surfaced-skip (cannot determine; not blocking)
[info] path-lint surfaced-skip .scratch/grill-round-74/reports/2026-09-20-report.md:79 single-segment POSIX root "/pack" — surfaced-skip (cannot determine; not blocking)
[info] path-lint surfaced-skip .scratch/grill-round-75/decision-ledger.md:4 single-segment POSIX root "/handoff" — surfaced-skip (cannot determine; not blocking)
[info] path-lint surfaced-skip .scratch/grill-round-75/handoffs/next-round.md:46 single-segment POSIX root "/Node" — surfaced-skip (cannot determine; not blocking)
[info] path-lint surfaced-skip .scratch/grill-round-75/handoffs/round-75-audit.md:16 single-segment POSIX root "/b" — surfaced-skip (cannot determine; not blocking)
[info] path-lint surfaced-skip .scratch/grill-round-75/q2-atomcode.md:31 single-segment POSIX root "/HF" — surfaced-skip (cannot determine; not blocking)
[info] path-lint surfaced-skip .scratch/grill-round-75/q2-atomcode.md:31 single-segment POSIX root "/npm" — surfaced-skip (cannot determine; not blocking)
[info] path-lint surfaced-skip .scratch/grill-round-75/q2-atomcode.md:73 single-segment POSIX root "/HF" — surfaced-skip (cannot determine; not blocking)
[info] path-lint surfaced-skip .scratch/grill-round-75/q2-atomcode.md:73 single-segment POSIX root "/npm" — surfaced-skip (cannot determine; not blocking)
[info] path-lint surfaced-skip .scratch/grill-round-75/q2-atomcode.md:186 single-segment POSIX root "/HF" — surfaced-skip (cannot determine; not blocking)
[info] path-lint surfaced-skip .scratch/grill-round-75/q2-atomcode.md:186 single-segment POSIX root "/npm" — surfaced-skip (cannot determine; not blocking)
[info] path-lint surfaced-skip .scratch/grill-round-75/q2-atomcode.md:207 single-segment POSIX root "/HF" — surfaced-skip (cannot determine; not blocking)
[info] path-lint surfaced-skip .scratch/grill-round-75/q2-atomcode.md:207 single-segment POSIX root "/npm" — surfaced-skip (cannot determine; not blocking)
[info] path-lint surfaced-skip .scratch/grill-round-75/q3-atomcode.md:77 single-segment POSIX root "/loader" — surfaced-skip (cannot determine; not blocking)
[info] path-lint surfaced-skip .scratch/grill-round-75/reports/2026-09-22-report.md:86 single-segment POSIX root "/updated" — surfaced-skip (cannot determine; not blocking)
[info] path-lint surfaced-skip .scratch/grill-round-76/decision-ledger.md:4 single-segment POSIX root "/handoff" — surfaced-skip (cannot determine; not blocking)
[info] path-lint surfaced-skip .scratch/grill-round-76/decision-ledger.md:23 single-segment POSIX root "/agent" — surfaced-skip (cannot determine; not blocking)
[info] path-lint surfaced-skip .scratch/grill-round-76/handoffs/round-76-audit.md:16 single-segment POSIX root "/pathlint" — surfaced-skip (cannot determine; not blocking)
[info] path-lint surfaced-skip .scratch/grill-round-76/handoffs/round-76-closeout.md:12 single-segment POSIX root "/LF" — surfaced-skip (cannot determine; not blocking)
[info] path-lint surfaced-skip .scratch/grill-round-76/handoffs/round-76-closeout.md:12 single-segment POSIX root "/regex" — surfaced-skip (cannot determine; not blocking)
[info] path-lint surfaced-skip .scratch/grill-round-76/handoffs/round-76-closeout.md:13 single-segment POSIX root "/prettier" — surfaced-skip (cannot determine; not blocking)
[info] path-lint surfaced-skip .scratch/grill-round-76/q2-atomcode.md:26 single-segment POSIX root "/tag" — surfaced-skip (cannot determine; not blocking)
[info] path-lint surfaced-skip .scratch/grill-round-76/q3-atomcode.md:30 single-segment POSIX root "/marker" — surfaced-skip (cannot determine; not blocking)
[info] path-lint surfaced-skip .scratch/grill-round-76/q3-atomcode.md:34 single-segment POSIX root "/agent" — surfaced-skip (cannot determine; not blocking)
[info] path-lint surfaced-skip .scratch/grill-round-76/reports/2026-09-22-audit.md:69 single-segment POSIX root "/closeout" — surfaced-skip (cannot determine; not blocking)
[info] path-lint surfaced-skip .scratch/grill-round-76/reports/2026-09-22-audit.md:76 single-segment POSIX root "/closeout" — surfaced-skip (cannot determine; not blocking)
[info] path-lint surfaced-skip .scratch/grill-round-76/reports/2026-09-22-audit.md:102 single-segment POSIX root "/LF" — surfaced-skip (cannot determine; not blocking)
[info] path-lint surfaced-skip .scratch/grill-round-76/reports/2026-09-22-audit.md:137 single-segment POSIX root "/pathlint" — surfaced-skip (cannot determine; not blocking)
[info] path-lint surfaced-skip .scratch/grill-round-76/reports/2026-09-22-report.md:72 single-segment POSIX root "/normalize" — surfaced-skip (cannot determine; not blocking)
[info] path-lint surfaced-skip .scratch/grill-round-77/decision-ledger.md:4 single-segment POSIX root "/handoff" — surfaced-skip (cannot determine; not blocking)
[info] path-lint surfaced-skip .scratch/grill-round-77/decision-ledger.md:9 single-segment POSIX root "/grill-round-" — surfaced-skip (cannot determine; not blocking)
[info] path-lint surfaced-skip .scratch/grill-round-77/decision-ledger.md:9 single-segment POSIX root "/coverage" — surfaced-skip (cannot determine; not blocking)
[info] path-lint surfaced-skip .scratch/grill-round-77/decision-ledger.md:30 single-segment POSIX root "/payload" — surfaced-skip (cannot determine; not blocking)
[info] path-lint surfaced-skip .scratch/grill-round-77/decision-ledger.md:30 single-segment POSIX root "/L2" — surfaced-skip (cannot determine; not blocking)
[info] path-lint surfaced-skip .scratch/grill-round-77/decision-ledger.md:37 single-segment POSIX root "/payload" — surfaced-skip (cannot determine; not blocking)
[info] path-lint surfaced-skip .scratch/grill-round-77/decision-ledger.md:37 single-segment POSIX root "/L2" — surfaced-skip (cannot determine; not blocking)
[info] path-lint surfaced-skip .scratch/grill-round-77/goal.md:15 single-segment POSIX root "/coverage" — surfaced-skip (cannot determine; not blocking)
[info] path-lint surfaced-skip .scratch/grill-round-77/goal.md:15 single-segment POSIX root "/canonical" — surfaced-skip (cannot determine; not blocking)
[info] path-lint surfaced-skip .scratch/grill-round-77/goal.md:15 single-segment POSIX root "/F-5" — surfaced-skip (cannot determine; not blocking)
[info] path-lint surfaced-skip .scratch/grill-round-77/goal.md:15 single-segment POSIX root "/F-6" — surfaced-skip (cannot determine; not blocking)
[info] path-lint surfaced-skip .scratch/grill-round-77/goal.md:21 single-segment POSIX root "/alpha" — surfaced-skip (cannot determine; not blocking)
[info] path-lint surfaced-skip .scratch/grill-round-77/handoffs/next-round.md:10 single-segment POSIX root "/payload" — surfaced-skip (cannot determine; not blocking)
[info] path-lint surfaced-skip .scratch/grill-round-77/handoffs/next-round.md:16 single-segment POSIX root "/payload" — surfaced-skip (cannot determine; not blocking)
[info] path-lint surfaced-skip .scratch/grill-round-77/handoffs/round-77-audit.md:29 single-segment POSIX root "/rc" — surfaced-skip (cannot determine; not blocking)
[info] path-lint surfaced-skip .scratch/grill-round-77/handoffs/round-77-closeout.md:6 single-segment POSIX root "/L1" — surfaced-skip (cannot determine; not blocking)
[info] path-lint surfaced-skip .scratch/grill-round-77/handoffs/round-77-closeout.md:6 single-segment POSIX root "/L2" — surfaced-skip (cannot determine; not blocking)
[info] path-lint surfaced-skip .scratch/grill-round-77/handoffs/round-77-closeout.md:11 single-segment POSIX root "/BEGIN-END" — surfaced-skip (cannot determine; not blocking)
[info] path-lint surfaced-skip .scratch/grill-round-77/reports/2026-09-22-audit.md:39 single-segment POSIX root "/BEGIN-END" — surfaced-skip (cannot determine; not blocking)
[info] path-lint surfaced-skip .scratch/grill-round-77/reports/2026-09-22-audit.md:50 single-segment POSIX root "/D3" — surfaced-skip (cannot determine; not blocking)
[info] path-lint surfaced-skip .scratch/grill-round-77/reports/2026-09-22-audit.md:50 single-segment POSIX root "/D4" — surfaced-skip (cannot determine; not blocking)
[info] path-lint surfaced-skip .scratch/grill-round-77/reports/2026-09-22-audit.md:50 single-segment POSIX root "/D6" — surfaced-skip (cannot determine; not blocking)
[info] path-lint surfaced-skip .scratch/grill-round-77/reports/2026-09-22-audit.md:52 single-segment POSIX root "/L2" — surfaced-skip (cannot determine; not blocking)
[info] path-lint surfaced-skip .scratch/grill-round-77/reports/2026-09-22-audit.md:73 single-segment POSIX root "/i" — surfaced-skip (cannot determine; not blocking)
[info] path-lint surfaced-skip .scratch/grill-round-77/reports/2026-09-22-audit.md:78 single-segment POSIX root "/rc" — surfaced-skip (cannot determine; not blocking)
[info] path-lint surfaced-skip .scratch/grill-round-78/decision-ledger.md:4 single-segment POSIX root "/handoff" — surfaced-skip (cannot determine; not blocking)
[info] path-lint surfaced-skip .scratch/grill-round-78/decision-ledger.md:14 single-segment POSIX root "/E2" — surfaced-skip (cannot determine; not blocking)
[info] path-lint surfaced-skip .scratch/grill-round-78/decision-ledger.md:14 single-segment POSIX root "/E4" — surfaced-skip (cannot determine; not blocking)
[info] path-lint surfaced-skip .scratch/grill-round-78/decision-ledger.md:21 single-segment POSIX root "/x" — surfaced-skip (cannot determine; not blocking)
[info] path-lint surfaced-skip .scratch/grill-round-78/decision-ledger.md:23 single-segment POSIX root "/x" — surfaced-skip (cannot determine; not blocking)
[info] path-lint surfaced-skip .scratch/grill-round-78/decision-ledger.md:23 single-segment POSIX root "/etc" — surfaced-skip (cannot determine; not blocking)
[info] path-lint surfaced-skip .scratch/grill-round-78/decision-ledger.md:23 single-segment POSIX root "/var" — surfaced-skip (cannot determine; not blocking)
[info] path-lint surfaced-skip .scratch/grill-round-78/decision-ledger.md:23 single-segment POSIX root "/mnt" — surfaced-skip (cannot determine; not blocking)
[info] path-lint surfaced-skip .scratch/grill-round-78/decision-ledger.md:24 single-segment POSIX root "/x" — surfaced-skip (cannot determine; not blocking)
[info] path-lint surfaced-skip .scratch/grill-round-78/decision-ledger.md:28 single-segment POSIX root "/fix" — surfaced-skip (cannot determine; not blocking)
[info] path-lint surfaced-skip .scratch/grill-round-78/decision-ledger.md:28 single-segment POSIX root "/chore" — surfaced-skip (cannot determine; not blocking)
[info] path-lint surfaced-skip .scratch/grill-round-78/decision-ledger.md:30 single-segment POSIX root "/lockfile" — surfaced-skip (cannot determine; not blocking)
[info] path-lint surfaced-skip .scratch/grill-round-78/decision-ledger.md:37 single-segment POSIX root "/L2" — surfaced-skip (cannot determine; not blocking)
[info] path-lint surfaced-skip .scratch/grill-round-78/evidence/t0-repin-matrix.md:48 single-segment POSIX root "/Agent" — surfaced-skip (cannot determine; not blocking)
[info] path-lint surfaced-skip .scratch/grill-round-78/evidence/t0-repin-matrix.md:48 single-segment POSIX root "/CI" — surfaced-skip (cannot determine; not blocking)
[info] path-lint surfaced-skip .scratch/grill-round-78/evidence/t1-warn-sweep.md:10 single-segment POSIX root "/x" — surfaced-skip (cannot determine; not blocking)
[info] path-lint surfaced-skip .scratch/grill-round-78/goal.md:9 single-segment POSIX root "/Users" — surfaced-skip (cannot determine; not blocking)
[info] path-lint surfaced-skip .scratch/grill-round-78/goal.md:9 single-segment POSIX root "/home" — surfaced-skip (cannot determine; not blocking)
[info] path-lint surfaced-skip .scratch/grill-round-78/goal.md:9 single-segment POSIX root "/tmp" — surfaced-skip (cannot determine; not blocking)
[info] path-lint surfaced-skip .scratch/grill-round-78/goal.md:14 single-segment POSIX root "/E2" — surfaced-skip (cannot determine; not blocking)
[info] path-lint surfaced-skip .scratch/grill-round-78/goal.md:14 single-segment POSIX root "/E3" — surfaced-skip (cannot determine; not blocking)
[info] path-lint surfaced-skip .scratch/grill-round-78/goal.md:14 single-segment POSIX root "/E4" — surfaced-skip (cannot determine; not blocking)
[info] path-lint surfaced-skip .scratch/grill-round-78/goal.md:14 single-segment POSIX root "/E7" — surfaced-skip (cannot determine; not blocking)
[info] path-lint surfaced-skip .scratch/grill-round-78/goal.md:15 single-segment POSIX root "/x" — surfaced-skip (cannot determine; not blocking)
[info] path-lint surfaced-skip .scratch/grill-round-78/handoffs/next-round.md:33 single-segment POSIX root "/fixture" — surfaced-skip (cannot determine; not blocking)
[info] path-lint surfaced-skip .scratch/grill-round-78/handoffs/next-round.md:37 single-segment POSIX root "/x" — surfaced-skip (cannot determine; not blocking)
[info] path-lint surfaced-skip .scratch/grill-round-78/handoffs/next-round.md:47 single-segment POSIX root "/baseline" — surfaced-skip (cannot determine; not blocking)
[info] path-lint surfaced-skip .scratch/grill-round-78/handoffs/round-78-audit.md:13 single-segment POSIX root "/pack" — surfaced-skip (cannot determine; not blocking)
[info] path-lint surfaced-skip .scratch/grill-round-78/handoffs/round-78-audit.md:25 single-segment POSIX root "/x" — surfaced-skip (cannot determine; not blocking)
[info] path-lint surfaced-skip .scratch/grill-round-78/handoffs/round-78-audit.md:32 single-segment POSIX root "/E5" — surfaced-skip (cannot determine; not blocking)
[info] path-lint surfaced-skip .scratch/grill-round-78/handoffs/round-78-audit.md:32 single-segment POSIX root "/E6" — surfaced-skip (cannot determine; not blocking)
[info] path-lint surfaced-skip .scratch/grill-round-78/handoffs/round-78-audit.md:32 single-segment POSIX root "/E7" — surfaced-skip (cannot determine; not blocking)
[info] path-lint surfaced-skip .scratch/grill-round-78/handoffs/round-78-audit.md:33 single-segment POSIX root "/lock" — surfaced-skip (cannot determine; not blocking)
[info] path-lint surfaced-skip .scratch/grill-round-78/handoffs/round-78-audit.md:54 single-segment POSIX root "/AppData" — surfaced-skip (cannot determine; not blocking)
[info] path-lint surfaced-skip .scratch/grill-round-78/handoffs/round-78-closeout.md:11 single-segment POSIX root "/x" — surfaced-skip (cannot determine; not blocking)
[info] path-lint surfaced-skip .scratch/grill-round-78/handoffs/round-79-next.md:28 single-segment POSIX root "/x" — surfaced-skip (cannot determine; not blocking)
[info] path-lint surfaced-skip .scratch/grill-round-78/q2-atomcode.md:123 single-segment POSIX root "/registry" — surfaced-skip (cannot determine; not blocking)
[info] path-lint surfaced-skip .scratch/grill-round-78/q3-atomcode.md:52 single-segment POSIX root "/ratchet" — surfaced-skip (cannot determine; not blocking)
[info] path-lint surfaced-skip .scratch/grill-round-78/q3-atomcode.md:94 single-segment POSIX root "/x" — surfaced-skip (cannot determine; not blocking)
[info] path-lint surfaced-skip .scratch/grill-round-78/q3-atomcode.md:99 single-segment POSIX root "/x" — surfaced-skip (cannot determine; not blocking)
[info] path-lint surfaced-skip .scratch/grill-round-78/q3-atomcode.md:105 single-segment POSIX root "/x" — surfaced-skip (cannot determine; not blocking)
[info] path-lint surfaced-skip .scratch/grill-round-78/q3-atomcode.md:112 single-segment POSIX root "/x" — surfaced-skip (cannot determine; not blocking)
[info] path-lint surfaced-skip .scratch/grill-round-78/q3-atomcode.md:112 single-segment POSIX root "/x" — surfaced-skip (cannot determine; not blocking)
[info] path-lint surfaced-skip .scratch/grill-round-78/q4-atomcode.md:100 single-segment POSIX root "/atomic-commit.md" — surfaced-skip (cannot determine; not blocking)
[info] path-lint surfaced-skip .scratch/grill-round-78/reports/2026-09-22-report.md:31 single-segment POSIX root "/x" — surfaced-skip (cannot determine; not blocking)
[info] path-lint surfaced-skip .scratch/grill-round-79/decision-ledger.md:4 single-segment POSIX root "/handoff" — surfaced-skip (cannot determine; not blocking)
[info] path-lint surfaced-skip .scratch/grill-round-79/decision-ledger.md:7 single-segment POSIX root "/x" — surfaced-skip (cannot determine; not blocking)
[info] path-lint surfaced-skip .scratch/grill-round-79/decision-ledger.md:9 single-segment POSIX root "/x" — surfaced-skip (cannot determine; not blocking)
[info] path-lint surfaced-skip .scratch/grill-round-79/decision-ledger.md:14 single-segment POSIX root "/x" — surfaced-skip (cannot determine; not blocking)
[info] path-lint surfaced-skip .scratch/grill-round-79/decision-ledger.md:16 single-segment POSIX root "/locator" — surfaced-skip (cannot determine; not blocking)
[info] path-lint surfaced-skip .scratch/grill-round-79/decision-ledger.md:16 single-segment POSIX root "/x" — surfaced-skip (cannot determine; not blocking)
[info] path-lint surfaced-skip .scratch/grill-round-79/decision-ledger.md:16 single-segment POSIX root "/locator" — surfaced-skip (cannot determine; not blocking)
[info] path-lint surfaced-skip .scratch/grill-round-79/decision-ledger.md:16 single-segment POSIX root "/fence" — surfaced-skip (cannot determine; not blocking)
[info] path-lint surfaced-skip .scratch/grill-round-79/decision-ledger.md:16 single-segment POSIX root "/x" — surfaced-skip (cannot determine; not blocking)
[info] path-lint surfaced-skip .scratch/grill-round-79/decision-ledger.md:21 single-segment POSIX root "/x" — surfaced-skip (cannot determine; not blocking)
[info] path-lint surfaced-skip .scratch/grill-round-79/decision-ledger.md:23 single-segment POSIX root "/x" — surfaced-skip (cannot determine; not blocking)
[info] path-lint surfaced-skip .scratch/grill-round-79/decision-ledger.md:23 single-segment POSIX root "/x" — surfaced-skip (cannot determine; not blocking)
[info] path-lint surfaced-skip .scratch/grill-round-79/decision-ledger.md:30 single-segment POSIX root "/x" — surfaced-skip (cannot determine; not blocking)
[info] path-lint surfaced-skip .scratch/grill-round-79/decision-ledger.md:30 single-segment POSIX root "/x" — surfaced-skip (cannot determine; not blocking)
[info] path-lint surfaced-skip .scratch/grill-round-79/decision-ledger.md:30 single-segment POSIX root "/x" — surfaced-skip (cannot determine; not blocking)
[info] path-lint surfaced-skip .scratch/grill-round-79/decision-ledger.md:30 single-segment POSIX root "/watch" — surfaced-skip (cannot determine; not blocking)
[info] path-lint surfaced-skip .scratch/grill-round-79/evidence/t1-c1-red.md:1 single-segment POSIX root "/x" — surfaced-skip (cannot determine; not blocking)
[info] path-lint surfaced-skip .scratch/grill-round-79/evidence/t1-c1-red.md:21 single-segment POSIX root "/x" — surfaced-skip (cannot determine; not blocking)
[info] path-lint surfaced-skip .scratch/grill-round-79/evidence/t1-c1-red.md:22 single-segment POSIX root "/etc" — surfaced-skip (cannot determine; not blocking)
[info] path-lint surfaced-skip .scratch/grill-round-79/evidence/t1-c1-red.md:23 single-segment POSIX root "/x" — surfaced-skip (cannot determine; not blocking)
[info] path-lint surfaced-skip .scratch/grill-round-79/goal.md:7 single-segment POSIX root "/x" — surfaced-skip (cannot determine; not blocking)
[info] path-lint surfaced-skip .scratch/grill-round-79/handoffs/next-round.md:27 single-segment POSIX root "/x" — surfaced-skip (cannot determine; not blocking)
[info] path-lint surfaced-skip .scratch/grill-round-79/handoffs/next-round.md:27 single-segment POSIX root "/x" — surfaced-skip (cannot determine; not blocking)
[info] path-lint surfaced-skip .scratch/grill-round-79/handoffs/next-round.md:27 single-segment POSIX root "/x" — surfaced-skip (cannot determine; not blocking)
[info] path-lint surfaced-skip .scratch/grill-round-79/handoffs/next-round.md:29 single-segment POSIX root "/x" — surfaced-skip (cannot determine; not blocking)
[info] path-lint surfaced-skip .scratch/grill-round-79/handoffs/next-round.md:30 single-segment POSIX root "/x" — surfaced-skip (cannot determine; not blocking)
[info] path-lint surfaced-skip .scratch/grill-round-79/handoffs/next-round.md:30 single-segment POSIX root "/x" — surfaced-skip (cannot determine; not blocking)
[info] path-lint surfaced-skip .scratch/grill-round-79/handoffs/next-round.md:36 single-segment POSIX root "/stale-marker" — surfaced-skip (cannot determine; not blocking)
[info] path-lint surfaced-skip .scratch/grill-round-79/handoffs/round-79-audit-closeout.md:4 single-segment POSIX root "/x" — surfaced-skip (cannot determine; not blocking)
[info] path-lint surfaced-skip .scratch/grill-round-79/handoffs/round-79-audit.md:35 single-segment POSIX root "/D2" — surfaced-skip (cannot determine; not blocking)
[info] path-lint surfaced-skip .scratch/grill-round-79/handoffs/round-79-audit.md:35 single-segment POSIX root "/D3" — surfaced-skip (cannot determine; not blocking)
[info] path-lint surfaced-skip .scratch/grill-round-79/handoffs/round-79-audit.md:35 single-segment POSIX root "/D5" — surfaced-skip (cannot determine; not blocking)
[info] path-lint surfaced-skip .scratch/grill-round-79/handoffs/round-79-audit.md:35 single-segment POSIX root "/D6" — surfaced-skip (cannot determine; not blocking)
[info] path-lint surfaced-skip .scratch/grill-round-79/handoffs/round-79-audit.md:41 single-segment POSIX root "/x" — surfaced-skip (cannot determine; not blocking)
[info] path-lint surfaced-skip .scratch/grill-round-79/handoffs/round-79-audit.md:41 single-segment POSIX root "/etc" — surfaced-skip (cannot determine; not blocking)
[info] path-lint surfaced-skip .scratch/grill-round-79/handoffs/round-79-audit.md:48 single-segment POSIX root "/x" — surfaced-skip (cannot determine; not blocking)
[info] path-lint surfaced-skip .scratch/grill-round-79/handoffs/round-79-audit.md:65 single-segment POSIX root "/red" — surfaced-skip (cannot determine; not blocking)
[info] path-lint surfaced-skip .scratch/grill-round-79/handoffs/round-79-closeout.md:4 single-segment POSIX root "/x" — surfaced-skip (cannot determine; not blocking)
[info] path-lint surfaced-skip .scratch/grill-round-79/handoffs/round-79-closeout.md:6 single-segment POSIX root "/x" — surfaced-skip (cannot determine; not blocking)
[info] path-lint surfaced-skip .scratch/grill-round-79/handoffs/round-79-closeout.md:11 single-segment POSIX root "/x" — surfaced-skip (cannot determine; not blocking)
[info] path-lint surfaced-skip .scratch/grill-round-79/handoffs/round-79-closeout.md:11 single-segment POSIX root "/x" — surfaced-skip (cannot determine; not blocking)
[info] path-lint surfaced-skip .scratch/grill-round-79/handoffs/round-79-closeout.md:28 single-segment POSIX root "/x" — surfaced-skip (cannot determine; not blocking)
[info] path-lint surfaced-skip .scratch/grill-round-79/handoffs/round-80-next.md:10 single-segment POSIX root "/x" — surfaced-skip (cannot determine; not blocking)
[info] path-lint surfaced-skip .scratch/grill-round-79/handoffs/round-80-next.md:29 single-segment POSIX root "/x" — surfaced-skip (cannot determine; not blocking)
[info] path-lint surfaced-skip .scratch/grill-round-79/q2-atomcode.md:32 single-segment POSIX root "/x" — surfaced-skip (cannot determine; not blocking)
[info] path-lint surfaced-skip .scratch/grill-round-79/q2-atomcode.md:45 single-segment POSIX root "/x" — surfaced-skip (cannot determine; not blocking)
[info] path-lint surfaced-skip .scratch/grill-round-79/q2-atomcode.md:60 single-segment POSIX root "/x" — surfaced-skip (cannot determine; not blocking)
[info] path-lint surfaced-skip .scratch/grill-round-79/q4-atomcode.md:46 single-segment POSIX root "/fixture" — surfaced-skip (cannot determine; not blocking)
[info] path-lint surfaced-skip .scratch/grill-round-79/reports/2026-09-23-report.md:5 single-segment POSIX root "/x" — surfaced-skip (cannot determine; not blocking)
[info] path-lint surfaced-skip .scratch/grill-round-79/reports/2026-09-23-report.md:21 single-segment POSIX root "/stale-marker" — surfaced-skip (cannot determine; not blocking)
[info] path-lint surfaced-skip .scratch/grill-round-79/reports/2026-09-23-report.md:39 single-segment POSIX root "/x" — surfaced-skip (cannot determine; not blocking)
[info] path-lint surfaced-skip .scratch/grill-round-79/reports/2026-09-23-report.md:39 single-segment POSIX root "/red" — surfaced-skip (cannot determine; not blocking)
[info] path-lint surfaced-skip .scratch/grill-round-79/reports/2026-09-23-report.md:39 single-segment POSIX root "/test" — surfaced-skip (cannot determine; not blocking)
[info] path-lint surfaced-skip .scratch/grill-round-80/decision-ledger.md:28 single-segment POSIX root "/lockfile" — surfaced-skip (cannot determine; not blocking)
[info] path-lint surfaced-skip .scratch/grill-round-80/decision-ledger.md:63 single-segment POSIX root "/rejected" — surfaced-skip (cannot determine; not blocking)
[info] path-lint surfaced-skip .scratch/grill-round-80/goal.md:18 single-segment POSIX root "/tag" — surfaced-skip (cannot determine; not blocking)
[info] path-lint surfaced-skip .scratch/grill-round-80/handoffs/next-round.md:3 single-segment POSIX root "/TP" — surfaced-skip (cannot determine; not blocking)
[info] path-lint surfaced-skip .scratch/grill-round-80/handoffs/next-round.md:29 single-segment POSIX root "/lockfile" — surfaced-skip (cannot determine; not blocking)
[info] path-lint surfaced-skip .scratch/grill-round-80/handoffs/next-round.md:35 single-segment POSIX root "/job" — surfaced-skip (cannot determine; not blocking)
[info] path-lint surfaced-skip .scratch/grill-round-80/handoffs/next-round.md:38 single-segment POSIX root "/TP" — surfaced-skip (cannot determine; not blocking)
[info] path-lint surfaced-skip .scratch/grill-round-80/handoffs/next-round.md:55 single-segment POSIX root "/C" — surfaced-skip (cannot determine; not blocking)
[info] path-lint surfaced-skip .scratch/grill-round-80/handoffs/next-round.md:55 single-segment POSIX root "/D" — surfaced-skip (cannot determine; not blocking)
[info] path-lint surfaced-skip .scratch/grill-round-80/handoffs/next-round.md:66 single-segment POSIX root "/T2" — surfaced-skip (cannot determine; not blocking)
[info] path-lint surfaced-skip .scratch/grill-round-80/handoffs/next-round.md:66 single-segment POSIX root "/T3" — surfaced-skip (cannot determine; not blocking)
[info] path-lint surfaced-skip .scratch/grill-round-80/handoffs/next-round.md:74 single-segment POSIX root "/trustLockfile" — surfaced-skip (cannot determine; not blocking)
[info] path-lint surfaced-skip .scratch/grill-round-80/handoffs/round-80-audit-signoff.md:26 single-segment POSIX root "/x" — surfaced-skip (cannot determine; not blocking)
[info] path-lint surfaced-skip .scratch/grill-round-80/handoffs/round-80-audit-signoff.md:30 single-segment POSIX root "/trustLockfile" — surfaced-skip (cannot determine; not blocking)
[info] path-lint surfaced-skip .scratch/grill-round-80/handoffs/round-80-closeout.md:4 single-segment POSIX root "/CONTEXT" — surfaced-skip (cannot determine; not blocking)
[info] path-lint surfaced-skip .scratch/grill-round-80/handoffs/round-80-closeout.md:4 single-segment POSIX root "/round-80" — surfaced-skip (cannot determine; not blocking)
[info] path-lint surfaced-skip .scratch/grill-round-80/handoffs/round-80-closeout.md:31 single-segment POSIX root "/x" — surfaced-skip (cannot determine; not blocking)
[info] path-lint surfaced-skip .scratch/grill-round-80/q4-atomcode.md:21 single-segment POSIX root "/CHANGELOG" — surfaced-skip (cannot determine; not blocking)
[info] path-lint surfaced-skip .scratch/grill-round-80/reports/2026-09-23-audit.md:56 single-segment POSIX root "/handoff" — surfaced-skip (cannot determine; not blocking)
[info] path-lint surfaced-skip .scratch/grill-round-80/reports/2026-09-23-audit.md:56 single-segment POSIX root "/CHANGELOG" — surfaced-skip (cannot determine; not blocking)
[info] path-lint surfaced-skip .scratch/grill-round-80/reports/2026-09-23-audit.md:68 single-segment POSIX root "/T4.5" — surfaced-skip (cannot determine; not blocking)
[info] path-lint surfaced-skip .scratch/grill-round-80/reports/2026-09-23-report.md:29 single-segment POSIX root "/PR" — surfaced-skip (cannot determine; not blocking)
[info] path-lint surfaced-skip .scratch/grill-round-80/reports/2026-09-23-report.md:87 single-segment POSIX root "/exclude" — surfaced-skip (cannot determine; not blocking)
[info] path-lint surfaced-skip .scratch/grill-round-81/decision-ledger.md:31 single-segment POSIX root "/status" — surfaced-skip (cannot determine; not blocking)
[info] path-lint surfaced-skip .scratch/grill-round-81/decision-ledger.md:31 single-segment POSIX root "/CI" — surfaced-skip (cannot determine; not blocking)
[info] path-lint surfaced-skip .scratch/grill-round-81/decision-ledger.md:48 single-segment POSIX root "/TP" — surfaced-skip (cannot determine; not blocking)
[info] path-lint surfaced-skip .scratch/grill-round-81/evidence/release-interlude-1.md:24 single-segment POSIX root "/check-build" — surfaced-skip (cannot determine; not blocking)
[info] path-lint surfaced-skip .scratch/grill-round-81/evidence/t1a-recon-2026-09-24.md:27 single-segment POSIX root "/health" — surfaced-skip (cannot determine; not blocking)
[info] path-lint surfaced-skip .scratch/grill-round-81/evidence/t1b-claims-audit.md:20 single-segment POSIX root "/S-6" — surfaced-skip (cannot determine; not blocking)
[info] path-lint surfaced-skip .scratch/grill-round-81/evidence/t1b-claims-audit.md:33 single-segment POSIX root "/apex" — surfaced-skip (cannot determine; not blocking)
[info] path-lint surfaced-skip .scratch/grill-round-81/evidence/ti-r1-dualcell-transcript.md:77 single-segment POSIX root "/tmp" — surfaced-skip (cannot determine; not blocking)
[info] path-lint surfaced-skip .scratch/grill-round-81/handoffs/next-round-r82.md:7 single-segment POSIX root "/mcp" — surfaced-skip (cannot determine; not blocking)
[info] path-lint surfaced-skip .scratch/grill-round-81/handoffs/next-round-r82.md:25 single-segment POSIX root "/REST" — surfaced-skip (cannot determine; not blocking)
[info] path-lint surfaced-skip .scratch/grill-round-81/handoffs/next-round-r82.md:26 single-segment POSIX root "/mcp" — surfaced-skip (cannot determine; not blocking)
[info] path-lint surfaced-skip .scratch/grill-round-81/handoffs/next-round-r82.md:37 single-segment POSIX root "/mcp" — surfaced-skip (cannot determine; not blocking)
[info] path-lint surfaced-skip .scratch/grill-round-81/handoffs/next-round-r82.md:38 single-segment POSIX root "/SSE" — surfaced-skip (cannot determine; not blocking)
[info] path-lint surfaced-skip .scratch/grill-round-81/handoffs/next-round-r82.md:38 single-segment POSIX root "/structuredContent" — surfaced-skip (cannot determine; not blocking)
[info] path-lint surfaced-skip .scratch/grill-round-81/handoffs/next-round.md:3 single-segment POSIX root "/spike" — surfaced-skip (cannot determine; not blocking)
[info] path-lint surfaced-skip .scratch/grill-round-81/handoffs/next-round.md:3 single-segment POSIX root "/fake-ip" — surfaced-skip (cannot determine; not blocking)
[info] path-lint surfaced-skip .scratch/grill-round-81/handoffs/next-round.md:3 single-segment POSIX root "/MCP" — surfaced-skip (cannot determine; not blocking)
[info] path-lint surfaced-skip .scratch/grill-round-81/handoffs/next-round.md:3 single-segment POSIX root "/TP" — surfaced-skip (cannot determine; not blocking)
[info] path-lint surfaced-skip .scratch/grill-round-81/handoffs/next-round.md:42 single-segment POSIX root "/CDN" — surfaced-skip (cannot determine; not blocking)
[info] path-lint surfaced-skip .scratch/grill-round-81/handoffs/next-round.md:71 single-segment POSIX root "/staged" — surfaced-skip (cannot determine; not blocking)
[info] path-lint surfaced-skip .scratch/grill-round-81/handoffs/next-round.md:86 single-segment POSIX root "/spike" — surfaced-skip (cannot determine; not blocking)
[info] path-lint surfaced-skip .scratch/grill-round-81/handoffs/round-81-closeout.md:6 single-segment POSIX root "/mcp" — surfaced-skip (cannot determine; not blocking)
[info] path-lint surfaced-skip .scratch/grill-round-81/handoffs/round-81-closeout.md:13 single-segment POSIX root "/health" — surfaced-skip (cannot determine; not blocking)
[info] path-lint surfaced-skip .scratch/grill-round-81/handoffs/round-81-closeout.md:14 single-segment POSIX root "/kernel" — surfaced-skip (cannot determine; not blocking)
[info] path-lint surfaced-skip .scratch/grill-round-81/handoffs/round-81-closeout.md:15 single-segment POSIX root "/E4" — surfaced-skip (cannot determine; not blocking)
[info] path-lint surfaced-skip .scratch/grill-round-81/handoffs/round-81-closeout.md:16 single-segment POSIX root "/mcp" — surfaced-skip (cannot determine; not blocking)
[info] path-lint surfaced-skip .scratch/grill-round-81/handoffs/round-81-closeout.md:17 single-segment POSIX root "/mcp" — surfaced-skip (cannot determine; not blocking)
[info] path-lint surfaced-skip .scratch/grill-round-81/handoffs/round-81-closeout.md:41 single-segment POSIX root "/mcp" — surfaced-skip (cannot determine; not blocking)
[info] path-lint surfaced-skip .scratch/grill-round-81/handoffs/round-81-closeout.md:41 single-segment POSIX root "/transport" — surfaced-skip (cannot determine; not blocking)
[info] path-lint surfaced-skip .scratch/grill-round-81/q3-atomcode.md:16 single-segment POSIX root "/memory" — surfaced-skip (cannot determine; not blocking)
[info] path-lint surfaced-skip .scratch/grill-round-81/q3-atomcode.md:40 single-segment POSIX root "/status" — surfaced-skip (cannot determine; not blocking)
[info] path-lint surfaced-skip .scratch/grill-round-81/q4-atomcode.md:8 single-segment POSIX root "/C2" — surfaced-skip (cannot determine; not blocking)
[info] path-lint surfaced-skip .scratch/grill-round-81/q4-atomcode.md:28 single-segment POSIX root "/TP" — surfaced-skip (cannot determine; not blocking)
[info] path-lint surfaced-skip .scratch/grill-round-81/q4-atomcode.md:41 single-segment POSIX root "/manifest" — surfaced-skip (cannot determine; not blocking)
[info] path-lint surfaced-skip .scratch/grill-round-81/q4-atomcode.md:42 single-segment POSIX root "/transcript" — surfaced-skip (cannot determine; not blocking)
[info] path-lint surfaced-skip .scratch/grill-round-81/reports/2026-09-24-audit.md:17 single-segment POSIX root "/freshness" — surfaced-skip (cannot determine; not blocking)
[info] path-lint surfaced-skip .scratch/grill-round-81/reports/2026-09-24-audit.md:25 single-segment POSIX root "/mcp" — surfaced-skip (cannot determine; not blocking)
[info] path-lint surfaced-skip .scratch/grill-round-81/reports/2026-09-24-audit.md:25 single-segment POSIX root "/health" — surfaced-skip (cannot determine; not blocking)
[info] path-lint surfaced-skip .scratch/grill-round-81/reports/2026-09-24-audit.md:25 single-segment POSIX root "/mcp" — surfaced-skip (cannot determine; not blocking)
[info] path-lint surfaced-skip .scratch/grill-round-81/reports/2026-09-24-audit.md:51 single-segment POSIX root "/ADR" — surfaced-skip (cannot determine; not blocking)
[info] path-lint surfaced-skip .scratch/grill-round-81/reports/2026-09-24-audit.md:51 single-segment POSIX root "/gitignore" — surfaced-skip (cannot determine; not blocking)
[info] path-lint surfaced-skip .scratch/grill-round-81/reports/2026-09-24-audit.md:51 single-segment POSIX root "/canonical" — surfaced-skip (cannot determine; not blocking)
[info] path-lint surfaced-skip .scratch/grill-round-81/reports/2026-09-24-report.md:10 single-segment POSIX root "/mcp" — surfaced-skip (cannot determine; not blocking)
[info] path-lint surfaced-skip .scratch/grill-round-81/reports/2026-09-24-report.md:11 single-segment POSIX root "/health" — surfaced-skip (cannot determine; not blocking)
[info] path-lint surfaced-skip .scratch/grill-round-81/reports/2026-09-24-report.md:11 single-segment POSIX root "/mcp" — surfaced-skip (cannot determine; not blocking)
[info] path-lint surfaced-skip .scratch/grill-round-81/reports/2026-09-24-report.md:26 single-segment POSIX root "/retriever" — surfaced-skip (cannot determine; not blocking)
[info] path-lint surfaced-skip .scratch/grill-round-81/reports/2026-09-24-report.md:62 single-segment POSIX root "/mcp" — surfaced-skip (cannot determine; not blocking)
[info] path-lint surfaced-skip .scratch/grill-round-81/reports/2026-09-24-report.md:62 single-segment POSIX root "/transport" — surfaced-skip (cannot determine; not blocking)
[info] path-lint surfaced-skip .scratch/grill-round-81/t3-diagnosis.md:12 single-segment POSIX root "/health" — surfaced-skip (cannot determine; not blocking)
[info] path-lint surfaced-skip .scratch/grill-round-81/t3-diagnosis.md:34 single-segment POSIX root "/mcp" — surfaced-skip (cannot determine; not blocking)
[info] path-lint surfaced-skip .scratch/grill-round-81/t3-diagnosis.md:35 single-segment POSIX root "/mcp" — surfaced-skip (cannot determine; not blocking)
[info] path-lint surfaced-skip .scratch/grill-round-81/t3-diagnosis.md:44 single-segment POSIX root "/mcp" — surfaced-skip (cannot determine; not blocking)
[info] path-lint surfaced-skip .scratch/grill-round-81/t3-diagnosis.md:45 single-segment POSIX root "/mcp" — surfaced-skip (cannot determine; not blocking)
[info] path-lint surfaced-skip .scratch/grill-round-81/t3-diagnosis.md:45 single-segment POSIX root "/SSE" — surfaced-skip (cannot determine; not blocking)
[info] path-lint surfaced-skip .scratch/grill-round-81/t3-diagnosis.md:51 single-segment POSIX root "/mcp" — surfaced-skip (cannot determine; not blocking)
[info] path-lint surfaced-skip .scratch/grill-round-82/decision-ledger.md:12 single-segment POSIX root "/R3" — surfaced-skip (cannot determine; not blocking)
[info] path-lint surfaced-skip .scratch/grill-round-82/decision-ledger.md:18 single-segment POSIX root "/env" — surfaced-skip (cannot determine; not blocking)
[info] path-lint surfaced-skip .scratch/grill-round-82/decision-ledger.md:18 single-segment POSIX root "/clamp" — surfaced-skip (cannot determine; not blocking)
[info] path-lint surfaced-skip .scratch/grill-round-82/decision-ledger.md:18 single-segment POSIX root "/live" — surfaced-skip (cannot determine; not blocking)
[info] path-lint surfaced-skip .scratch/grill-round-82/decision-ledger.md:18 single-segment POSIX root "/pnpm" — surfaced-skip (cannot determine; not blocking)
[info] path-lint surfaced-skip .scratch/grill-round-82/decision-ledger.md:18 single-segment POSIX root "/SDK" — surfaced-skip (cannot determine; not blocking)
[info] path-lint surfaced-skip .scratch/grill-round-82/decision-ledger.md:23 single-segment POSIX root "/mcp" — surfaced-skip (cannot determine; not blocking)
[info] path-lint surfaced-skip .scratch/grill-round-82/decision-ledger.md:49 single-segment POSIX root "/R5" — surfaced-skip (cannot determine; not blocking)
[info] path-lint surfaced-skip .scratch/grill-round-82/decision-ledger.md:50 single-segment POSIX root "/mcp" — surfaced-skip (cannot determine; not blocking)
[info] path-lint surfaced-skip .scratch/grill-round-82/decision-ledger.md:50 single-segment POSIX root "/R3" — surfaced-skip (cannot determine; not blocking)
[info] path-lint surfaced-skip .scratch/grill-round-82/decision-ledger.md:50 single-segment POSIX root "/session" — surfaced-skip (cannot determine; not blocking)
[info] path-lint surfaced-skip .scratch/grill-round-82/decision-ledger.md:50 single-segment POSIX root "/SSE" — surfaced-skip (cannot determine; not blocking)
[info] path-lint surfaced-skip .scratch/grill-round-82/decision-ledger.md:63 single-segment POSIX root "/dsh" — surfaced-skip (cannot determine; not blocking)
[info] path-lint surfaced-skip .scratch/grill-round-82/decision-ledger.md:63 single-segment POSIX root "/R2" — surfaced-skip (cannot determine; not blocking)
[info] path-lint surfaced-skip .scratch/grill-round-82/decision-ledger.md:63 single-segment POSIX root "/PR-1764" — surfaced-skip (cannot determine; not blocking)
[info] path-lint surfaced-skip .scratch/grill-round-82/evidence/t1-r3-predicates.md:7 single-segment POSIX root "/notify" — surfaced-skip (cannot determine; not blocking)
[info] path-lint surfaced-skip .scratch/grill-round-82/evidence/t1-wire-probes.md:1 single-segment POSIX root "/mcp" — surfaced-skip (cannot determine; not blocking)
[info] path-lint surfaced-skip .scratch/grill-round-82/handoffs/next-round-r83.md:7 single-segment POSIX root "/mcp" — surfaced-skip (cannot determine; not blocking)
[info] path-lint surfaced-skip .scratch/grill-round-82/handoffs/next-round.md:8 single-segment POSIX root "/mcp" — surfaced-skip (cannot determine; not blocking)
[info] path-lint surfaced-skip .scratch/grill-round-82/handoffs/next-round.md:29 single-segment POSIX root "/mcp" — surfaced-skip (cannot determine; not blocking)
[info] path-lint surfaced-skip .scratch/grill-round-82/handoffs/next-round.md:29 single-segment POSIX root "/SSE" — surfaced-skip (cannot determine; not blocking)
[info] path-lint surfaced-skip .scratch/grill-round-82/handoffs/next-round.md:29 single-segment POSIX root "/error" — surfaced-skip (cannot determine; not blocking)
[info] path-lint surfaced-skip .scratch/grill-round-82/handoffs/next-round.md:30 single-segment POSIX root "/Content-Type" — surfaced-skip (cannot determine; not blocking)
[info] path-lint surfaced-skip .scratch/grill-round-82/handoffs/next-round.md:31 single-segment POSIX root "/mcp" — surfaced-skip (cannot determine; not blocking)
[info] path-lint surfaced-skip .scratch/grill-round-82/handoffs/next-round.md:34 single-segment POSIX root "/session" — surfaced-skip (cannot determine; not blocking)
[info] path-lint surfaced-skip .scratch/grill-round-82/handoffs/next-round.md:34 single-segment POSIX root "/SSE" — surfaced-skip (cannot determine; not blocking)
[info] path-lint surfaced-skip .scratch/grill-round-82/handoffs/next-round.md:46 single-segment POSIX root "/L2" — surfaced-skip (cannot determine; not blocking)
[info] path-lint surfaced-skip .scratch/grill-round-82/handoffs/next-round.md:69 single-segment POSIX root "/dsh" — surfaced-skip (cannot determine; not blocking)
[info] path-lint surfaced-skip .scratch/grill-round-82/handoffs/next-round.md:69 single-segment POSIX root "/R2" — surfaced-skip (cannot determine; not blocking)
[info] path-lint surfaced-skip .scratch/grill-round-82/handoffs/next-round.md:81 single-segment POSIX root "/T2" — surfaced-skip (cannot determine; not blocking)
[info] path-lint surfaced-skip .scratch/grill-round-82/handoffs/next-round.md:86 single-segment POSIX root "/next-round-r83" — surfaced-skip (cannot determine; not blocking)
[info] path-lint surfaced-skip .scratch/grill-round-82/handoffs/round-82-audit-signoff.md:44 single-segment POSIX root "/mcp" — surfaced-skip (cannot determine; not blocking)
[info] path-lint surfaced-skip .scratch/grill-round-82/handoffs/round-82-closeout.md:6 single-segment POSIX root "/mcp" — surfaced-skip (cannot determine; not blocking)
[info] path-lint surfaced-skip .scratch/grill-round-82/handoffs/round-82-closeout.md:11 single-segment POSIX root "/MCP-Protocol-Version" — surfaced-skip (cannot determine; not blocking)
[info] path-lint surfaced-skip .scratch/grill-round-82/handoffs/round-82-closeout.md:11 single-segment POSIX root "/session-404" — surfaced-skip (cannot determine; not blocking)
[info] path-lint surfaced-skip .scratch/grill-round-82/handoffs/round-82-closeout.md:11 single-segment POSIX root "/eventsource-parser" — surfaced-skip (cannot determine; not blocking)
[info] path-lint surfaced-skip .scratch/grill-round-82/handoffs/round-82-closeout.md:11 single-segment POSIX root "/JSON-RPC" — surfaced-skip (cannot determine; not blocking)
[info] path-lint surfaced-skip .scratch/grill-round-82/handoffs/round-82-closeout.md:11 single-segment POSIX root "/mcp" — surfaced-skip (cannot determine; not blocking)
[info] path-lint surfaced-skip .scratch/grill-round-82/handoffs/round-82-closeout.md:13 single-segment POSIX root "/session-id" — surfaced-skip (cannot determine; not blocking)
[info] path-lint surfaced-skip .scratch/grill-round-82/handoffs/round-82-closeout.md:15 single-segment POSIX root "/SSE" — surfaced-skip (cannot determine; not blocking)
[info] path-lint surfaced-skip .scratch/grill-round-82/handoffs/round-82-closeout.md:15 single-segment POSIX root "/JSON-RPC" — surfaced-skip (cannot determine; not blocking)
[info] path-lint surfaced-skip .scratch/grill-round-82/handoffs/round-82-closeout.md:15 single-segment POSIX root "/session-id" — surfaced-skip (cannot determine; not blocking)
[info] path-lint surfaced-skip .scratch/grill-round-82/handoffs/round-82-closeout.md:19 single-segment POSIX root "/B" — surfaced-skip (cannot determine; not blocking)
[info] path-lint surfaced-skip .scratch/grill-round-82/handoffs/round-82-closeout.md:19 single-segment POSIX root "/C" — surfaced-skip (cannot determine; not blocking)
[info] path-lint surfaced-skip .scratch/grill-round-82/handoffs/round-82-closeout.md:39 single-segment POSIX root "/mcp" — surfaced-skip (cannot determine; not blocking)
[info] path-lint surfaced-skip .scratch/grill-round-82/issues/01-fix-r82-anysearch-mcp-migration.md:12 single-segment POSIX root "/Content-Type" — surfaced-skip (cannot determine; not blocking)
[info] path-lint surfaced-skip .scratch/grill-round-82/issues/01-fix-r82-anysearch-mcp-migration.md:13 single-segment POSIX root "/mcp" — surfaced-skip (cannot determine; not blocking)
[info] path-lint surfaced-skip .scratch/grill-round-82/issues/01-fix-r82-anysearch-mcp-migration.md:16 single-segment POSIX root "/session" — surfaced-skip (cannot determine; not blocking)
[info] path-lint surfaced-skip .scratch/grill-round-82/issues/01-fix-r82-anysearch-mcp-migration.md:16 single-segment POSIX root "/SSE" — surfaced-skip (cannot determine; not blocking)
[info] path-lint surfaced-skip .scratch/grill-round-82/issues/02-fix-r82-dsh-event-created-consumption.md:18 single-segment POSIX root "/L2" — surfaced-skip (cannot determine; not blocking)
[info] path-lint surfaced-skip .scratch/grill-round-82/q2-atomcode.md:19 single-segment POSIX root "/mcp" — surfaced-skip (cannot determine; not blocking)
[info] path-lint surfaced-skip .scratch/grill-round-82/q2-atomcode.md:19 single-segment POSIX root "/mcp" — surfaced-skip (cannot determine; not blocking)
[info] path-lint surfaced-skip .scratch/grill-round-82/q2-atomcode.md:35 single-segment POSIX root "/SSE" — surfaced-skip (cannot determine; not blocking)
[info] path-lint surfaced-skip .scratch/grill-round-82/q2-atomcode.md:35 single-segment POSIX root "/Protocol-Version" — surfaced-skip (cannot determine; not blocking)
[info] path-lint surfaced-skip .scratch/grill-round-82/q2-atomcode.md:44 single-segment POSIX root "/bundle" — surfaced-skip (cannot determine; not blocking)
[info] path-lint surfaced-skip .scratch/grill-round-82/q3-atomcode.md:11 single-segment POSIX root "/commitment" — surfaced-skip (cannot determine; not blocking)
[info] path-lint surfaced-skip .scratch/grill-round-82/q3-atomcode.md:17 single-segment POSIX root "/L2" — surfaced-skip (cannot determine; not blocking)
[info] path-lint surfaced-skip .scratch/grill-round-82/q4-atomcode.md:35 single-segment POSIX root "/mcp" — surfaced-skip (cannot determine; not blocking)
[info] path-lint surfaced-skip .scratch/grill-round-82/reports/2026-09-24-report.md:13 single-segment POSIX root "/mcp" — surfaced-skip (cannot determine; not blocking)
[info] path-lint surfaced-skip .scratch/grill-round-82/reports/2026-09-24-report.md:29 single-segment POSIX root "/flake" — surfaced-skip (cannot determine; not blocking)
[info] path-lint surfaced-skip .scratch/grill-round-82/reports/2026-09-24-report.md:29 single-segment POSIX root "/native-tools" — surfaced-skip (cannot determine; not blocking)
[info] path-lint surfaced-skip .scratch/grill-round-82/reports/2026-09-24-report.md:30 single-segment POSIX root "/session" — surfaced-skip (cannot determine; not blocking)
[info] path-lint surfaced-skip .scratch/grill-round-82/reports/2026-09-24-report.md:52 single-segment POSIX root "/mcp" — surfaced-skip (cannot determine; not blocking)
[info] path-lint surfaced-skip .scratch/grill-round-82/reports/2026-09-24-report.md:65 single-segment POSIX root "/fail-open" — surfaced-skip (cannot determine; not blocking)
[info] path-lint surfaced-skip .scratch/grill-round-82/reports/2026-09-25-audit.md:41 single-segment POSIX root "/live" — surfaced-skip (cannot determine; not blocking)
[info] path-lint surfaced-skip .scratch/grill-round-82/reports/2026-09-25-audit.md:41 single-segment POSIX root "/ADR" — surfaced-skip (cannot determine; not blocking)
[info] path-lint surfaced-skip .scratch/grill-round-82/reports/2026-09-25-audit.md:48 single-segment POSIX root "/closeout" — surfaced-skip (cannot determine; not blocking)
[info] path-lint surfaced-skip .scratch/grill-round-82/reports/2026-09-25-audit.md:56 single-segment POSIX root "/JSON" — surfaced-skip (cannot determine; not blocking)
[info] path-lint surfaced-skip .scratch/grill-round-82/reports/2026-09-25-audit.md:86 single-segment POSIX root "/R81" — surfaced-skip (cannot determine; not blocking)
[info] path-lint surfaced-skip .scratch/grill-round-83/decision-ledger.md:31 single-segment POSIX root "/wire" — surfaced-skip (cannot determine; not blocking)
[info] path-lint surfaced-skip .scratch/grill-round-83/decision-ledger.md:60 single-segment POSIX root "/vertical.source" — surfaced-skip (cannot determine; not blocking)
[info] path-lint surfaced-skip .scratch/grill-round-83/decision-ledger.md:60 single-segment POSIX root "/verticalSent" — surfaced-skip (cannot determine; not blocking)
[info] path-lint surfaced-skip .scratch/grill-round-83/decision-ledger.md:60 single-segment POSIX root "/verticalDegraded" — surfaced-skip (cannot determine; not blocking)
[info] path-lint surfaced-skip .scratch/grill-round-83/decision-ledger.md:69 single-segment POSIX root "/Record" — surfaced-skip (cannot determine; not blocking)
[info] path-lint surfaced-skip .scratch/grill-round-83/decision-ledger.md:77 single-segment POSIX root "/TTL" — surfaced-skip (cannot determine; not blocking)
[info] path-lint surfaced-skip .scratch/grill-round-83/decision-ledger.md:87 single-segment POSIX root "/JSON" — surfaced-skip (cannot determine; not blocking)
[info] path-lint surfaced-skip .scratch/grill-round-83/decision-ledger.md:87 single-segment POSIX root "/clientInfo.version" — surfaced-skip (cannot determine; not blocking)
[info] path-lint surfaced-skip .scratch/grill-round-83/decision-ledger.md:87 single-segment POSIX root "/engines" — surfaced-skip (cannot determine; not blocking)
[info] path-lint surfaced-skip .scratch/grill-round-83/decision-ledger.md:87 single-segment POSIX root "/prefer-capable" — surfaced-skip (cannot determine; not blocking)
[info] path-lint surfaced-skip .scratch/grill-round-83/goal.md:11 single-segment POSIX root "/rc.2" — surfaced-skip (cannot determine; not blocking)
[info] path-lint surfaced-skip .scratch/grill-round-83/goal.md:18 single-segment POSIX root "/params" — surfaced-skip (cannot determine; not blocking)
[info] path-lint surfaced-skip .scratch/grill-round-83/goal.md:26 single-segment POSIX root "/JSON" — surfaced-skip (cannot determine; not blocking)
[info] path-lint surfaced-skip .scratch/grill-round-83/goal.md:26 single-segment POSIX root "/clientInfo.version" — surfaced-skip (cannot determine; not blocking)
[info] path-lint surfaced-skip .scratch/grill-round-83/goal.md:26 single-segment POSIX root "/engines" — surfaced-skip (cannot determine; not blocking)
[info] path-lint surfaced-skip .scratch/grill-round-83/handoffs/next-round.md:7 single-segment POSIX root "/mcp" — surfaced-skip (cannot determine; not blocking)
[info] path-lint surfaced-skip .scratch/grill-round-83/handoffs/next-round.md:26 single-segment POSIX root "/L2" — surfaced-skip (cannot determine; not blocking)
[info] path-lint surfaced-skip .scratch/grill-round-83/handoffs/next-round.md:50 single-segment POSIX root "/vertical.source" — surfaced-skip (cannot determine; not blocking)
[info] path-lint surfaced-skip .scratch/grill-round-83/handoffs/next-round.md:77 single-segment POSIX root "/prefer-capable" — surfaced-skip (cannot determine; not blocking)
[info] path-lint surfaced-skip .scratch/grill-round-83/handoffs/round-83-audit-signoff.md:14 single-segment POSIX root "/flagValueSet" — surfaced-skip (cannot determine; not blocking)
[info] path-lint surfaced-skip .scratch/grill-round-83/handoffs/round-83-audit-signoff.md:14 single-segment POSIX root "/sub_domain_params" — surfaced-skip (cannot determine; not blocking)
[info] path-lint surfaced-skip .scratch/grill-round-83/handoffs/round-83-audit-signoff.md:14 single-segment POSIX root "/evidence" — surfaced-skip (cannot determine; not blocking)
[info] path-lint surfaced-skip .scratch/grill-round-83/handoffs/round-83-audit-signoff.md:14 single-segment POSIX root "/dead" — surfaced-skip (cannot determine; not blocking)
[info] path-lint surfaced-skip .scratch/grill-round-83/handoffs/round-83-audit-signoff.md:15 single-segment POSIX root "/params" — surfaced-skip (cannot determine; not blocking)
[info] path-lint surfaced-skip .scratch/grill-round-83/handoffs/round-83-audit-signoff.md:15 single-segment POSIX root "/prefer-capable" — surfaced-skip (cannot determine; not blocking)
[info] path-lint surfaced-skip .scratch/grill-round-83/handoffs/round-83-closeout.md:19 single-segment POSIX root "/clientInfo.version" — surfaced-skip (cannot determine; not blocking)
[info] path-lint surfaced-skip .scratch/grill-round-83/handoffs/round-83-closeout.md:19 single-segment POSIX root "/engines" — surfaced-skip (cannot determine; not blocking)
[info] path-lint surfaced-skip .scratch/grill-round-83/q2-atomcode.md:35 single-segment POSIX root "/expedite" — surfaced-skip (cannot determine; not blocking)
[info] path-lint surfaced-skip .scratch/grill-round-83/q2-atomcode.md:35 single-segment POSIX root "/attention" — surfaced-skip (cannot determine; not blocking)
[info] path-lint surfaced-skip .scratch/grill-round-83/q4-atomcode.md:34 single-segment POSIX root "/Exa" — surfaced-skip (cannot determine; not blocking)
[info] path-lint surfaced-skip .scratch/grill-round-83/q4-atomcode.md:34 single-segment POSIX root "/WorkingBackwards" — surfaced-skip (cannot determine; not blocking)
[info] path-lint surfaced-skip .scratch/grill-round-83/q5-atomcode.md:19 single-segment POSIX root "/span" — surfaced-skip (cannot determine; not blocking)
[info] path-lint surfaced-skip .scratch/grill-round-83/q6-atomcode.md:12 single-segment POSIX root "/Record" — surfaced-skip (cannot determine; not blocking)
[info] path-lint surfaced-skip .scratch/grill-round-83/q7-atomcode.md:13 single-segment POSIX root "/blast" — surfaced-skip (cannot determine; not blocking)
[info] path-lint surfaced-skip .scratch/grill-round-83/reports/2026-09-25-report.md:12 single-segment POSIX root "/bogus" — surfaced-skip (cannot determine; not blocking)
[info] path-lint surfaced-skip .scratch/grill-round-84/decision-ledger.md:22 single-segment POSIX root "/prodinit" — surfaced-skip (cannot determine; not blocking)
[info] path-lint surfaced-skip .scratch/grill-round-84/decision-ledger.md:22 single-segment POSIX root "/Airbnb" — surfaced-skip (cannot determine; not blocking)
[info] path-lint surfaced-skip .scratch/grill-round-84/decision-ledger.md:31 single-segment POSIX root "/Google" — surfaced-skip (cannot determine; not blocking)
[info] path-lint surfaced-skip .scratch/grill-round-84/decision-ledger.md:31 single-segment POSIX root "/QASkills" — surfaced-skip (cannot determine; not blocking)
[info] path-lint surfaced-skip .scratch/grill-round-84/decision-ledger.md:40 single-segment POSIX root "/SIGIR" — surfaced-skip (cannot determine; not blocking)
[info] path-lint surfaced-skip .scratch/grill-round-84/decision-ledger.md:40 single-segment POSIX root "/llm-judge-bench" — surfaced-skip (cannot determine; not blocking)
[info] path-lint surfaced-skip .scratch/grill-round-84/decision-ledger.md:40 single-segment POSIX root "/pooled-LLM-eval" — surfaced-skip (cannot determine; not blocking)
[info] path-lint surfaced-skip .scratch/grill-round-84/decision-ledger.md:40 single-segment POSIX root "/Sentifish" — surfaced-skip (cannot determine; not blocking)
[info] path-lint surfaced-skip .scratch/grill-round-84/decision-ledger.md:49 single-segment POSIX root "/Ng" — surfaced-skip (cannot determine; not blocking)
[info] path-lint surfaced-skip .scratch/grill-round-84/decision-ledger.md:49 single-segment POSIX root "/RAG" — surfaced-skip (cannot determine; not blocking)
[info] path-lint surfaced-skip .scratch/grill-round-84/decision-ledger.md:58 single-segment POSIX root "/RTEB" — surfaced-skip (cannot determine; not blocking)
[info] path-lint surfaced-skip .scratch/grill-round-84/decision-ledger.md:58 single-segment POSIX root "/Comp-Comp" — surfaced-skip (cannot determine; not blocking)
[info] path-lint surfaced-skip .scratch/grill-round-84/decision-ledger.md:58 single-segment POSIX root "/LegalBench-RAG" — surfaced-skip (cannot determine; not blocking)
[info] path-lint surfaced-skip .scratch/grill-round-84/decision-ledger.md:67 single-segment POSIX root "/EDD" — surfaced-skip (cannot determine; not blocking)
[info] path-lint surfaced-skip .scratch/grill-round-84/decision-ledger.md:67 single-segment POSIX root "/TDD" — surfaced-skip (cannot determine; not blocking)
[info] path-lint surfaced-skip .scratch/grill-round-84/decision-ledger.md:67 single-segment POSIX root "/Orca" — surfaced-skip (cannot determine; not blocking)
[info] path-lint surfaced-skip .scratch/grill-round-84/decision-ledger.md:67 single-segment POSIX root "/boy-scout" — surfaced-skip (cannot determine; not blocking)
[info] path-lint surfaced-skip .scratch/grill-round-84/decision-ledger.md:73 single-segment POSIX root "/n" — surfaced-skip (cannot determine; not blocking)
[info] path-lint surfaced-skip .scratch/grill-round-84/decision-ledger.md:76 single-segment POSIX root "/ai-tldr" — surfaced-skip (cannot determine; not blocking)
[info] path-lint surfaced-skip .scratch/grill-round-84/decision-ledger.md:76 single-segment POSIX root "/hashorn" — surfaced-skip (cannot determine; not blocking)
[info] path-lint surfaced-skip .scratch/grill-round-84/decision-ledger.md:76 single-segment POSIX root "/galtea" — surfaced-skip (cannot determine; not blocking)
[info] path-lint surfaced-skip .scratch/grill-round-84/decision-ledger.md:76 single-segment POSIX root "/OpenAI" — surfaced-skip (cannot determine; not blocking)
[info] path-lint surfaced-skip .scratch/grill-round-84/evidence/corpus-rationale.md:48 single-segment POSIX root "/sub_domain" — surfaced-skip (cannot determine; not blocking)
[info] path-lint surfaced-skip .scratch/grill-round-84/handoffs/next-round.md:8 single-segment POSIX root "/goal.md" — surfaced-skip (cannot determine; not blocking)
[info] path-lint surfaced-skip .scratch/grill-round-84/handoffs/next-round.md:8 single-segment POSIX root "/q1" — surfaced-skip (cannot determine; not blocking)
[info] path-lint surfaced-skip .scratch/grill-round-84/handoffs/next-round.md:27 single-segment POSIX root "/degraded" — surfaced-skip (cannot determine; not blocking)
[info] path-lint surfaced-skip .scratch/grill-round-84/handoffs/next-round.md:36 single-segment POSIX root "/academic" — surfaced-skip (cannot determine; not blocking)
[info] path-lint surfaced-skip .scratch/grill-round-84/handoffs/next-round.md:36 single-segment POSIX root "/code" — surfaced-skip (cannot determine; not blocking)
[info] path-lint surfaced-skip .scratch/grill-round-84/handoffs/next-round.md:36 single-segment POSIX root "/health" — surfaced-skip (cannot determine; not blocking)
[info] path-lint surfaced-skip .scratch/grill-round-84/handoffs/next-round.md:73 single-segment POSIX root "/ANYSEARCH_ENDPOINT" — surfaced-skip (cannot determine; not blocking)
[info] path-lint surfaced-skip .scratch/grill-round-84/q2-atomcode.md:45 single-segment POSIX root "/Langfuse" — surfaced-skip (cannot determine; not blocking)
[info] path-lint surfaced-skip .scratch/grill-round-84/q2-atomcode.md:45 single-segment POSIX root "/prodinit" — surfaced-skip (cannot determine; not blocking)
[info] path-lint surfaced-skip .scratch/grill-round-84/q2-atomcode.md:45 single-segment POSIX root "/Airbnb" — surfaced-skip (cannot determine; not blocking)
[info] path-lint surfaced-skip .scratch/grill-round-84/q2-atomcode.md:45 single-segment POSIX root "/Netflix" — surfaced-skip (cannot determine; not blocking)
[info] path-lint surfaced-skip .scratch/grill-round-84/q2-atomcode.md:45 single-segment POSIX root "/Hamel" — surfaced-skip (cannot determine; not blocking)
[info] path-lint surfaced-skip .scratch/grill-round-84/q2-atomcode.md:45 single-segment POSIX root "/Braintrust" — surfaced-skip (cannot determine; not blocking)
[info] path-lint surfaced-skip .scratch/grill-round-84/q4-atomcode.md:21 single-segment POSIX root "/mustHitUrls" — surfaced-skip (cannot determine; not blocking)
[info] path-lint surfaced-skip .scratch/grill-round-84/q4-atomcode.md:39 single-segment POSIX root "/Comparative" — surfaced-skip (cannot determine; not blocking)
[info] path-lint surfaced-skip .scratch/grill-round-84/q5-atomcode.md:23 single-segment POSIX root "/InfiniSynapse" — surfaced-skip (cannot determine; not blocking)
[info] path-lint surfaced-skip .scratch/grill-round-84/q5-atomcode.md:53 single-segment POSIX root "/vertical" — surfaced-skip (cannot determine; not blocking)
[info] path-lint surfaced-skip .scratch/grill-round-84/q6-atomcode.md:17 single-segment POSIX root "/New" — surfaced-skip (cannot determine; not blocking)
[info] path-lint surfaced-skip .scratch/grill-round-84/q7-atomcode.md:70 single-segment POSIX root "/R83" — surfaced-skip (cannot determine; not blocking)
[info] path-lint surfaced-skip .scratch/grill-round-84/q8-atomcode.md:7 single-segment POSIX root "/schema" — surfaced-skip (cannot determine; not blocking)
[info] path-lint surfaced-skip .scratch/grill-round-84/q8-atomcode.md:38 single-segment POSIX root "/schema" — surfaced-skip (cannot determine; not blocking)
[info] path-lint surfaced-skip .scratch/grill-round-84/reports/2026-09-26-report.md:30 single-segment POSIX root "/A-06" — surfaced-skip (cannot determine; not blocking)
[info] path-lint surfaced-skip .scratch/grill-round-84/reports/2026-09-26-report.md:30 single-segment POSIX root "/A-08" — surfaced-skip (cannot determine; not blocking)
[info] path-lint surfaced-skip .scratch/grill-round-84/reports/2026-09-26-report.md:37 single-segment POSIX root "/strata" — surfaced-skip (cannot determine; not blocking)
[info] path-lint surfaced-skip .scratch/grill-round-84/reports/2026-09-26-report.md:37 single-segment POSIX root "/iso" — surfaced-skip (cannot determine; not blocking)
[info] path-lint surfaced-skip .scratch/grill-round-84/reports/2026-09-26-report.md:37 single-segment POSIX root "/NUL" — surfaced-skip (cannot determine; not blocking)
[info] path-lint surfaced-skip .scratch/grill-round-84/reports/2026-09-26-report.md:37 single-segment POSIX root "/registry" — surfaced-skip (cannot determine; not blocking)
[info] path-lint surfaced-skip .scratch/grill-round-84/reports/2026-09-27-audit.md:33 single-segment POSIX root "/closeout" — surfaced-skip (cannot determine; not blocking)
[info] path-lint surfaced-skip .scratch/grill-round-84/reports/2026-09-27-audit.md:46 single-segment POSIX root "/MCP" — surfaced-skip (cannot determine; not blocking)
[info] path-lint surfaced-skip .scratch/grill-round-84/reports/2026-09-27-audit.md:75 single-segment POSIX root "/A-06" — surfaced-skip (cannot determine; not blocking)
[info] path-lint surfaced-skip .scratch/grill-round-84/reports/2026-09-27-audit.md:75 single-segment POSIX root "/A-08" — surfaced-skip (cannot determine; not blocking)
[info] path-lint surfaced-skip .scratch/grill-round-84/reports/2026-09-27-audit.md:121 single-segment POSIX root "/delta" — surfaced-skip (cannot determine; not blocking)
[info] path-lint surfaced-skip .scratch/grill-round-84/reports/2026-09-27-audit.md:121 single-segment POSIX root "/canonicalize" — surfaced-skip (cannot determine; not blocking)
[info] path-lint surfaced-skip .scratch/grill-round-85/decision-ledger.md:13 single-segment POSIX root "/CI" — surfaced-skip (cannot determine; not blocking)
[info] path-lint surfaced-skip .scratch/grill-round-85/decision-ledger.md:15 single-segment POSIX root "/Spotify" — surfaced-skip (cannot determine; not blocking)
[info] path-lint surfaced-skip .scratch/grill-round-85/decision-ledger.md:15 single-segment POSIX root "/eBay" — surfaced-skip (cannot determine; not blocking)
[info] path-lint surfaced-skip .scratch/grill-round-85/decision-ledger.md:15 single-segment POSIX root "/GrowthBook" — surfaced-skip (cannot determine; not blocking)
[info] path-lint surfaced-skip .scratch/grill-round-85/decision-ledger.md:15 single-segment POSIX root "/parin.work" — surfaced-skip (cannot determine; not blocking)
[info] path-lint surfaced-skip .scratch/grill-round-85/decision-ledger.md:24 single-segment POSIX root "/all-pass" — surfaced-skip (cannot determine; not blocking)
[info] path-lint surfaced-skip .scratch/grill-round-85/decision-ledger.md:25 single-segment POSIX root "/nPaired" — surfaced-skip (cannot determine; not blocking)
[info] path-lint surfaced-skip .scratch/grill-round-85/decision-ledger.md:26 single-segment POSIX root "/peek" — surfaced-skip (cannot determine; not blocking)
[info] path-lint surfaced-skip .scratch/grill-round-85/decision-ledger.md:30 single-segment POSIX root "/VWO" — surfaced-skip (cannot determine; not blocking)
[info] path-lint surfaced-skip .scratch/grill-round-85/decision-ledger.md:30 single-segment POSIX root "/Airbnb" — surfaced-skip (cannot determine; not blocking)
[info] path-lint surfaced-skip .scratch/grill-round-85/decision-ledger.md:30 single-segment POSIX root "/Fagerland" — surfaced-skip (cannot determine; not blocking)
[info] path-lint surfaced-skip .scratch/grill-round-85/decision-ledger.md:54 single-segment POSIX root "/kill-timer" — surfaced-skip (cannot determine; not blocking)
[info] path-lint surfaced-skip .scratch/grill-round-85/decision-ledger.md:54 single-segment POSIX root "/fakeSink" — surfaced-skip (cannot determine; not blocking)
[info] path-lint surfaced-skip .scratch/grill-round-85/decision-ledger.md:54 single-segment POSIX root "/marked" — surfaced-skip (cannot determine; not blocking)
[info] path-lint surfaced-skip .scratch/grill-round-85/decision-ledger.md:54 single-segment POSIX root "/isVerticalEntry" — surfaced-skip (cannot determine; not blocking)
[info] path-lint surfaced-skip .scratch/grill-round-85/decision-ledger.md:54 single-segment POSIX root "/MCP" — surfaced-skip (cannot determine; not blocking)
[info] path-lint surfaced-skip .scratch/grill-round-85/decision-ledger.md:57 single-segment POSIX root "/CEBM" — surfaced-skip (cannot determine; not blocking)
[info] path-lint surfaced-skip .scratch/grill-round-85/decision-ledger.md:57 single-segment POSIX root "/Rubin" — surfaced-skip (cannot determine; not blocking)
[info] path-lint surfaced-skip .scratch/grill-round-85/decision-ledger.md:57 single-segment POSIX root "/Code-with-Jason" — surfaced-skip (cannot determine; not blocking)
[info] path-lint surfaced-skip .scratch/grill-round-85/decision-record.md:17 single-segment POSIX root "/nPaired" — surfaced-skip (cannot determine; not blocking)
[info] path-lint surfaced-skip .scratch/grill-round-85/goal.md:10 single-segment POSIX root "/NO-GO" — surfaced-skip (cannot determine; not blocking)
[info] path-lint surfaced-skip .scratch/grill-round-85/goal.md:10 single-segment POSIX root "/INCONCLUSIVE" — surfaced-skip (cannot determine; not blocking)
[info] path-lint surfaced-skip .scratch/grill-round-85/handoffs/next-round.md:13 single-segment POSIX root "/R80" — surfaced-skip (cannot determine; not blocking)
[info] path-lint surfaced-skip .scratch/grill-round-85/handoffs/next-round.md:29 single-segment POSIX root "/isVerticalEntry" — surfaced-skip (cannot determine; not blocking)
[info] path-lint surfaced-skip .scratch/grill-round-85/handoffs/next-round.md:34 single-segment POSIX root "/nPaired" — surfaced-skip (cannot determine; not blocking)
[info] path-lint surfaced-skip .scratch/grill-round-85/handoffs/next-round.md:51 single-segment POSIX root "/MCP" — surfaced-skip (cannot determine; not blocking)
[info] path-lint surfaced-skip .scratch/grill-round-85/handoffs/next-round.md:51 single-segment POSIX root "/control" — surfaced-skip (cannot determine; not blocking)
[info] path-lint surfaced-skip .scratch/grill-round-85/handoffs/round-85-audit.md:30 single-segment POSIX root "/verdict" — surfaced-skip (cannot determine; not blocking)
[info] path-lint surfaced-skip .scratch/grill-round-85/handoffs/round-85-audit.md:43 single-segment POSIX root "/INCONCLUSIVE" — surfaced-skip (cannot determine; not blocking)
[info] path-lint surfaced-skip .scratch/grill-round-85/handoffs/round-85-audit.md:43 single-segment POSIX root "/ANYSEARCH_ENDPOINT" — surfaced-skip (cannot determine; not blocking)
[info] path-lint surfaced-skip .scratch/grill-round-85/handoffs/round-85-audit.md:43 single-segment POSIX root "/boy-scout" — surfaced-skip (cannot determine; not blocking)
[info] path-lint surfaced-skip .scratch/grill-round-85/handoffs/round-85-audit.md:55 single-segment POSIX root "/MCP" — surfaced-skip (cannot determine; not blocking)
[info] path-lint surfaced-skip .scratch/grill-round-85/handoffs/round-85-audit.md:55 single-segment POSIX root "/control" — surfaced-skip (cannot determine; not blocking)
[info] path-lint surfaced-skip .scratch/grill-round-85/handoffs/round-85-closeout.md:36 single-segment POSIX root "/control" — surfaced-skip (cannot determine; not blocking)
[info] path-lint surfaced-skip .scratch/grill-round-85/prereg-matrix.md:38 single-segment POSIX root "/nPaired" — surfaced-skip (cannot determine; not blocking)
[info] path-lint surfaced-skip .scratch/grill-round-85/prereg-matrix.md:50 single-segment POSIX root "/artifact" — surfaced-skip (cannot determine; not blocking)
[info] path-lint surfaced-skip .scratch/grill-round-85/prereg-matrix.md:72 single-segment POSIX root "/all-pass" — surfaced-skip (cannot determine; not blocking)
[info] path-lint surfaced-skip .scratch/grill-round-85/q1-atomcode.md:47 single-segment POSIX root "/eBay" — surfaced-skip (cannot determine; not blocking)
[info] path-lint surfaced-skip .scratch/grill-round-85/q1-atomcode.md:47 single-segment POSIX root "/Spotify" — surfaced-skip (cannot determine; not blocking)
[info] path-lint surfaced-skip .scratch/grill-round-85/q1-atomcode.md:47 single-segment POSIX root "/rate" — surfaced-skip (cannot determine; not blocking)
[info] path-lint surfaced-skip .scratch/grill-round-85/q1-atomcode.md:84 single-segment POSIX root "/always-valid" — surfaced-skip (cannot determine; not blocking)
[info] path-lint surfaced-skip .scratch/grill-round-85/q1-atomcode.md:135 single-segment POSIX root "/batch" — surfaced-skip (cannot determine; not blocking)
[info] path-lint surfaced-skip .scratch/grill-round-85/q1-atomcode.md:160 single-segment POSIX root "/registry" — surfaced-skip (cannot determine; not blocking)
[info] path-lint surfaced-skip .scratch/grill-round-85/q1-atomcode.md:161 single-segment POSIX root "/CI" — surfaced-skip (cannot determine; not blocking)
[info] path-lint surfaced-skip .scratch/grill-round-85/q2-atomcode.md:68 single-segment POSIX root "/nPaired" — surfaced-skip (cannot determine; not blocking)
[info] path-lint surfaced-skip .scratch/grill-round-85/q2-atomcode.md:77 single-segment POSIX root "/guardrail" — surfaced-skip (cannot determine; not blocking)
[info] path-lint surfaced-skip .scratch/grill-round-85/q2-atomcode.md:105 single-segment POSIX root "/unknown" — surfaced-skip (cannot determine; not blocking)
[info] path-lint surfaced-skip .scratch/grill-round-85/q2-atomcode.md:116 single-segment POSIX root "/nPaired" — surfaced-skip (cannot determine; not blocking)
[info] path-lint surfaced-skip .scratch/grill-round-85/q2-atomcode.md:129 single-segment POSIX root "/diagnosing-sample-ratio-mismatch-in-a-b-testing" — surfaced-skip (cannot determine; not blocking)
[info] path-lint surfaced-skip .scratch/grill-round-85/q2-atomcode.md:133 single-segment POSIX root "/Bayes" — surfaced-skip (cannot determine; not blocking)
[info] path-lint surfaced-skip .scratch/grill-round-85/q2-atomcode.md:163 single-segment POSIX root "/ADR-0050" — surfaced-skip (cannot determine; not blocking)
[info] path-lint surfaced-skip .scratch/grill-round-85/q3-atomcode.md:8 single-segment POSIX root "/GrowthBook" — surfaced-skip (cannot determine; not blocking)
[info] path-lint surfaced-skip .scratch/grill-round-85/q4-atomcode.md:10 single-segment POSIX root "/diff" — surfaced-skip (cannot determine; not blocking)
[info] path-lint surfaced-skip .scratch/grill-round-85/q4-atomcode.md:76 single-segment POSIX root "/MAR" — surfaced-skip (cannot determine; not blocking)
[info] path-lint surfaced-skip .scratch/grill-round-85/reports/2026-09-27-report.md:35 single-segment POSIX root "/freshness" — surfaced-skip (cannot determine; not blocking)
[info] path-lint surfaced-skip .scratch/grill-round-85/reports/2026-09-27-report.md:35 single-segment POSIX root "/pathlint" — surfaced-skip (cannot determine; not blocking)
[info] path-lint surfaced-skip .scratch/grill-round-85/reports/2026-09-27-report.md:53 single-segment POSIX root "/isVerticalEntry" — surfaced-skip (cannot determine; not blocking)
[info] path-lint surfaced-skip .scratch/grill-round-85/reports/2026-09-27-report.md:64 single-segment POSIX root "/runner" — surfaced-skip (cannot determine; not blocking)
[info] path-lint surfaced-skip .scratch/grill-round-86/decision-ledger.md:18 single-segment POSIX root "/ANS_PROVIDERS" — surfaced-skip (cannot determine; not blocking)
[info] path-lint surfaced-skip .scratch/grill-round-86/decision-ledger.md:20 single-segment POSIX root "/control" — surfaced-skip (cannot determine; not blocking)
[info] path-lint surfaced-skip .scratch/grill-round-86/decision-ledger.md:20 single-segment POSIX root "/Standards" — surfaced-skip (cannot determine; not blocking)
[info] path-lint surfaced-skip .scratch/grill-round-86/decision-ledger.md:31 single-segment POSIX root "/delta.json" — surfaced-skip (cannot determine; not blocking)
[info] path-lint surfaced-skip .scratch/grill-round-86/decision-ledger.md:41 single-segment POSIX root "/mcp" — surfaced-skip (cannot determine; not blocking)
[info] path-lint surfaced-skip .scratch/grill-round-86/decision-ledger.md:57 single-segment POSIX root "/runner" — surfaced-skip (cannot determine; not blocking)
[info] path-lint surfaced-skip .scratch/grill-round-86/decision-ledger.md:69 single-segment POSIX root "/B2" — surfaced-skip (cannot determine; not blocking)
[info] path-lint surfaced-skip .scratch/grill-round-86/decision-ledger.md:69 single-segment POSIX root "/B3" — surfaced-skip (cannot determine; not blocking)
[info] path-lint surfaced-skip .scratch/grill-round-86/decision-record.md:18 single-segment POSIX root "/nPaired" — surfaced-skip (cannot determine; not blocking)
[info] path-lint surfaced-skip .scratch/grill-round-86/goal.md:33 single-segment POSIX root "/control" — surfaced-skip (cannot determine; not blocking)
[info] path-lint surfaced-skip .scratch/grill-round-86/goal.md:33 single-segment POSIX root "/Standards" — surfaced-skip (cannot determine; not blocking)
[info] path-lint surfaced-skip .scratch/grill-round-86/goal.md:39 single-segment POSIX root "/README" — surfaced-skip (cannot determine; not blocking)
[info] path-lint surfaced-skip .scratch/grill-round-86/handoffs/next-round.md:27 single-segment POSIX root "/key" — surfaced-skip (cannot determine; not blocking)
[info] path-lint surfaced-skip .scratch/grill-round-86/handoffs/next-round.md:48 single-segment POSIX root "/D-005" — surfaced-skip (cannot determine; not blocking)
[info] path-lint surfaced-skip .scratch/grill-round-86/handoffs/next-round.md:52 single-segment POSIX root "/dual-gate" — surfaced-skip (cannot determine; not blocking)
[info] path-lint surfaced-skip .scratch/grill-round-86/handoffs/next-round.md:52 single-segment POSIX root "/probe" — surfaced-skip (cannot determine; not blocking)
[info] path-lint surfaced-skip .scratch/grill-round-86/handoffs/next-round.md:52 single-segment POSIX root "/decision-record" — surfaced-skip (cannot determine; not blocking)
[info] path-lint surfaced-skip .scratch/grill-round-86/handoffs/next-round.md:52 single-segment POSIX root "/registry" — surfaced-skip (cannot determine; not blocking)
[info] path-lint surfaced-skip .scratch/grill-round-86/handoffs/next-round.md:57 single-segment POSIX root "/control" — surfaced-skip (cannot determine; not blocking)
[info] path-lint surfaced-skip .scratch/grill-round-86/handoffs/next-round.md:57 single-segment POSIX root "/Standards" — surfaced-skip (cannot determine; not blocking)
[info] path-lint surfaced-skip .scratch/grill-round-86/handoffs/round-86-audit.md:46 single-segment POSIX root "/matrix" — surfaced-skip (cannot determine; not blocking)
[info] path-lint surfaced-skip .scratch/grill-round-86/handoffs/round-86-closeout.md:31 single-segment POSIX root "/npm" — surfaced-skip (cannot determine; not blocking)
[info] path-lint surfaced-skip .scratch/grill-round-86/q2-atomcode.md:7 single-segment POSIX root "/SRI" — surfaced-skip (cannot determine; not blocking)
[info] path-lint surfaced-skip .scratch/grill-round-86/q5-atomcode.md:36 single-segment POSIX root "/RN" — surfaced-skip (cannot determine; not blocking)
[info] path-lint surfaced-skip .scratch/grill-round-86/reports/2026-09-27-report.md:26 single-segment POSIX root "/fail-open" — surfaced-skip (cannot determine; not blocking)
[info] path-lint surfaced-skip .scratch/grill-round-86/reports/2026-09-27-report.md:98 single-segment POSIX root "/key" — surfaced-skip (cannot determine; not blocking)
[info] path-lint surfaced-skip .scratch/grill-round-86/reports/2026-09-27-report.md:100 single-segment POSIX root "/npm" — surfaced-skip (cannot determine; not blocking)
[info] path-lint surfaced-skip .scratch/grill-round-86/reports/audit-r86-2026-09-27.md:5 single-segment POSIX root "/sha256" — surfaced-skip (cannot determine; not blocking)
[info] path-lint surfaced-skip .scratch/grill-round-86/reports/audit-r86-2026-09-27.md:5 single-segment POSIX root "/gh" — surfaced-skip (cannot determine; not blocking)
[info] path-lint surfaced-skip .scratch/grill-round-86/reports/audit-r86-2026-09-27.md:78 single-segment POSIX root "/ADR-0029" — surfaced-skip (cannot determine; not blocking)
[info] path-lint surfaced-skip .scratch/grill-round-86/reports/audit-r86-2026-09-27.md:107 single-segment POSIX root "/preregMatrixSha256" — surfaced-skip (cannot determine; not blocking)
[info] path-lint surfaced-skip .scratch/grill-round-86/reports/audit-r86-2026-09-27.md:107 single-segment POSIX root "/delta" — surfaced-skip (cannot determine; not blocking)
[info] path-lint surfaced-skip .scratch/grill-round-86/reports/probe-matrix.md:20 single-segment POSIX root "/mcp" — surfaced-skip (cannot determine; not blocking)
[info] path-lint surfaced-skip .scratch/grill-round-86/reports/probe-matrix.md:46 single-segment POSIX root "/key" — surfaced-skip (cannot determine; not blocking)
[info] path-lint surfaced-skip .scratch/grill-round-87/decision-ledger.md:20 single-segment POSIX root "/mcp" — surfaced-skip (cannot determine; not blocking)
[info] path-lint surfaced-skip .scratch/grill-round-87/decision-ledger.md:33 single-segment POSIX root "/mcp" — surfaced-skip (cannot determine; not blocking)
[info] path-lint surfaced-skip .scratch/grill-round-87/decision-ledger.md:37 single-segment POSIX root "/GitHub" — surfaced-skip (cannot determine; not blocking)
[info] path-lint surfaced-skip .scratch/grill-round-87/decision-ledger.md:37 single-segment POSIX root "/npm" — surfaced-skip (cannot determine; not blocking)
[info] path-lint surfaced-skip .scratch/grill-round-87/decision-ledger.md:46 single-segment POSIX root "/mcp" — surfaced-skip (cannot determine; not blocking)
[info] path-lint surfaced-skip .scratch/grill-round-87/decision-ledger.md:47 single-segment POSIX root "/defer" — surfaced-skip (cannot determine; not blocking)
[info] path-lint surfaced-skip .scratch/grill-round-87/decision-ledger.md:47 single-segment POSIX root "/R88" — surfaced-skip (cannot determine; not blocking)
[info] path-lint surfaced-skip .scratch/grill-round-87/decision-ledger.md:48 single-segment POSIX root "/Keep" — surfaced-skip (cannot determine; not blocking)
[info] path-lint surfaced-skip .scratch/grill-round-87/goal.md:10 single-segment POSIX root "/mcp" — surfaced-skip (cannot determine; not blocking)
[info] path-lint surfaced-skip .scratch/grill-round-87/handoffs/next-round.md:7 single-segment POSIX root "/D-002" — surfaced-skip (cannot determine; not blocking)
[info] path-lint surfaced-skip .scratch/grill-round-87/handoffs/next-round.md:35 single-segment POSIX root "/mcp" — surfaced-skip (cannot determine; not blocking)
[info] path-lint surfaced-skip .scratch/grill-round-87/handoffs/next-round.md:52 single-segment POSIX root "/anon-quota-nudge" — surfaced-skip (cannot determine; not blocking)
[info] path-lint surfaced-skip .scratch/grill-round-87/handoffs/next-round.md:59 single-segment POSIX root "/deprecate" — surfaced-skip (cannot determine; not blocking)
[info] path-lint surfaced-skip .scratch/grill-round-87/handoffs/next-round.md:60 single-segment POSIX root "/tarball" — surfaced-skip (cannot determine; not blocking)
[info] path-lint surfaced-skip .scratch/grill-round-87/handoffs/next-round.md:60 single-segment POSIX root "/mcp" — surfaced-skip (cannot determine; not blocking)
[info] path-lint surfaced-skip .scratch/grill-round-87/handoffs/next-round.md:60 single-segment POSIX root "/OIDC" — surfaced-skip (cannot determine; not blocking)
[info] path-lint surfaced-skip .scratch/grill-round-87/handoffs/next-round.md:60 single-segment POSIX root "/deprecate" — surfaced-skip (cannot determine; not blocking)
[info] path-lint surfaced-skip .scratch/grill-round-87/handoffs/next-round.md:60 single-segment POSIX root "/F-3" — surfaced-skip (cannot determine; not blocking)
[info] path-lint surfaced-skip .scratch/grill-round-87/handoffs/next-round.md:66 single-segment POSIX root "/Security" — surfaced-skip (cannot determine; not blocking)
[info] path-lint surfaced-skip .scratch/grill-round-87/handoffs/next-round.md:66 single-segment POSIX root "/agent" — surfaced-skip (cannot determine; not blocking)
[info] path-lint surfaced-skip .scratch/grill-round-87/handoffs/next-round.md:66 single-segment POSIX root "/tag" — surfaced-skip (cannot determine; not blocking)
[info] path-lint surfaced-skip .scratch/grill-round-87/handoffs/r87-t0fix-audit-handoff.md:8 single-segment POSIX root "/memory-eval" — surfaced-skip (cannot determine; not blocking)
[info] path-lint surfaced-skip .scratch/grill-round-87/handoffs/r87-t0fix-audit-handoff.md:8 single-segment POSIX root "/MCP" — surfaced-skip (cannot determine; not blocking)
[info] path-lint surfaced-skip .scratch/grill-round-87/handoffs/r87-t0fix-audit-handoff.md:22 single-segment POSIX root "/mcp" — surfaced-skip (cannot determine; not blocking)
[info] path-lint surfaced-skip .scratch/grill-round-87/handoffs/round-87-closeout.md:19 single-segment POSIX root "/mcp" — surfaced-skip (cannot determine; not blocking)
[info] path-lint surfaced-skip .scratch/grill-round-87/q1-atomcode.md:26 single-segment POSIX root "/mcp" — surfaced-skip (cannot determine; not blocking)
[info] path-lint surfaced-skip .scratch/grill-round-87/q1-atomcode.md:39 single-segment POSIX root "/mcp" — surfaced-skip (cannot determine; not blocking)
[info] path-lint surfaced-skip .scratch/grill-round-87/reports/post-release-verify-2026-09-28.md:28 single-segment POSIX root "/mcp" — surfaced-skip (cannot determine; not blocking)
[info] path-lint surfaced-skip .scratch/grill-round-87/reports/post-release-verify-2026-09-28.md:29 single-segment POSIX root "/mcp" — surfaced-skip (cannot determine; not blocking)
[info] path-lint surfaced-skip .scratch/grill-round-87/reports/r87-t0fix-audit-2026-09-28.md:27 single-segment POSIX root "/m" — surfaced-skip (cannot determine; not blocking)
[info] path-lint surfaced-skip .scratch/grill-round-87/reports/r87-t0fix-audit-2026-09-28.md:32 single-segment POSIX root "/mcp" — surfaced-skip (cannot determine; not blocking)
[info] path-lint surfaced-skip .scratch/grill-round-87/reports/r87-t0fix-audit-2026-09-28.md:32 single-segment POSIX root "/mcp" — surfaced-skip (cannot determine; not blocking)
[info] path-lint surfaced-skip .scratch/grill-round-87/reports/t0-watch-2026-09-28.md:28 single-segment POSIX root "/mcp" — surfaced-skip (cannot determine; not blocking)
[info] path-lint surfaced-skip .scratch/grill-round-87/reports/t0-watch-2026-09-28.md:28 single-segment POSIX root "/mcp" — surfaced-skip (cannot determine; not blocking)
[info] path-lint surfaced-skip .scratch/grill-round-88/decision-ledger.md:18 single-segment POSIX root "/a06" — surfaced-skip (cannot determine; not blocking)
[info] path-lint surfaced-skip .scratch/grill-round-88/decision-ledger.md:18 single-segment POSIX root "/a08" — surfaced-skip (cannot determine; not blocking)
[info] path-lint surfaced-skip .scratch/grill-round-88/decision-ledger.md:20 single-segment POSIX root "/Back" — surfaced-skip (cannot determine; not blocking)
[info] path-lint surfaced-skip .scratch/grill-round-88/decision-ledger.md:20 single-segment POSIX root "/benny" — surfaced-skip (cannot determine; not blocking)
[info] path-lint surfaced-skip .scratch/grill-round-88/decision-ledger.md:20 single-segment POSIX root "/Google" — surfaced-skip (cannot determine; not blocking)
[info] path-lint surfaced-skip .scratch/grill-round-88/decision-ledger.md:20 single-segment POSIX root "/aalonso" — surfaced-skip (cannot determine; not blocking)
[info] path-lint surfaced-skip .scratch/grill-round-88/decision-ledger.md:33 single-segment POSIX root "/sergiodxa" — surfaced-skip (cannot determine; not blocking)
[info] path-lint surfaced-skip .scratch/grill-round-88/decision-ledger.md:33 single-segment POSIX root "/nazarboyko" — surfaced-skip (cannot determine; not blocking)
[info] path-lint surfaced-skip .scratch/grill-round-88/decision-ledger.md:33 single-segment POSIX root "/JSON" — surfaced-skip (cannot determine; not blocking)
[info] path-lint surfaced-skip .scratch/grill-round-88/decision-ledger.md:40 single-segment POSIX root "/semver" — surfaced-skip (cannot determine; not blocking)
[info] path-lint surfaced-skip .scratch/grill-round-88/decision-ledger.md:42 single-segment POSIX root "/tianpan.co" — surfaced-skip (cannot determine; not blocking)
[info] path-lint surfaced-skip .scratch/grill-round-88/decision-ledger.md:42 single-segment POSIX root "/MCP" — surfaced-skip (cannot determine; not blocking)
[info] path-lint surfaced-skip .scratch/grill-round-88/decision-ledger.md:51 single-segment POSIX root "/Google" — surfaced-skip (cannot determine; not blocking)
[info] path-lint surfaced-skip .scratch/grill-round-88/decision-ledger.md:51 single-segment POSIX root "/lobste.rs" — surfaced-skip (cannot determine; not blocking)
[info] path-lint surfaced-skip .scratch/grill-round-88/goal.md:7 single-segment POSIX root "/a06" — surfaced-skip (cannot determine; not blocking)
[info] path-lint surfaced-skip .scratch/grill-round-88/goal.md:7 single-segment POSIX root "/a08" — surfaced-skip (cannot determine; not blocking)
[info] path-lint surfaced-skip .scratch/grill-round-88/goal.md:31 single-segment POSIX root "/maxResults" — surfaced-skip (cannot determine; not blocking)
[info] path-lint surfaced-skip .scratch/grill-round-88/goal.md:31 single-segment POSIX root "/refactor" — surfaced-skip (cannot determine; not blocking)
[info] path-lint surfaced-skip .scratch/grill-round-88/handoffs/next-round.md:7 single-segment POSIX root "/a06" — surfaced-skip (cannot determine; not blocking)
[info] path-lint surfaced-skip .scratch/grill-round-88/handoffs/next-round.md:7 single-segment POSIX root "/a08" — surfaced-skip (cannot determine; not blocking)
[info] path-lint surfaced-skip .scratch/grill-round-88/handoffs/next-round.md:51 single-segment POSIX root "/maxResults" — surfaced-skip (cannot determine; not blocking)
[info] path-lint surfaced-skip .scratch/grill-round-88/handoffs/round-88-audit-closeout.md:32 single-segment POSIX root "/a06" — surfaced-skip (cannot determine; not blocking)
[info] path-lint surfaced-skip .scratch/grill-round-88/handoffs/round-88-audit-closeout.md:37 single-segment POSIX root "/e2e" — surfaced-skip (cannot determine; not blocking)
[info] path-lint surfaced-skip .scratch/grill-round-88/q2-atomcode.md:47 single-segment POSIX root "/null" — surfaced-skip (cannot determine; not blocking)
[info] path-lint surfaced-skip .scratch/grill-round-88/q2-atomcode.md:67 single-segment POSIX root "/boolean" — surfaced-skip (cannot determine; not blocking)
[info] path-lint surfaced-skip .scratch/grill-round-88/q3-atomcode.md:17 single-segment POSIX root "/breaking" — surfaced-skip (cannot determine; not blocking)
[info] path-lint surfaced-skip .scratch/grill-round-88/q3-atomcode.md:30 single-segment POSIX root "/agent" — surfaced-skip (cannot determine; not blocking)
[info] path-lint surfaced-skip .scratch/grill-round-88/q3-atomcode.md:37 single-segment POSIX root "/semver" — surfaced-skip (cannot determine; not blocking)
[info] path-lint surfaced-skip .scratch/grill-round-88/q5-atomcode.md:15 single-segment POSIX root "/stop-loss" — surfaced-skip (cannot determine; not blocking)
[info] path-lint surfaced-skip .scratch/grill-round-89/decision-ledger.md:21 single-segment POSIX root "/Tuist" — surfaced-skip (cannot determine; not blocking)
[info] path-lint surfaced-skip .scratch/grill-round-89/decision-ledger.md:21 single-segment POSIX root "/Rust" — surfaced-skip (cannot determine; not blocking)
[info] path-lint surfaced-skip .scratch/grill-round-89/decision-ledger.md:36 single-segment POSIX root "/Presto" — surfaced-skip (cannot determine; not blocking)
[info] path-lint surfaced-skip .scratch/grill-round-89/goal.md:24 single-segment POSIX root "/web" — surfaced-skip (cannot determine; not blocking)
[info] path-lint surfaced-skip .scratch/grill-round-89/goal.md:32 single-segment POSIX root "/R88" — surfaced-skip (cannot determine; not blocking)
[info] path-lint surfaced-skip .scratch/grill-round-89/goal.md:32 single-segment POSIX root "/r72" — surfaced-skip (cannot determine; not blocking)
[info] path-lint surfaced-skip .scratch/grill-round-89/handoffs/next-round.md:25 single-segment POSIX root "/closure" — surfaced-skip (cannot determine; not blocking)
[info] path-lint surfaced-skip .scratch/grill-round-89/handoffs/next-round.md:58 single-segment POSIX root "/r72" — surfaced-skip (cannot determine; not blocking)
[info] path-lint surfaced-skip .scratch/grill-round-89/handoffs/round-89-audit-closeout.md:31 single-segment POSIX root "/nyx" — surfaced-skip (cannot determine; not blocking)
[info] path-lint surfaced-skip .scratch/grill-round-89/handoffs/round-89-audit-closeout.md:31 single-segment POSIX root "/ruw" — surfaced-skip (cannot determine; not blocking)
[info] path-lint surfaced-skip .scratch/grill-round-89/handoffs/round-89-audit-closeout.md:31 single-segment POSIX root "/uxp" — surfaced-skip (cannot determine; not blocking)
[info] path-lint surfaced-skip .scratch/grill-round-89/handoffs/round-89-audit-closeout.md:31 single-segment POSIX root "/owu" — surfaced-skip (cannot determine; not blocking)
[info] path-lint surfaced-skip .scratch/grill-round-89/handoffs/round-89-audit-closeout.md:31 single-segment POSIX root "/xnz" — surfaced-skip (cannot determine; not blocking)
[info] path-lint surfaced-skip .scratch/grill-round-89/handoffs/round-89-audit-closeout.md:31 single-segment POSIX root "/nno" — surfaced-skip (cannot determine; not blocking)
[info] path-lint surfaced-skip .scratch/grill-round-89/handoffs/round-89-audit-closeout.md:39 single-segment POSIX root "/CHANGELOG" — surfaced-skip (cannot determine; not blocking)
[info] path-lint surfaced-skip .scratch/grill-round-89/q1-atomcode.md:38 single-segment POSIX root "/automerge" — surfaced-skip (cannot determine; not blocking)
[info] path-lint surfaced-skip .scratch/grill-round-89/q2-atomcode.md:13 single-segment POSIX root "/tarball" — surfaced-skip (cannot determine; not blocking)
[info] path-lint surfaced-skip .scratch/grill-round-90/goal.md:20 single-segment POSIX root "/D-002" — surfaced-skip (cannot determine; not blocking)
[info] path-lint surfaced-skip .scratch/grill-round-90/goal.md:27 single-segment POSIX root "/D-002" — surfaced-skip (cannot determine; not blocking)
[info] path-lint surfaced-skip .scratch/grill-round-90/handoffs/next-round.md:20 single-segment POSIX root "/D-002" — surfaced-skip (cannot determine; not blocking)
[info] path-lint surfaced-skip .scratch/grill-round-90/handoffs/next-round.md:54 single-segment POSIX root "/pending-repin" — surfaced-skip (cannot determine; not blocking)
[info] path-lint surfaced-skip .scratch/grill-round-90/handoffs/next-round.md:54 single-segment POSIX root "/TC" — surfaced-skip (cannot determine; not blocking)
[info] path-lint surfaced-skip .scratch/grill-round-90/handoffs/next-round.md:64 single-segment POSIX root "/D-002" — surfaced-skip (cannot determine; not blocking)
[info] path-lint surfaced-skip .scratch/grill-round-90/handoffs/next-round.md:79 single-segment POSIX root "/r72-web-matrix" — surfaced-skip (cannot determine; not blocking)
[info] path-lint surfaced-skip .scratch/grill-round-90/handoffs/round-90-closeout.md:17 single-segment POSIX root "/mcp" — surfaced-skip (cannot determine; not blocking)
[info] path-lint surfaced-skip .scratch/grill-round-90/handoffs/round-90-closeout.md:21 single-segment POSIX root "/health" — surfaced-skip (cannot determine; not blocking)
[info] path-lint surfaced-skip .scratch/grill-round-90/q2-atomcode.md:26 single-segment POSIX root "/revert" — surfaced-skip (cannot determine; not blocking)
[info] path-lint surfaced-skip .scratch/grill-round-90/q2-atomcode.md:26 single-segment POSIX root "/atomic-commit" — surfaced-skip (cannot determine; not blocking)
[info] path-lint surfaced-skip AGENTS.md:3 single-segment POSIX root "/setup-matt-pocock-skills" — surfaced-skip (cannot determine; not blocking)
[info] path-lint surfaced-skip AGENTS.md:62 single-segment POSIX root "/x" — surfaced-skip (cannot determine; not blocking)
[info] path-lint surfaced-skip AGENTS.md:64 single-segment POSIX root "/x" — surfaced-skip (cannot determine; not blocking)
[info] path-lint surfaced-skip CHANGELOG.md:11 single-segment POSIX root "/mcp" — surfaced-skip (cannot determine; not blocking)
[info] path-lint surfaced-skip CHANGELOG.md:116 single-segment POSIX root "/JSON" — surfaced-skip (cannot determine; not blocking)
[info] path-lint surfaced-skip CHANGELOG.md:116 single-segment POSIX root "/clientInfo.version" — surfaced-skip (cannot determine; not blocking)
[info] path-lint surfaced-skip CHANGELOG.md:116 single-segment POSIX root "/engines" — surfaced-skip (cannot determine; not blocking)
[info] path-lint surfaced-skip CHANGELOG.md:122 single-segment POSIX root "/mcp" — surfaced-skip (cannot determine; not blocking)
[info] path-lint surfaced-skip CHANGELOG.md:122 single-segment POSIX root "/mcp" — surfaced-skip (cannot determine; not blocking)
[info] path-lint surfaced-skip CHANGELOG.md:127 single-segment POSIX root "/R3" — surfaced-skip (cannot determine; not blocking)
[info] path-lint surfaced-skip CHANGELOG.md:141 single-segment POSIX root "/EPUBLISHCONFLICT" — surfaced-skip (cannot determine; not blocking)
[info] path-lint surfaced-skip CHANGELOG.md:142 single-segment POSIX root "/llm-init" — surfaced-skip (cannot determine; not blocking)
[info] path-lint surfaced-skip CHANGELOG.md:155 single-segment POSIX root "/mcp" — surfaced-skip (cannot determine; not blocking)
[info] path-lint surfaced-skip CHANGELOG.md:177 single-segment POSIX root "/x" — surfaced-skip (cannot determine; not blocking)
[info] path-lint surfaced-skip CHANGELOG.md:181 single-segment POSIX root "/x" — surfaced-skip (cannot determine; not blocking)
[info] path-lint surfaced-skip CHANGELOG.md:182 single-segment POSIX root "/x" — surfaced-skip (cannot determine; not blocking)
[info] path-lint surfaced-skip CHANGELOG.md:183 single-segment POSIX root "/stale-marker" — surfaced-skip (cannot determine; not blocking)
[info] path-lint surfaced-skip CHANGELOG.md:190 single-segment POSIX root "/x" — surfaced-skip (cannot determine; not blocking)
[info] path-lint surfaced-skip CHANGELOG.md:192 single-segment POSIX root "/baseline" — surfaced-skip (cannot determine; not blocking)
[info] path-lint surfaced-skip CHANGELOG.md:282 single-segment POSIX root "/index" — surfaced-skip (cannot determine; not blocking)
[info] path-lint surfaced-skip CHANGELOG.md:307 single-segment POSIX root "/node_modules" — surfaced-skip (cannot determine; not blocking)
[info] path-lint surfaced-skip CHANGELOG.md:310 single-segment POSIX root "/doctor" — surfaced-skip (cannot determine; not blocking)
[info] path-lint surfaced-skip CHANGELOG.md:334 single-segment POSIX root "/stale" — surfaced-skip (cannot determine; not blocking)
[info] path-lint surfaced-skip CHANGELOG.md:334 single-segment POSIX root "/partial" — surfaced-skip (cannot determine; not blocking)
[info] path-lint surfaced-skip CHANGELOG.md:334 single-segment POSIX root "/family" — surfaced-skip (cannot determine; not blocking)
[info] path-lint surfaced-skip CHANGELOG.md:413 single-segment POSIX root "/flush" — surfaced-skip (cannot determine; not blocking)
[info] path-lint surfaced-skip CHANGELOG.md:420 single-segment POSIX root "/anysearch-pending.jsonl" — surfaced-skip (cannot determine; not blocking)
[info] path-lint surfaced-skip CHANGELOG.md:485 single-segment POSIX root "/hooks.json" — surfaced-skip (cannot determine; not blocking)
[info] path-lint surfaced-skip CHANGELOG.md:488 single-segment POSIX root "/object" — surfaced-skip (cannot determine; not blocking)
[info] path-lint surfaced-skip CHANGELOG.md:489 single-segment POSIX root "/domains" — surfaced-skip (cannot determine; not blocking)
[info] path-lint surfaced-skip CHANGELOG.md:549 single-segment POSIX root "/doctor" — surfaced-skip (cannot determine; not blocking)
[info] path-lint surfaced-skip CHANGELOG.md:557 single-segment POSIX root "/abort" — surfaced-skip (cannot determine; not blocking)
[info] path-lint surfaced-skip CONTEXT.md:90 single-segment POSIX root "/spawn" — surfaced-skip (cannot determine; not blocking)
[info] path-lint surfaced-skip CONTEXT.md:102 single-segment POSIX root "/MCP" — surfaced-skip (cannot determine; not blocking)
[info] path-lint surfaced-skip CONTEXT.md:102 single-segment POSIX root "/FTS5" — surfaced-skip (cannot determine; not blocking)
[info] path-lint surfaced-skip CONTEXT.md:121 single-segment POSIX root "/fail-open" — surfaced-skip (cannot determine; not blocking)
[info] path-lint surfaced-skip CONTEXT.md:231 single-segment POSIX root "/workflow" — surfaced-skip (cannot determine; not blocking)
[info] path-lint surfaced-skip CONTEXT.md:350 single-segment POSIX root "/answer" — surfaced-skip (cannot determine; not blocking)
[info] path-lint surfaced-skip CONTEXT.md:377 single-segment POSIX root "/remember" — surfaced-skip (cannot determine; not blocking)
[info] path-lint surfaced-skip CONTEXT.md:409 single-segment POSIX root "/expected" — surfaced-skip (cannot determine; not blocking)
[info] path-lint surfaced-skip CONTEXT.md:532 single-segment POSIX root "/sqrt" — surfaced-skip (cannot determine; not blocking)
[info] path-lint surfaced-skip CONTEXT.md:542 single-segment POSIX root "/PSI" — surfaced-skip (cannot determine; not blocking)
[info] path-lint surfaced-skip CONTEXT.md:785 single-segment POSIX root "/tool-output" — surfaced-skip (cannot determine; not blocking)
[info] path-lint surfaced-skip CONTEXT.md:851 single-segment POSIX root "/peek" — surfaced-skip (cannot determine; not blocking)
[info] path-lint surfaced-skip CONTEXT.md:868 single-segment POSIX root "/errata" — surfaced-skip (cannot determine; not blocking)
[info] path-lint surfaced-skip CONTEXT.md:891 single-segment POSIX root "/permalink" — surfaced-skip (cannot determine; not blocking)
[info] path-lint surfaced-skip CONTEXT.md:947 single-segment POSIX root "/settings" — surfaced-skip (cannot determine; not blocking)
[info] path-lint surfaced-skip CONTEXT.md:947 single-segment POSIX root "/mustHitUrls" — surfaced-skip (cannot determine; not blocking)
[info] path-lint surfaced-skip CONTEXT.md:962 single-segment POSIX root "/run" — surfaced-skip (cannot determine; not blocking)
[info] path-lint surfaced-skip CONTEXT.md:973 single-segment POSIX root "/shim" — surfaced-skip (cannot determine; not blocking)
[info] path-lint surfaced-skip CONTEXT.md:1008 single-segment POSIX root "/MCP" — surfaced-skip (cannot determine; not blocking)
[info] path-lint surfaced-skip CONTEXT.md:1008 single-segment POSIX root "/marketplace" — surfaced-skip (cannot determine; not blocking)
[info] path-lint surfaced-skip CONTEXT.md:1014 single-segment POSIX root "/Berkeley" — surfaced-skip (cannot determine; not blocking)
[info] path-lint surfaced-skip CONTEXT.md:1123 single-segment POSIX root "/Stack" — surfaced-skip (cannot determine; not blocking)
[info] path-lint surfaced-skip CONTEXT.md:1141 single-segment POSIX root "/node_modules" — surfaced-skip (cannot determine; not blocking)
[info] path-lint surfaced-skip CONTEXT.md:1141 single-segment POSIX root "/node_modules" — surfaced-skip (cannot determine; not blocking)
[info] path-lint surfaced-skip CONTEXT.md:1152 single-segment POSIX root "/URL" — surfaced-skip (cannot determine; not blocking)
[info] path-lint surfaced-skip CONTEXT.md:1155 single-segment POSIX root "/RAG" — surfaced-skip (cannot determine; not blocking)
[info] path-lint surfaced-skip CONTEXT.md:1161 single-segment POSIX root "/patch" — surfaced-skip (cannot determine; not blocking)
[info] path-lint surfaced-skip CONTEXT.md:1161 single-segment POSIX root "/HMR" — surfaced-skip (cannot determine; not blocking)
[info] path-lint surfaced-skip CONTEXT.md:1173 single-segment POSIX root "/API" — surfaced-skip (cannot determine; not blocking)
[info] path-lint surfaced-skip CONTEXT.md:1219 single-segment POSIX root "/link" — surfaced-skip (cannot determine; not blocking)
[info] path-lint surfaced-skip CONTEXT.md:1287 single-segment POSIX root "/spectralint" — surfaced-skip (cannot determine; not blocking)
[info] path-lint surfaced-skip CONTEXT.md:1287 single-segment POSIX root "/path-guard" — surfaced-skip (cannot determine; not blocking)
[info] path-lint surfaced-skip CONTEXT.md:1290 single-segment POSIX root "/x" — surfaced-skip (cannot determine; not blocking)
[info] path-lint surfaced-skip CONTEXT.md:1290 single-segment POSIX root "/Vale" — surfaced-skip (cannot determine; not blocking)
[info] path-lint surfaced-skip CONTEXT.md:1293 single-segment POSIX root "/betterer" — surfaced-skip (cannot determine; not blocking)
[info] path-lint surfaced-skip CONTEXT.md:1305 single-segment POSIX root "/Kanban" — surfaced-skip (cannot determine; not blocking)
[info] path-lint surfaced-skip CONTEXT.md:1322 single-segment POSIX root "/Renovate" — surfaced-skip (cannot determine; not blocking)
[info] path-lint surfaced-skip CONTEXT.md:1348 single-segment POSIX root "/install" — surfaced-skip (cannot determine; not blocking)
[info] path-lint surfaced-skip CONTEXT.md:1362 single-segment POSIX root "/TP" — surfaced-skip (cannot determine; not blocking)
[info] path-lint surfaced-skip CONTEXT.md:1400 single-segment POSIX root "/OAuth" — surfaced-skip (cannot determine; not blocking)
[info] path-lint surfaced-skip CONTEXT.md:1403 single-segment POSIX root "/mcp" — surfaced-skip (cannot determine; not blocking)
[info] path-lint surfaced-skip CONTEXT.md:1406 single-segment POSIX root "/Content-Type" — surfaced-skip (cannot determine; not blocking)
[info] path-lint surfaced-skip CONTEXT.md:1412 single-segment POSIX root "/L2" — surfaced-skip (cannot determine; not blocking)
[info] path-lint surfaced-skip CONTEXT.md:1449 single-segment POSIX root "/Record" — surfaced-skip (cannot determine; not blocking)
[info] path-lint surfaced-skip CONTEXT.md:1452 single-segment POSIX root "/TTL" — surfaced-skip (cannot determine; not blocking)
[info] path-lint surfaced-skip CONTEXT.md:1478 single-segment POSIX root "/academic" — surfaced-skip (cannot determine; not blocking)
[info] path-lint surfaced-skip CONTEXT.md:1478 single-segment POSIX root "/code" — surfaced-skip (cannot determine; not blocking)
[info] path-lint surfaced-skip CONTEXT.md:1478 single-segment POSIX root "/health" — surfaced-skip (cannot determine; not blocking)
[info] path-lint surfaced-skip CONTEXT.md:1504 single-segment POSIX root "/peek" — surfaced-skip (cannot determine; not blocking)
[info] path-lint surfaced-skip CONTEXT.md:1540 single-segment POSIX root "/hashed-key" — surfaced-skip (cannot determine; not blocking)
[info] path-lint surfaced-skip CONTEXT.md:1561 single-segment POSIX root "/CI" — surfaced-skip (cannot determine; not blocking)
[info] path-lint surfaced-skip CONTEXT.md:1561 single-segment POSIX root "/defer" — surfaced-skip (cannot determine; not blocking)
[info] path-lint surfaced-skip CONTEXT.md:1578 single-segment POSIX root "/refactor" — surfaced-skip (cannot determine; not blocking)
[info] path-lint surfaced-skip CONTEXT.md:1581 single-segment POSIX root "/options" — surfaced-skip (cannot determine; not blocking)
[info] path-lint surfaced-skip CONTEXT.md:1587 single-segment POSIX root "/schema" — surfaced-skip (cannot determine; not blocking)
[info] path-lint surfaced-skip CONTEXT.md:1626 single-segment POSIX root "/D-002" — surfaced-skip (cannot determine; not blocking)
[info] path-lint surfaced-skip README.md:5 single-segment POSIX root "/p" — surfaced-skip (cannot determine; not blocking)
[info] path-lint surfaced-skip README.zh-CN.md:5 single-segment POSIX root "/p" — surfaced-skip (cannot determine; not blocking)
[info] path-lint surfaced-skip README.zh-CN.md:159 single-segment POSIX root "/Record" — surfaced-skip (cannot determine; not blocking)
[info] path-lint surfaced-skip docs/adr/0001-typescript-pi-skeleton.md:36 single-segment POSIX root "/skill" — surfaced-skip (cannot determine; not blocking)
[info] path-lint surfaced-skip docs/adr/0001-typescript-pi-skeleton.md:36 single-segment POSIX root "/reviewable" — surfaced-skip (cannot determine; not blocking)
[info] path-lint surfaced-skip docs/adr/0002-domain-authority-cc-persona-toml.md:26 single-segment POSIX root "/skill" — surfaced-skip (cannot determine; not blocking)
[info] path-lint surfaced-skip docs/adr/0007-architecture-grill-round-4-pi-agent-core-integration.md:13 single-segment POSIX root "/subscribe" — surfaced-skip (cannot determine; not blocking)
[info] path-lint surfaced-skip docs/adr/0009-architecture-grill-round-6-phase3-plugin-design.md:52 single-segment POSIX root "/token" — surfaced-skip (cannot determine; not blocking)
[info] path-lint surfaced-skip docs/adr/0009-architecture-grill-round-6-phase3-plugin-design.md:108 single-segment POSIX root "/MCP" — surfaced-skip (cannot determine; not blocking)
[info] path-lint surfaced-skip docs/adr/0009-architecture-grill-round-6-phase3-plugin-design.md:108 single-segment POSIX root "/FTS5" — surfaced-skip (cannot determine; not blocking)
[info] path-lint surfaced-skip docs/adr/0009-architecture-grill-round-6-phase3-plugin-design.md:136 single-segment POSIX root "/schema" — surfaced-skip (cannot determine; not blocking)
[info] path-lint surfaced-skip docs/adr/0010-architecture-grill-round-7-post-phase3-evolution.md:114 single-segment POSIX root "/fail-open" — surfaced-skip (cannot determine; not blocking)
[info] path-lint surfaced-skip docs/adr/0011-architecture-grill-round-8-sessionstart-progressive-disclosure.md:102 single-segment POSIX root "/ADR" — surfaced-skip (cannot determine; not blocking)
[info] path-lint surfaced-skip docs/adr/0011-architecture-grill-round-8-sessionstart-progressive-disclosure.md:104 single-segment POSIX root "/health" — surfaced-skip (cannot determine; not blocking)
[info] path-lint surfaced-skip docs/adr/0012-architecture-grill-round-9-l0l1-memory-pipeline-per-platform.md:35 single-segment POSIX root "/shouldCompact" — surfaced-skip (cannot determine; not blocking)
[info] path-lint surfaced-skip docs/adr/0014-architecture-grill-round-11-sufficiency-gate-deepening.md:21 single-segment POSIX root "/workflow" — surfaced-skip (cannot determine; not blocking)
[info] path-lint surfaced-skip docs/adr/0021-architecture-grill-round-18-memorypipeline-deepen-threshold-injection-ship-evidence.md:31 single-segment POSIX root "/StaticCompactionPolicy" — surfaced-skip (cannot determine; not blocking)
[info] path-lint surfaced-skip docs/adr/0021-architecture-grill-round-18-memorypipeline-deepen-threshold-injection-ship-evidence.md:79 single-segment POSIX root "/anchor" — surfaced-skip (cannot determine; not blocking)
[info] path-lint surfaced-skip docs/adr/0022-architecture-grill-round-19-consumer-answer-mode-exposure.md:61 single-segment POSIX root "/answer" — surfaced-skip (cannot determine; not blocking)
[info] path-lint surfaced-skip docs/adr/0024-architecture-grill-round-21-t0-memory-md-durable-preference-layer.md:23 single-segment POSIX root "/remember" — surfaced-skip (cannot determine; not blocking)
[info] path-lint surfaced-skip docs/adr/0024-architecture-grill-round-21-t0-memory-md-durable-preference-layer.md:25 single-segment POSIX root "/forget" — surfaced-skip (cannot determine; not blocking)
[info] path-lint surfaced-skip docs/adr/0024-architecture-grill-round-21-t0-memory-md-durable-preference-layer.md:40 single-segment POSIX root "/remember" — surfaced-skip (cannot determine; not blocking)
[info] path-lint surfaced-skip docs/adr/0024-architecture-grill-round-21-t0-memory-md-durable-preference-layer.md:40 single-segment POSIX root "/forget" — surfaced-skip (cannot determine; not blocking)
[info] path-lint surfaced-skip docs/adr/0024-architecture-grill-round-21-t0-memory-md-durable-preference-layer.md:65 single-segment POSIX root "/remember" — surfaced-skip (cannot determine; not blocking)
[info] path-lint surfaced-skip docs/adr/0024-architecture-grill-round-21-t0-memory-md-durable-preference-layer.md:67 single-segment POSIX root "/forget" — surfaced-skip (cannot determine; not blocking)
[info] path-lint surfaced-skip docs/adr/0024-architecture-grill-round-21-t0-memory-md-durable-preference-layer.md:72 single-segment POSIX root "/forget" — surfaced-skip (cannot determine; not blocking)
[info] path-lint surfaced-skip docs/adr/0025-architecture-grill-round-22-native-smoke-ci-and-pref-review.md:14 single-segment POSIX root "/CI" — surfaced-skip (cannot determine; not blocking)
[info] path-lint surfaced-skip docs/adr/0025-architecture-grill-round-22-native-smoke-ci-and-pref-review.md:55 single-segment POSIX root "/memory" — surfaced-skip (cannot determine; not blocking)
[info] path-lint surfaced-skip docs/adr/0028-architecture-grill-round-25-eval-hardening-secret-guard-and-parity.md:13 single-segment POSIX root "/expected" — surfaced-skip (cannot determine; not blocking)
[info] path-lint surfaced-skip docs/adr/0028-architecture-grill-round-25-eval-hardening-secret-guard-and-parity.md:71 single-segment POSIX root "/README" — surfaced-skip (cannot determine; not blocking)
[info] path-lint surfaced-skip docs/adr/0029-architecture-grill-round-26-judge-calibration-eval-budget-guard.md:14 single-segment POSIX root "/opentrain" — surfaced-skip (cannot determine; not blocking)
[info] path-lint surfaced-skip docs/adr/0029-architecture-grill-round-26-judge-calibration-eval-budget-guard.md:16 single-segment POSIX root "/TTL" — surfaced-skip (cannot determine; not blocking)
[info] path-lint surfaced-skip docs/adr/0029-architecture-grill-round-26-judge-calibration-eval-budget-guard.md:31 single-segment POSIX root "/annotators" — surfaced-skip (cannot determine; not blocking)
[info] path-lint surfaced-skip docs/adr/0029-architecture-grill-round-26-judge-calibration-eval-budget-guard.md:42 single-segment POSIX root "/raw" — surfaced-skip (cannot determine; not blocking)
[info] path-lint surfaced-skip docs/adr/0030-architecture-grill-round-27-memory-lifecycle-fused-freshness-factor.md:14 single-segment POSIX root "/i" — surfaced-skip (cannot determine; not blocking)
[info] path-lint surfaced-skip docs/adr/0030-architecture-grill-round-27-memory-lifecycle-fused-freshness-factor.md:20 single-segment POSIX root "/quarantine" — surfaced-skip (cannot determine; not blocking)
[info] path-lint surfaced-skip docs/adr/0031-architecture-grill-round-28-entity-link-layer.md:59 single-segment POSIX root "/trigram" — surfaced-skip (cannot determine; not blocking)
[info] path-lint surfaced-skip docs/adr/0038-architecture-grill-round-35-relation-gate-promotion-holdout-dual-track.md:88 single-segment POSIX root "/MDE" — surfaced-skip (cannot determine; not blocking)
[info] path-lint surfaced-skip docs/adr/0043-architecture-grill-round-40-consumed-synthetic-switch-governance.md:149 single-segment POSIX root "/bootstrap" — surfaced-skip (cannot determine; not blocking)
[info] path-lint surfaced-skip docs/adr/0050-architecture-grill-round-47-fused-score-calibration-threshold-propagation.md:12 single-segment POSIX root "/AC1" — surfaced-skip (cannot determine; not blocking)
[info] path-lint surfaced-skip docs/adr/0050-architecture-grill-round-47-fused-score-calibration-threshold-propagation.md:18 single-segment POSIX root "/revision" — surfaced-skip (cannot determine; not blocking)
[info] path-lint surfaced-skip docs/adr/0055-architecture-grill-round-52-authorization-policy-single-source.md:25 single-segment POSIX root "/policy" — surfaced-skip (cannot determine; not blocking)
[info] path-lint surfaced-skip docs/adr/0055-architecture-grill-round-52-authorization-policy-single-source.md:25 single-segment POSIX root "/recall" — surfaced-skip (cannot determine; not blocking)
[info] path-lint surfaced-skip docs/adr/0055-architecture-grill-round-52-authorization-policy-single-source.md:57 single-segment POSIX root "/policy" — surfaced-skip (cannot determine; not blocking)
[info] path-lint surfaced-skip docs/adr/0055-architecture-grill-round-52-authorization-policy-single-source.md:65 single-segment POSIX root "/policy" — surfaced-skip (cannot determine; not blocking)
[info] path-lint surfaced-skip docs/adr/0057-architecture-grill-round-57-test-truthfulness-ci-credibility.md:59 single-segment POSIX root "/artifacts" — surfaced-skip (cannot determine; not blocking)
[info] path-lint surfaced-skip docs/adr/0057-architecture-grill-round-57-test-truthfulness-ci-credibility.md:123 single-segment POSIX root "/T" — surfaced-skip (cannot determine; not blocking)
[info] path-lint surfaced-skip docs/adr/0057-architecture-grill-round-57-test-truthfulness-ci-credibility.md:123 single-segment POSIX root "/F" — surfaced-skip (cannot determine; not blocking)
[info] path-lint surfaced-skip docs/adr/0057-architecture-grill-round-57-test-truthfulness-ci-credibility.md:123 single-segment POSIX root "/health" — surfaced-skip (cannot determine; not blocking)
[info] path-lint surfaced-skip docs/adr/0063-architecture-grill-round-62-real-usability-closure.md:84 single-segment POSIX root "/GOLDEN_CASES" — surfaced-skip (cannot determine; not blocking)
[info] path-lint surfaced-skip docs/adr/0063-architecture-grill-round-62-real-usability-closure.md:124 single-segment POSIX root "/research" — surfaced-skip (cannot determine; not blocking)
[info] path-lint surfaced-skip docs/adr/0065-architecture-grill-round-64-quarantine-ttl-adjudication-assertion-granularity.md:36 single-segment POSIX root "/settings-shaped" — surfaced-skip (cannot determine; not blocking)
[info] path-lint surfaced-skip docs/adr/0065-architecture-grill-round-64-quarantine-ttl-adjudication-assertion-granularity.md:63 single-segment POSIX root "/deprecated" — surfaced-skip (cannot determine; not blocking)
[info] path-lint surfaced-skip docs/adr/0065-architecture-grill-round-64-quarantine-ttl-adjudication-assertion-granularity.md:65 single-segment POSIX root "/deprecated" — surfaced-skip (cannot determine; not blocking)
[info] path-lint surfaced-skip docs/adr/0066-architecture-grill-round-65-real-host-deployment-codebuddy-hooks-contract.md:25 single-segment POSIX root "/hooks.json" — surfaced-skip (cannot determine; not blocking)
[info] path-lint surfaced-skip docs/adr/0066-architecture-grill-round-65-real-host-deployment-codebuddy-hooks-contract.md:69 single-segment POSIX root "/hooks.json" — surfaced-skip (cannot determine; not blocking)
[info] path-lint surfaced-skip docs/adr/0067-architecture-grill-round-66-claude-code-host-contract-release-channel.md:83 single-segment POSIX root "/index" — surfaced-skip (cannot determine; not blocking)
[info] path-lint surfaced-skip docs/adr/0067-architecture-grill-round-66-claude-code-host-contract-release-channel.md:113 single-segment POSIX root "/index" — surfaced-skip (cannot determine; not blocking)
[info] path-lint surfaced-skip docs/adr/0068-architecture-grill-round-67-codex-01425-host-contract-envelope.md:73 single-segment POSIX root "/index" — surfaced-skip (cannot determine; not blocking)
[info] path-lint surfaced-skip docs/adr/0068-architecture-grill-round-67-codex-01425-host-contract-envelope.md:136 single-segment POSIX root "/index" — surfaced-skip (cannot determine; not blocking)
[info] path-lint surfaced-skip docs/adr/0071-architecture-grill-round-70-verification-timing-hardening.md:40 single-segment POSIX root "/exit-10" — surfaced-skip (cannot determine; not blocking)
[info] path-lint surfaced-skip docs/adr/0071-architecture-grill-round-70-verification-timing-hardening.md:83 single-segment POSIX root "/check-runs" — surfaced-skip (cannot determine; not blocking)
[info] path-lint surfaced-skip docs/adr/0072-architecture-grill-round-71-first-release-path-governance-embedding-reachability.md:45 single-segment POSIX root "/x" — surfaced-skip (cannot determine; not blocking)
[info] path-lint surfaced-skip docs/adr/0072-architecture-grill-round-71-first-release-path-governance-embedding-reachability.md:49 single-segment POSIX root "/x" — surfaced-skip (cannot determine; not blocking)
[info] path-lint surfaced-skip docs/adr/0072-architecture-grill-round-71-first-release-path-governance-embedding-reachability.md:89 single-segment POSIX root "/node_modules" — surfaced-skip (cannot determine; not blocking)
[info] path-lint surfaced-skip docs/adr/0073-architecture-grill-round-72-deepseek-harness-host-adaptation.md:45 single-segment POSIX root "/index" — surfaced-skip (cannot determine; not blocking)
[info] path-lint surfaced-skip docs/adr/0073-architecture-grill-round-72-deepseek-harness-host-adaptation.md:49 single-segment POSIX root "/policy" — surfaced-skip (cannot determine; not blocking)
[info] path-lint surfaced-skip docs/adr/0073-architecture-grill-round-72-deepseek-harness-host-adaptation.md:50 single-segment POSIX root "/recall" — surfaced-skip (cannot determine; not blocking)
[info] path-lint surfaced-skip docs/adr/0073-architecture-grill-round-72-deepseek-harness-host-adaptation.md:50 single-segment POSIX root "/index" — surfaced-skip (cannot determine; not blocking)
[info] path-lint surfaced-skip docs/adr/0073-architecture-grill-round-72-deepseek-harness-host-adaptation.md:101 single-segment POSIX root "/index" — surfaced-skip (cannot determine; not blocking)
[info] path-lint surfaced-skip docs/adr/0074-architecture-grill-round-73-dsh-upstream-family-pinning-and-stack-landing.md:19 single-segment POSIX root "/regen" — surfaced-skip (cannot determine; not blocking)
[info] path-lint surfaced-skip docs/adr/0076-architecture-grill-round-75-transformers-ghost-dep-judgement.md:65 single-segment POSIX root "/dynamic" — surfaced-skip (cannot determine; not blocking)
[info] path-lint surfaced-skip docs/adr/0077-architecture-grill-round-76-silent-drift-governance-liquidation.md:95 single-segment POSIX root "/agent" — surfaced-skip (cannot determine; not blocking)
[info] path-lint surfaced-skip docs/adr/0078-architecture-grill-round-77-dsh-upstream-watch-funnel-and-governance-backlog-liquidation.md:126 single-segment POSIX root "/alpha" — surfaced-skip (cannot determine; not blocking)
[info] path-lint surfaced-skip docs/adr/0079-architecture-grill-round-78-gate-calibration-pathlint-detector-and-repin-matrix.md:16 single-segment POSIX root "/Users" — surfaced-skip (cannot determine; not blocking)
[info] path-lint surfaced-skip docs/adr/0079-architecture-grill-round-78-gate-calibration-pathlint-detector-and-repin-matrix.md:16 single-segment POSIX root "/home" — surfaced-skip (cannot determine; not blocking)
[info] path-lint surfaced-skip docs/adr/0079-architecture-grill-round-78-gate-calibration-pathlint-detector-and-repin-matrix.md:16 single-segment POSIX root "/tmp" — surfaced-skip (cannot determine; not blocking)
[info] path-lint surfaced-skip docs/adr/0079-architecture-grill-round-78-gate-calibration-pathlint-detector-and-repin-matrix.md:36 single-segment POSIX root "/x" — surfaced-skip (cannot determine; not blocking)
[info] path-lint surfaced-skip docs/adr/0079-architecture-grill-round-78-gate-calibration-pathlint-detector-and-repin-matrix.md:36 single-segment POSIX root "/etc" — surfaced-skip (cannot determine; not blocking)
[info] path-lint surfaced-skip docs/adr/0079-architecture-grill-round-78-gate-calibration-pathlint-detector-and-repin-matrix.md:102 single-segment POSIX root "/x" — surfaced-skip (cannot determine; not blocking)
[info] path-lint surfaced-skip docs/adr/0079-architecture-grill-round-78-gate-calibration-pathlint-detector-and-repin-matrix.md:105 single-segment POSIX root "/x" — surfaced-skip (cannot determine; not blocking)
[info] path-lint surfaced-skip docs/adr/0080-architecture-grill-round-79-pathlint-exemption-domain-contract-convergence.md:17 single-segment POSIX root "/x" — surfaced-skip (cannot determine; not blocking)
[info] path-lint surfaced-skip docs/adr/0080-architecture-grill-round-79-pathlint-exemption-domain-contract-convergence.md:29 single-segment POSIX root "/x" — surfaced-skip (cannot determine; not blocking)
[info] path-lint surfaced-skip docs/adr/0080-architecture-grill-round-79-pathlint-exemption-domain-contract-convergence.md:33 single-segment POSIX root "/x" — surfaced-skip (cannot determine; not blocking)
[info] path-lint surfaced-skip docs/adr/0080-architecture-grill-round-79-pathlint-exemption-domain-contract-convergence.md:67 single-segment POSIX root "/info" — surfaced-skip (cannot determine; not blocking)
[info] path-lint surfaced-skip docs/adr/0080-architecture-grill-round-79-pathlint-exemption-domain-contract-convergence.md:76 single-segment POSIX root "/x" — surfaced-skip (cannot determine; not blocking)
[info] path-lint surfaced-skip docs/adr/0080-architecture-grill-round-79-pathlint-exemption-domain-contract-convergence.md:77 single-segment POSIX root "/x" — surfaced-skip (cannot determine; not blocking)
[info] path-lint surfaced-skip docs/adr/0081-architecture-grill-round-80-release-readiness-dsh-plugin-e6-freshness.md:63 single-segment POSIX root "/PR" — surfaced-skip (cannot determine; not blocking)
[info] path-lint surfaced-skip docs/adr/0081-architecture-grill-round-80-release-readiness-dsh-plugin-e6-freshness.md:84 single-segment POSIX root "/TP" — surfaced-skip (cannot determine; not blocking)
[info] path-lint surfaced-skip docs/adr/0082-architecture-grill-round-81-product-inhalation-provider-serverside-diagnosis.md:21 single-segment POSIX root "/H3" — surfaced-skip (cannot determine; not blocking)
[info] path-lint surfaced-skip docs/adr/0082-architecture-grill-round-81-product-inhalation-provider-serverside-diagnosis.md:21 single-segment POSIX root "/H4" — surfaced-skip (cannot determine; not blocking)
[info] path-lint surfaced-skip docs/adr/0082-architecture-grill-round-81-product-inhalation-provider-serverside-diagnosis.md:21 single-segment POSIX root "/health" — surfaced-skip (cannot determine; not blocking)
[info] path-lint surfaced-skip docs/adr/0082-architecture-grill-round-81-product-inhalation-provider-serverside-diagnosis.md:22 single-segment POSIX root "/mcp" — surfaced-skip (cannot determine; not blocking)
[info] path-lint surfaced-skip docs/adr/0082-architecture-grill-round-81-product-inhalation-provider-serverside-diagnosis.md:25 single-segment POSIX root "/mcp" — surfaced-skip (cannot determine; not blocking)
[info] path-lint surfaced-skip docs/adr/0082-architecture-grill-round-81-product-inhalation-provider-serverside-diagnosis.md:25 single-segment POSIX root "/mcp" — surfaced-skip (cannot determine; not blocking)
[info] path-lint surfaced-skip docs/adr/0082-architecture-grill-round-81-product-inhalation-provider-serverside-diagnosis.md:35 single-segment POSIX root "/license" — surfaced-skip (cannot determine; not blocking)
[info] path-lint surfaced-skip docs/adr/0082-architecture-grill-round-81-product-inhalation-provider-serverside-diagnosis.md:43 single-segment POSIX root "/mcp" — surfaced-skip (cannot determine; not blocking)
[info] path-lint surfaced-skip docs/adr/0082-architecture-grill-round-81-product-inhalation-provider-serverside-diagnosis.md:44 single-segment POSIX root "/mock" — surfaced-skip (cannot determine; not blocking)
[info] path-lint surfaced-skip docs/adr/0082-architecture-grill-round-81-product-inhalation-provider-serverside-diagnosis.md:56 single-segment POSIX root "/TP" — surfaced-skip (cannot determine; not blocking)
[info] path-lint surfaced-skip docs/adr/0082-architecture-grill-round-81-product-inhalation-provider-serverside-diagnosis.md:60 single-segment POSIX root "/mcp" — surfaced-skip (cannot determine; not blocking)
[info] path-lint surfaced-skip docs/adr/0082-architecture-grill-round-81-product-inhalation-provider-serverside-diagnosis.md:62 single-segment POSIX root "/mcp" — surfaced-skip (cannot determine; not blocking)
[info] path-lint surfaced-skip docs/adr/0083-architecture-grill-round-82-anysearch-mcp-migration.md:9 single-segment POSIX root "/mcp" — surfaced-skip (cannot determine; not blocking)
[info] path-lint surfaced-skip docs/adr/0083-architecture-grill-round-82-anysearch-mcp-migration.md:25 single-segment POSIX root "/Content-Type" — surfaced-skip (cannot determine; not blocking)
[info] path-lint surfaced-skip docs/adr/0083-architecture-grill-round-82-anysearch-mcp-migration.md:36 single-segment POSIX root "/mcp" — surfaced-skip (cannot determine; not blocking)
[info] path-lint surfaced-skip docs/adr/0083-architecture-grill-round-82-anysearch-mcp-migration.md:44 single-segment POSIX root "/SSE" — surfaced-skip (cannot determine; not blocking)
[info] path-lint surfaced-skip docs/adr/0083-architecture-grill-round-82-anysearch-mcp-migration.md:44 single-segment POSIX root "/session-id" — surfaced-skip (cannot determine; not blocking)
[info] path-lint surfaced-skip docs/adr/0083-architecture-grill-round-82-anysearch-mcp-migration.md:65 single-segment POSIX root "/R2" — surfaced-skip (cannot determine; not blocking)
[info] path-lint surfaced-skip docs/adr/0083-architecture-grill-round-82-anysearch-mcp-migration.md:65 single-segment POSIX root "/TE1" — surfaced-skip (cannot determine; not blocking)
[info] path-lint surfaced-skip docs/adr/0086-architecture-grill-round-85-delta-rerun-prereg-readout-nogo.md:27 single-segment POSIX root "/peek" — surfaced-skip (cannot determine; not blocking)
[info] path-lint surfaced-skip docs/adr/0086-architecture-grill-round-85-delta-rerun-prereg-readout-nogo.md:29 single-segment POSIX root "/all-pass" — surfaced-skip (cannot determine; not blocking)
[info] path-lint surfaced-skip docs/adr/0086-architecture-grill-round-85-delta-rerun-prereg-readout-nogo.md:37 single-segment POSIX root "/isVerticalEntry" — surfaced-skip (cannot determine; not blocking)
[info] path-lint surfaced-skip docs/adr/0087-architecture-grill-round-86-green-gate-ship.md:19 single-segment POSIX root "/classifyProviderError" — surfaced-skip (cannot determine; not blocking)
[info] path-lint surfaced-skip docs/adr/0087-architecture-grill-round-86-green-gate-ship.md:23 single-segment POSIX root "/mcp" — surfaced-skip (cannot determine; not blocking)
[info] path-lint surfaced-skip docs/adr/0088-architecture-grill-round-87-release-closeout-ship.md:37 single-segment POSIX root "/mcp" — surfaced-skip (cannot determine; not blocking)
[info] path-lint surfaced-skip docs/adr/0090-architecture-grill-round-89-dsh-upstream-line.md:22 single-segment POSIX root "/web" — surfaced-skip (cannot determine; not blocking)
[info] path-lint surfaced-skip docs/adr/0091-architecture-grill-round-90-dsh-native-tool-plane.md:21 single-segment POSIX root "/mcp" — surfaced-skip (cannot determine; not blocking)
[info] path-lint surfaced-skip docs/adr/0091-architecture-grill-round-90-dsh-native-tool-plane.md:23 single-segment POSIX root "/mcp" — surfaced-skip (cannot determine; not blocking)
[info] path-lint surfaced-skip docs/agents/audit-checklist.md:98 single-segment POSIX root "/rrfArmImpact" — surfaced-skip (cannot determine; not blocking)
[info] path-lint surfaced-skip docs/agents/audit-checklist.md:128 single-segment POSIX root "/JSON" — surfaced-skip (cannot determine; not blocking)
[info] path-lint surfaced-skip docs/agents/audit-checklist.md:140 single-segment POSIX root "/Acceptance" — surfaced-skip (cannot determine; not blocking)
[info] path-lint surfaced-skip docs/agents/audit-checklist.md:140 single-segment POSIX root "/Research" — surfaced-skip (cannot determine; not blocking)
[info] path-lint surfaced-skip docs/agents/audit-checklist.md:164 single-segment POSIX root "/Impl" — surfaced-skip (cannot determine; not blocking)
[info] path-lint surfaced-skip docs/agents/audit-checklist.md:164 single-segment POSIX root "/Acceptance" — surfaced-skip (cannot determine; not blocking)
[info] path-lint surfaced-skip docs/agents/audit-checklist.md:164 single-segment POSIX root "/Research" — surfaced-skip (cannot determine; not blocking)
[info] path-lint surfaced-skip docs/agents/audit-checklist.md:189 single-segment POSIX root "/Acceptance" — surfaced-skip (cannot determine; not blocking)
[info] path-lint surfaced-skip docs/agents/audit-checklist.md:205 single-segment POSIX root "/t2-fail" — surfaced-skip (cannot determine; not blocking)
[info] path-lint surfaced-skip docs/agents/audit-checklist.md:205 single-segment POSIX root "/t3-fail" — surfaced-skip (cannot determine; not blocking)
[info] path-lint surfaced-skip docs/agents/audit-checklist.md:241 single-segment POSIX root "/fingerprint" — surfaced-skip (cannot determine; not blocking)
[info] path-lint surfaced-skip docs/agents/audit-checklist.md:263 single-segment POSIX root "/CAS" — surfaced-skip (cannot determine; not blocking)
[info] path-lint surfaced-skip docs/agents/domain.md:26 single-segment POSIX root "/domain-modeling" — surfaced-skip (cannot determine; not blocking)
[info] path-lint surfaced-skip docs/agents/domain.md:26 single-segment POSIX root "/grill-with-docs" — surfaced-skip (cannot determine; not blocking)
[info] path-lint surfaced-skip docs/agents/domain.md:26 single-segment POSIX root "/improve-codebase-architecture" — surfaced-skip (cannot determine; not blocking)
[info] path-lint surfaced-skip docs/agents/domain.md:30 single-segment POSIX root "/domain-modeling" — surfaced-skip (cannot determine; not blocking)
[info] path-lint surfaced-skip docs/agents/issue-tracker.md:8 single-segment POSIX root "/spec.md" — surfaced-skip (cannot determine; not blocking)
[info] path-lint surfaced-skip docs/agents/issue-tracker.md:24 single-segment POSIX root "/spec.md" — surfaced-skip (cannot determine; not blocking)
[info] path-lint surfaced-skip docs/antigravity-integration.md:66 single-segment POSIX root "/preheat" — surfaced-skip (cannot determine; not blocking)
[info] path-lint surfaced-skip docs/antigravity-integration.md:66 single-segment POSIX root "/recall" — surfaced-skip (cannot determine; not blocking)
[info] path-lint surfaced-skip docs/antigravity-integration.md:66 single-segment POSIX root "/index" — surfaced-skip (cannot determine; not blocking)
[info] path-lint surfaced-skip docs/antigravity-integration.md:66 single-segment POSIX root "/policy" — surfaced-skip (cannot determine; not blocking)
[info] path-lint surfaced-skip docs/antigravity-integration.md:125 single-segment POSIX root "/index" — surfaced-skip (cannot determine; not blocking)
[info] path-lint surfaced-skip docs/antigravity-integration.md:133 single-segment POSIX root "/anysearch-pending.jsonl" — surfaced-skip (cannot determine; not blocking)
[info] path-lint surfaced-skip docs/antigravity-integration.md:155 single-segment POSIX root "/index" — surfaced-skip (cannot determine; not blocking)
[info] path-lint surfaced-skip docs/claude-integration.md:23 single-segment POSIX root "/index" — surfaced-skip (cannot determine; not blocking)
[info] path-lint surfaced-skip docs/claude-integration.md:99 single-segment POSIX root "/index" — surfaced-skip (cannot determine; not blocking)
[info] path-lint surfaced-skip docs/codebuddy-integration.md:32 single-segment POSIX root "/models" — surfaced-skip (cannot determine; not blocking)
[info] path-lint surfaced-skip docs/codebuddy-integration.md:95 single-segment POSIX root "/index" — surfaced-skip (cannot determine; not blocking)
[info] path-lint surfaced-skip docs/codex-integration.md:41 single-segment POSIX root "/index" — surfaced-skip (cannot determine; not blocking)
[info] path-lint surfaced-skip docs/codex-integration.md:67 single-segment POSIX root "/preheat" — surfaced-skip (cannot determine; not blocking)
[info] path-lint surfaced-skip docs/codex-integration.md:67 single-segment POSIX root "/recall" — surfaced-skip (cannot determine; not blocking)
[info] path-lint surfaced-skip docs/codex-integration.md:67 single-segment POSIX root "/index" — surfaced-skip (cannot determine; not blocking)
[info] path-lint surfaced-skip docs/codex-integration.md:67 single-segment POSIX root "/policy" — surfaced-skip (cannot determine; not blocking)
[info] path-lint surfaced-skip docs/codex-integration.md:123 single-segment POSIX root "/index" — surfaced-skip (cannot determine; not blocking)
[info] path-lint surfaced-skip docs/deepseek-harness-integration.md:28 single-segment POSIX root "/cordis.patch.yml" — surfaced-skip (cannot determine; not blocking)
[info] path-lint surfaced-skip docs/deepseek-harness-integration.md:92 single-segment POSIX root "/index" — surfaced-skip (cannot determine; not blocking)
[info] path-lint surfaced-skip docs/deepseek-harness-integration.md:95 single-segment POSIX root "/policy" — surfaced-skip (cannot determine; not blocking)
[info] path-lint surfaced-skip docs/deepseek-harness-integration.md:95 single-segment POSIX root "/recall" — surfaced-skip (cannot determine; not blocking)
[info] path-lint surfaced-skip docs/deepseek-harness-integration.md:95 single-segment POSIX root "/index" — surfaced-skip (cannot determine; not blocking)
[info] path-lint surfaced-skip docs/deepseek-harness-integration.md:99 single-segment POSIX root "/mcp" — surfaced-skip (cannot determine; not blocking)
[info] path-lint surfaced-skip docs/deepseek-harness-integration.md:141 single-segment POSIX root "/index" — surfaced-skip (cannot determine; not blocking)
[info] path-lint surfaced-skip docs/limitations.md:7 single-segment POSIX root "/hooks.json" — surfaced-skip (cannot determine; not blocking)
[info] path-lint surfaced-skip docs/limitations.md:49 single-segment POSIX root "/injectSteps" — surfaced-skip (cannot determine; not blocking)
[info] path-lint surfaced-skip docs/limitations.md:52 single-segment POSIX root "/index" — surfaced-skip (cannot determine; not blocking)
[info] path-lint surfaced-skip docs/limitations.md:56 single-segment POSIX root "/index" — surfaced-skip (cannot determine; not blocking)
[info] path-lint surfaced-skip docs/limitations.md:99 single-segment POSIX root "/research" — surfaced-skip (cannot determine; not blocking)
[info] path-lint surfaced-skip docs/per-platform-verification.md:52 single-segment POSIX root "/health" — surfaced-skip (cannot determine; not blocking)
[pass] path-lint: 507 registered doc(s) clean (in-repo refs repo-relative; machine-local paths declared)
[info] step 2/9: validate domains/*.toml compaction guards
(node:10440) [DEP0190] DeprecationWarning: Passing args to a child process with shell option true can lead to security vulnerabilities, as the arguments are not escaped, only concatenated.
(Use `node --trace-deprecation ...` to show where the warning was created)
[pass] default.toml OK
[pass] docs.toml OK
[pass] research.toml OK
[pass] validate-domains green (3 file(s))
[pass] domains/*.toml compaction guards green
[info] step 4/9: pnpm pack into temp dir
package: @anysearch-cli/kernel@0.1.0
Tarball Contents
LICENSE
package.json
src/attribution-schema.ts
src/attribution.ts
src/calibrate.ts
src/composition.ts
src/engine.ts
src/index.ts
src/ir-schema.ts
src/llm-init.ts
src/memory-pipeline.ts
src/pi-runtime.ts
src/ports.ts
src/query-rewrite.ts
src/runtime.ts
src/sufficiency-gate.ts
src/t0-projection.ts
src/tool-json-schemas.ts
src/tool-schemas.ts
test/attribution.test.ts
test/calibrate.test.ts
test/composition-calibration.test.ts
test/composition-vertical.test.ts
test/content-trust.test.ts
test/domain-filter.test.ts
test/engine.test.ts
test/eval-looks-stub.test.ts
test/fusion-web.test.ts
test/llm-init.test.ts
test/memory-pipeline.test.ts
test/pi-runtime-span.test.ts
test/pi-runtime.test.ts
test/qdf-store-import.test.ts
test/query-rewrite.test.ts
test/runtime.test.ts
test/t0-projection.test.ts
test/tool-schemas.test.ts
test/vertical-domain.test.ts
tsconfig.json
Tarball Details
C:\Users\ADMINI~1\AppData\Local\Temp\anysearch-ship-gate-f3Wpvd\pack\anysearch-cli-kernel-0.1.0.tgz
[pass] packed @anysearch-cli/kernel@0.1.0
$ pnpm run build
$ tsup
[34mCLI[39m Building entry: src/index.ts
[34mCLI[39m Using tsconfig: tsconfig.json
[34mCLI[39m tsup v8.5.1
[34mCLI[39m Using tsup config: D:\Aworker\anysearch-cli\packages\embedding\tsup.config.ts
[34mCLI[39m Target: es2022
[34mCLI[39m Cleaning output folder
[34mESM[39m Build start
[32mESM[39m [1mdist\index.js [22m[32m3.04 KB[39m
[32mESM[39m ⚡️ Build success in 14ms
[34mDTS[39m Build start
[32mDTS[39m ⚡️ Build success in 1599ms
[32mDTS[39m [1mdist\index.d.ts [22m[32m868.00 B[39m
package: @anysearch-cli/embedding@0.1.0
Tarball Contents
dist/index.d.ts
dist/index.js
LICENSE
package.json
Tarball Details
C:\Users\ADMINI~1\AppData\Local\Temp\anysearch-ship-gate-f3Wpvd\pack\anysearch-cli-embedding-0.1.0.tgz
[pass] packed @anysearch-cli/embedding@0.1.0
package: @anysearch-cli/store@0.1.0
Tarball Contents
calibration-labels.jsonl
calibration-manifest.json
eval-baseline.json
eval-quarantine.baseline.json
eval-quarantine.json
fixtures/obs-feed/MANIFEST.json
fixtures/obs-feed/pass-stable.json
fixtures/obs-feed/t1-fail.json
fixtures/obs-feed/t2-fail.json
fixtures/obs-feed/t3-fail.json
fixtures/pathlint/green.md
fixtures/pathlint/red.md
fixtures/switch-registration.json
LICENSE
package.json
src/access-chain.ts
src/budget-ledger.ts
src/consolidate.ts
src/domain-loader.ts
src/domain-schema.ts
src/embedding-arm.ts
src/entity.ts
src/eval/abstain.ts
src/eval/attribution-calibration.ts
src/eval/attribution-gold.ts
src/eval/attribution-instance-report.ts
src/eval/bgnbd.ts
src/eval/calibration-cases.ts
src/eval/calibration-labels-schema.ts
src/eval/calibration-labels.ts
src/eval/cli.ts
src/eval/day-buckets.ts
src/eval/docs-golden.ts
src/eval/explicit-skip.ts
src/eval/gate.ts
src/eval/golden-cases.ts
src/eval/holdout.ts
src/eval/inject.ts
src/eval/integrity-contract.ts
src/eval/looks-ledger.ts
src/eval/obs-fixtures.ts
src/eval/override-core.ts
src/eval/override-ledger.ts
src/eval/override-verifier.ts
src/eval/quarantine-ledger.ts
src/eval/relevance-review.json
src/eval/revision-core.ts
src/eval/runner.ts
src/eval/skip-ledger.ts
src/eval/switch-machine.ts
src/eval/switch-run.ts
src/eval/tau-scan-cli.ts
src/eval/tau-scan.ts
src/fts5.ts
src/index.ts
src/observation.ts
src/relation.ts
src/schema-content.ts
src/schema.sql
src/secret.ts
src/session-id.ts
src/session-store.ts
src/time-decay.ts
src/url-policy.ts
test/access-chain-bootstrap-spawn.test.ts
test/access-chain-fixtures.ts
test/access-chain-golden.test.ts
test/access-chain-nodb.test.mjs
test/access-chain-schema.test.ts
test/access-chain-telemetry.test.ts
test/access-chain-verify.test.ts
test/access-count.test.ts
test/adjudication.test.ts
test/adr-index.test.mjs
test/attribution-calibration.test.ts
test/attribution-gold.test.ts
test/attribution-instance-report.test.ts
test/bgnbd-spawn.test.ts
test/budget-ledger.test.ts
test/calibration-labels.test.ts
test/closeout-coverage.test.mjs
test/consolidate-forget.test.ts
test/day-buckets.test.ts
test/domain-loader.test.ts
test/domain-schema.test.ts
test/embedding-arm.test.ts
test/entity-link.test.ts
test/entity-merge.test.ts
test/eval-abstain.test.ts
test/eval-calibrate.test.mjs
test/eval-docs-golden.test.ts
test/eval-gate.test.ts
test/eval-holdout-gate.test.ts
test/eval-judge.test.mjs
test/eval-labels.integration.test.mjs
test/eval-looks-live-parity.test.ts
test/eval-mutation.test.ts
test/eval-override.test.ts
test/eval-quarantine-ratchet.test.mjs
test/eval-quarantine-sla.test.ts
test/eval-quarantine.test.ts
test/eval-relation-gain.test.ts
test/eval-release-layering.test.ts
test/eval-runner.test.ts
test/eval-ship-gate-integrity.test.mjs
test/eval-ship-gate-override.test.ts
test/eval-skip.test.ts
test/eval-switch-state-fixes.test.ts
test/eval-switch-state.test.ts
test/fts5-tokenize.test.ts
test/fusion-registry-memory.test.ts
test/gain-ledger.test.mjs
test/governed-json-canonical.test.mjs
test/obs-fixtures.test.ts
test/observation.test.ts
test/online/eval-looks-live.online.ts
test/online/eval-looks-vertical.online.ts
test/online/eval-semantic.online.ts
test/quarantine-review.test.ts
test/relation-edges.test.ts
test/revision-cli.integration.test.mjs
test/revision-core.test.ts
test/revision-fixture.integration.test.mjs
test/secret-guard.test.ts
test/session-id-propagation.test.ts
test/session-store.test.ts
test/ship-gate-pathlint.test.mjs
test/stale-probe.test.ts
test/stubs/access-chain-bootstrap-child.ts
test/stubs/bgnbd-exit2.mjs
test/stubs/bgnbd-garbage.mjs
test/stubs/bgnbd-nonconverge.mjs
test/stubs/bgnbd-notok.mjs
test/stubs/bgnbd-ok.mjs
test/stubs/bgnbd-slow.mjs
test/t0-preferences.test.ts
test/t6-hostile-cuts.test.mjs
test/tau-scan.test.ts
test/time-decay.test.ts
test/types/eval-integrity-contract.d.ts
test/url-policy.test.ts
tsconfig.json
Tarball Details
C:\Users\ADMINI~1\AppData\Local\Temp\anysearch-ship-gate-f3Wpvd\pack\anysearch-cli-store-0.1.0.tgz
[pass] packed @anysearch-cli/store@0.1.0
package: @anysearch-cli/retriever@0.1.0
Tarball Contents
LICENSE
package.json
src/attribution.ts
src/content-trust.ts
src/contract.ts
src/fusion-registry.ts
src/index.ts
src/providers/anysearch.ts
src/providers/exa.ts
src/providers/index.ts
src/providers/tavily.ts
src/rrf.ts
test/anysearch.test.ts
test/content-trust-deny.test.ts
test/domain-filter.test.ts
test/exa.test.ts
test/fusion-registry.test.ts
test/online/anysearch-mcp.online.ts
test/provider-error-class.test.ts
test/rrf.test.ts
test/tavily.test.ts
tsconfig.json
Tarball Details
C:\Users\ADMINI~1\AppData\Local\Temp\anysearch-ship-gate-f3Wpvd\pack\anysearch-cli-retriever-0.1.0.tgz
[pass] packed @anysearch-cli/retriever@0.1.0
$ pnpm run build
$ node scripts/sync-domains.mjs && tsup && node scripts/stamp-dist.mjs
sync-domains: 3 toml(s) -> D:\Aworker\anysearch-cli\apps\cli\domains
[34mCLI[39m Building entry: src/index.ts
[34mCLI[39m Using tsconfig: tsconfig.json
[34mCLI[39m tsup v8.5.1
[34mCLI[39m Using tsup config: D:\Aworker\anysearch-cli\apps\cli\tsup.config.ts
[34mCLI[39m Target: es2022
[34mCJS[39m Build start

[43m[30m WARN [39m[49m [33m▲ [43;33m[[43;30mWARNING[43;33m][0m [1m"import.meta" is not available with the "cjs" output format and will be empty[0m [empty-import-meta]

    src/db.ts:18:84:
[37m      18 │ ..."undefined" ? __dirname : dirname(fileURLToPath([32mimport.meta[37m.url));
         ╵                                                    [32m~~~~~~~~~~~[0m

  You need to set the output format to "esm" for "import.meta" to work correctly.




[43m[30m WARN [39m[49m [33m▲ [43;33m[[43;30mWARNING[43;33m][0m [1m"import.meta" is not available with the "cjs" output format and will be empty[0m [empty-import-meta]

    ../../packages/store/src/eval/bgnbd.ts:95:73:
[37m      95 │ ...oin(dirname(fileURLToPath([32mimport.meta[37m.url)), "..", "..", "..", ...
         ╵                              [32m~~~~~~~~~~~[0m

  You need to set the output format to "esm" for "import.meta" to work correctly.




[43m[30m WARN [39m[49m [33m▲ [43;33m[[43;30mWARNING[43;33m][0m [1m"import.meta" is not available with the "cjs" output format and will be empty[0m [empty-import-meta]

    ../../packages/store/src/eval/obs-fixtures.ts:19:66:
[37m      19 │ ...oin(dirname(fileURLToPath([32mimport.meta[37m.url)), "..", "..", "fixtu...
         ╵                              [32m~~~~~~~~~~~[0m

  You need to set the output format to "esm" for "import.meta" to work correctly.




[43m[30m WARN [39m[49m [33m▲ [43;33m[[43;30mWARNING[43;33m][0m [1m"import.meta" is not available with the "cjs" output format and will be empty[0m [empty-import-meta]

    ../../packages/store/src/eval/switch-run.ts:30:36:
[37m      30 │ ...oin(dirname(fileURLToPath([32mimport.meta[37m.url)), "..", "..", "fixtu...
         ╵                              [32m~~~~~~~~~~~[0m

  You need to set the output format to "esm" for "import.meta" to work correctly.



[34mDTS[39m Build start
[32mCJS[39m [1mdist\index.js [22m[32m10.69 MB[39m
[32mCJS[39m ⚡️ Build success in 965ms
[32mDTS[39m ⚡️ Build success in 8945ms
[32mDTS[39m [1mdist\index.d.ts [22m[32m20.00 B[39m
[stamp-dist] .build-stamp.json commit=656bcb04 dirty=false
package: @anysearch-cli/cli@0.1.0
Tarball Contents
dist/index.d.ts
dist/index.js
domains/default.toml
domains/docs.toml
domains/research.toml
LICENSE
package.json
Tarball Details
C:\Users\ADMINI~1\AppData\Local\Temp\anysearch-ship-gate-f3Wpvd\pack\anysearch-cli-cli-0.1.0.tgz
[pass] packed @anysearch-cli/cli@0.1.0
$ pnpm run build
$ node scripts/sync-domains.mjs && tsup
sync-domains: 3 toml(s) -> D:\Aworker\anysearch-cli\apps\mcp\domains
[34mCLI[39m Building entry: src/index.ts
[34mCLI[39m Using tsconfig: tsconfig.json
[34mCLI[39m tsup v8.5.1
[34mCLI[39m Using tsup config: D:\Aworker\anysearch-cli\apps\mcp\tsup.config.ts
[34mCLI[39m Target: es2022
[34mCLI[39m Cleaning output folder
[34mCJS[39m Build start

[43m[30m WARN [39m[49m [33m▲ [43;33m[[43;30mWARNING[43;33m][0m [1m"import.meta" is not available with the "cjs" output format and will be empty[0m [empty-import-meta]

    src/server.ts:43:86:
[37m      43 │ ..."undefined" ? __dirname : dirname(fileURLToPath([32mimport.meta[37m.url));
         ╵                                                    [32m~~~~~~~~~~~[0m

  You need to set the output format to "esm" for "import.meta" to work correctly.




[43m[30m WARN [39m[49m [33m▲ [43;33m[[43;30mWARNING[43;33m][0m [1m"import.meta" is not available with the "cjs" output format and will be empty[0m [empty-import-meta]

    ../../packages/store/src/eval/bgnbd.ts:95:73:
[37m      95 │ ...oin(dirname(fileURLToPath([32mimport.meta[37m.url)), "..", "..", "..", ...
         ╵                              [32m~~~~~~~~~~~[0m

  You need to set the output format to "esm" for "import.meta" to work correctly.




[43m[30m WARN [39m[49m [33m▲ [43;33m[[43;30mWARNING[43;33m][0m [1m"import.meta" is not available with the "cjs" output format and will be empty[0m [empty-import-meta]

    ../../packages/store/src/eval/obs-fixtures.ts:19:66:
[37m      19 │ ...oin(dirname(fileURLToPath([32mimport.meta[37m.url)), "..", "..", "fixtu...
         ╵                              [32m~~~~~~~~~~~[0m

  You need to set the output format to "esm" for "import.meta" to work correctly.




[43m[30m WARN [39m[49m [33m▲ [43;33m[[43;30mWARNING[43;33m][0m [1m"import.meta" is not available with the "cjs" output format and will be empty[0m [empty-import-meta]

    ../../packages/store/src/eval/switch-run.ts:30:36:
[37m      30 │ ...oin(dirname(fileURLToPath([32mimport.meta[37m.url)), "..", "..", "fixtu...
         ╵                              [32m~~~~~~~~~~~[0m

  You need to set the output format to "esm" for "import.meta" to work correctly.



[34mDTS[39m Build start
[32mCJS[39m [1mdist\index.cjs [22m[32m10.64 MB[39m
[32mCJS[39m ⚡️ Build success in 780ms
[32mDTS[39m ⚡️ Build success in 8288ms
[32mDTS[39m [1mdist\index.d.cts [22m[32m20.00 B[39m
package: @anysearch-cli/mcp@0.1.0
Tarball Contents
dist/index.cjs
dist/index.d.cts
domains/default.toml
domains/docs.toml
domains/research.toml
LICENSE
package.json
Tarball Details
C:\Users\ADMINI~1\AppData\Local\Temp\anysearch-ship-gate-f3Wpvd\pack\anysearch-cli-mcp-0.1.0.tgz
[pass] packed @anysearch-cli/mcp@0.1.0
$ pnpm run build
$ pnpm run gen:configs && pnpm run build:server && pnpm run build:hooks
$ node scripts/gen-claude-configs.mjs
wrote configs/claude/hooks.json
wrote configs/codex/hooks.json
wrote hooks/hooks.json
wrote .claude-plugin/plugin.json
wrote .mcp.json
$ tsup
[34mCLI[39m Building entry: src/index.ts, src/server/index.ts
[34mCLI[39m Using tsconfig: tsconfig.json
[34mCLI[39m tsup v8.5.1
[34mCLI[39m Using tsup config: D:\Aworker\anysearch-cli\apps\plugin\tsup.config.ts
[34mCLI[39m Target: es2022
[34mCLI[39m Cleaning output folder
[34mCJS[39m Build start

[43m[30m WARN [39m[49m [33m▲ [43;33m[[43;30mWARNING[43;33m][0m [1m"import.meta" is not available with the "cjs" output format and will be empty[0m [empty-import-meta]

    ../../packages/store/src/eval/bgnbd.ts:95:73:
[37m      95 │ ...oin(dirname(fileURLToPath([32mimport.meta[37m.url)), "..", "..", "..", ...
         ╵                              [32m~~~~~~~~~~~[0m

  You need to set the output format to "esm" for "import.meta" to work correctly.




[43m[30m WARN [39m[49m [33m▲ [43;33m[[43;30mWARNING[43;33m][0m [1m"import.meta" is not available with the "cjs" output format and will be empty[0m [empty-import-meta]

    ../../packages/store/src/eval/obs-fixtures.ts:19:66:
[37m      19 │ ...oin(dirname(fileURLToPath([32mimport.meta[37m.url)), "..", "..", "fixtu...
         ╵                              [32m~~~~~~~~~~~[0m

  You need to set the output format to "esm" for "import.meta" to work correctly.




[43m[30m WARN [39m[49m [33m▲ [43;33m[[43;30mWARNING[43;33m][0m [1m"import.meta" is not available with the "cjs" output format and will be empty[0m [empty-import-meta]

    ../../packages/store/src/eval/switch-run.ts:30:36:
[37m      30 │ ...oin(dirname(fileURLToPath([32mimport.meta[37m.url)), "..", "..", "fixtu...
         ╵                              [32m~~~~~~~~~~~[0m

  You need to set the output format to "esm" for "import.meta" to work correctly.



[32mCJS[39m [1mdist\index.cjs        [22m[32m151.46 KB[39m
[32mCJS[39m [1mdist\server\index.cjs [22m[32m333.40 KB[39m
[32mCJS[39m ⚡️ Build success in 153ms
$ esbuild src/hooks/core.ts src/hooks/distill.ts src/hooks/preheat.ts src/hooks/session-start.ts src/hooks/routing-card.ts src/hooks/server-token.ts src/hooks/adapters/claude.ts src/hooks/adapters/cursor.ts src/hooks/adapters/codex.ts src/hooks/adapters/antigravity.ts src/hooks/adapters/codebuddy.ts --bundle --platform=node --format=cjs --outdir=dist/hooks --outbase=src/hooks --out-extension:.js=.cjs --banner:js="#!/usr/bin/env node" --external:better-sqlite3 --external:@anysearch-cli/embedding

  dist\hooks\adapters\antigravity.cjs  13.8kb
  dist\hooks\adapters\cursor.cjs       11.9kb
  dist\hooks\adapters\codebuddy.cjs    11.6kb
  dist\hooks\adapters\claude.cjs       10.5kb
  dist\hooks\adapters\codex.cjs        10.3kb
  ...and 6 more output files...

Done in 31ms
package: @anysearch-cli/plugin@0.1.0
Tarball Contents
.claude-plugin/plugin.json
.mcp.json
AGENTS.md
configs/antigravity/hooks.json
configs/claude/hooks.json
configs/codebuddy/hooks.json
configs/codex/hooks.json
configs/cursor/hooks.json
dist/hooks/adapters/antigravity.cjs
dist/hooks/adapters/claude.cjs
dist/hooks/adapters/codebuddy.cjs
dist/hooks/adapters/codex.cjs
dist/hooks/adapters/cursor.cjs
dist/hooks/core.cjs
dist/hooks/distill.cjs
dist/hooks/preheat.cjs
dist/hooks/routing-card.cjs
dist/hooks/server-token.cjs
dist/hooks/session-start.cjs
dist/index.cjs
dist/server/index.cjs
hooks/hooks.json
LICENSE
package.json
skills/anysearch/SKILL.md
Tarball Details
C:\Users\ADMINI~1\AppData\Local\Temp\anysearch-ship-gate-f3Wpvd\pack\anysearch-cli-plugin-0.1.0.tgz
[pass] packed @anysearch-cli/plugin@0.1.0
package: @anysearch-cli/dsh-plugin@0.1.0
Tarball Contents
AGENTS.md
cordis.patch.yml
lib/index.d.ts
lib/index.js
LICENSE
package.json
Tarball Details
C:\Users\ADMINI~1\AppData\Local\Temp\anysearch-ship-gate-f3Wpvd\pack\anysearch-cli-dsh-plugin-0.1.0.tgz
[pass] packed @anysearch-cli/dsh-plugin@0.1.0
[info] step 6/9: T0 smoke probe (ADR-0024)
[pass] T0 smoke probe: pref --help alive, <user_preferences> wrapper documented
[pass] memory-pipeline.ts Stage-1 <user_preferences> injection present
[info] step 7/9: memory eval harness gate (ADR-0027)
[info] memory-eval integrity contract: verdict=pass runPurpose=observational
[pass] memory-eval attribution zone present (zero-state observation period)
[pass] memory-eval relation zone present (noEdge=10 hop=39)
[pass] memory-eval semantic serve + forget zones present (sem queries=79 forget archives=1)
[pass] memory-eval observational zone present (ADR-0039; values never gated, D7 streak ledger watched)
[info] switch-state: phase S0
[pass] eval fingerprint matches baseline (4a529f6fbe2096c8)
[pass] gain gate demoted to observance (verdict=unproven-positive, disposition=demote, look 8/5): full: mean=0.1617 BCa=[0.1192, 0.1917] signFlipP=0.00010 harmP=1.00000 alpha(8/5)=0.025000 — preregistered rule holds at look 8/5
[pass] memory-eval: 126/126 cases PASS, fingerprint=4a529f6fbe2096c8, passRate=1
[info] step 7b/9: emergency ship override verifier (ADR-0047)
{
  "schema": "anysearch/ship-override-ledger@1",
  "revision": 0,
  "entries": 0,
  "outstandingLate": 0
}
[info] override ledger status valid; no override action requested
[info] step 8/9: spawn plugin MCP over stdio, assert initialize result
[anysearch] endpoint ends with /v1/search — REST route is retired (ADR-0082); rewritten to http://127.0.0.1:20128/mcp
(node:15340) [DEP0040] DeprecationWarning: The `punycode` module is deprecated. Please use a userland alternative instead.
(Use `node --trace-deprecation ...` to show where the warning was created)
anysearch MCP server: stdio transport ready
[pass] MCP initialize: server=anysearch v0.1.0
[info] step 8b/9: packaged CLI/MCP observation smoke (ADR-0052)
[pass] packaged CLI/MCP observation trace round-trip green
[info] step 9/9: spawn MCP with scrubbed env, assert fail-open boot
[pass] fail-open boot ok: env scrubbed -> initialize green + stderr notice (server=anysearch v0.1.0)
[info] cross-OS native loading covered by CI native-smoke.yml 4-job matrix (ADR-0025 D1)
[pass] ship gate green — ready to tag the next release
