[info] step 0/9: permanent invariants (ADR-0059 D5)
[pass] check-workflows: OK (6 files)
[pass] clean-tree invariant: git status --porcelain is empty
[pass] gitignore-drift invariant: no tracked-but-ignored files
[task-parity] ok: 8 packages implement check/test (exemptions: none)
[pass] task parity: check/test implemented in all packages
[info] step 1/9: task parity + static rg assertions (version pin + ADR invariants)
[pass] all 8 packages pinned at 0.1.0
[pass] tool registry wires 5 ans_* tools
[pass] no console.log | stdout.write in apps/mcp/src + packages/kernel/src
[pass] tool-schemas.ts has 5 additionalProperties:false closers
[pass] attribution module exports present
[pass] attribution TypeBox schema parity (4 additionalProperties closers + enums present)
[pass] FusedEnvelope.attribution declared
[pass] MCP search/research dual-channel attribution (content + structuredContent)
[pass] ADR-0045 fusion-registry wiring: k split registered, no implicit default
[pass] ADR-0045 score_kind discipline: no bare fused score on NormalizedResult
[pass] ADR-0035 KG-lite layer: relation module + edges schema + store hooks + fifth-arm label + CLI present
[pass] ADR-0037 consolidation/forgetting layer: schema + consolidate module + store wiring + kernel 3-endpoint init present
[pass] ADR-0037 Phase-3 CLI: consolidate + forget + durable DB path present
[pass] CLI --json pure structural output, glyphs confined to kernel renderer
[pass] attribution renderer dedupes source URLs
[pass] access-events chain verified (object=consumed, exit 0 + verdict PASSED): {"verdict":"PASSED","dbPath":"C:\\Users\\Administrator\\.anysearch\\anysearch.db","legacyRows":0,"chainedRows":47,"digest":"e3b0c44298fc1c149afbf4c8996fb92427ae
[pass] ADR-0073/ADR-0091 dsh-plugin churn lint: zero runtime deps, publish-ready ESM bundle, plugin-only patch row, native ans_* plane wired
[pass] ADR-0046/0047 source gates + ADR-0062 dual-gate abstain contracts + criterion anchors + R64 D-005 migration anchors + R84 vertical-eval assertion surface + paired-delta runner
[pass] R62 D-005: offline exclusion governance (whitelist + 0.75 floor + test-online lane)
[pass] R63 T3: quarantine ratchet green (entries shrink-only vs baseline[10], renewals=0, no unruled expiry, longterm<=1)
[pass] ADR-0052 observation representation/store/export boundary and eval isolation present
[pass] ADR-0053 content trust boundary + inject probes present
[pass] freshness leg: CHANGELOG carries a current-round (r93) entry
[pass] closeout-claims r93: 14/14 registered claims re-derived green
[pass] E6 gate invariants: trustLockfile default(false), strict on, missing-time strict, zero age-excludes — upstream verify leg enforced
[pass] canonical-json: 1 governed file(s) byte-identical to canonical form (ADR-0077)
[info] step 1b/9: ADR index freshness (docs/adr/index.md, ADR-0059 D6)
[pass] gen-adr-index: docs/adr/index.md up to date (94 ADRs at HEAD)
[info] step 1c/9: engine grace-window wiring assertion (ADR-0059 D7 / ADR-0061 G1)
[pass] engine grace window wired; CONTEXT.md consistent (ADR-0061 G1)
[info] step 1d/9: ADR supersession integrity (ADR-0060 D1)
[pass] supersession-integrity: 1 supersession pointer(s) resolve with a back-reference
[info] step 1e/9: CONTEXT.md term wiring (ADR-0060 D3)
[pass] CONTEXT.md Retroaererd term wiring: L1 numeric + L2 symbols + L3 negative over-claim green (ADR-0060 D3)
[info] step 1f/9: ADR evidence-anchor resolvability (ADR-0060 D5)
[pass] evidence-anchor: 5 resolvable 40-hex reference(s), 3 external permalink(s), 0 [squashed]-whitelisted
[info] step 1g/9: closeout handoff required-field lint (ADR-0069)
[pass] closeout-coverage: 18 registered / 18 completed round(s) at floor 76
[pass] handoff-lint: 2 closeout doc(s) carry 绿色 run URL + Stack and cite a run on this round's history
[info] step 1h/9: bilingual README parity + limitations pointer (R69 D-007)
[pass] readme-parity: heading 1:1 + 7 code block(s) + 14 link(s) byte-identical; limitations pointer live
[info] step 1i/9: machine-local path discipline lint (ADR-0072)
[info] path-lint surfaced-skip .scratch/grill-round-60/decision-ledger.md:21 single-segment POSIX root "/claim" — surfaced-skip (cannot determine; not blocking)
[info] path-lint surfaced-skip .scratch/grill-round-60/goal.md:1 single-segment POSIX root "/goal" — surfaced-skip (cannot determine; not blocking)
[info] path-lint surfaced-skip .scratch/grill-round-60/q1-atomcode.md:17 single-segment POSIX root "/ground" — surfaced-skip (cannot determine; not blocking)
[info] path-lint surfaced-skip .scratch/grill-round-60/q1-atomcode.md:42 single-segment POSIX root "/skip" — surfaced-skip (cannot determine; not blocking)
[info] path-lint surfaced-skip .scratch/grill-round-60/q1-atomcode.md:44 single-segment POSIX root "/artifact" — surfaced-skip (cannot determine; not blocking)
[info] path-lint surfaced-skip .scratch/grill-round-60/q2-atomcode.md:29 single-segment POSIX root "/dated" — surfaced-skip (cannot determine; not blocking)
[info] path-lint surfaced-skip .scratch/grill-round-60/q3-atomcode.md:4 single-segment POSIX root "/CONTEXT" — surfaced-skip (cannot determine; not blocking)
[info] path-lint surfaced-skip .scratch/grill-round-60/q5-atomcode.md:2 single-segment POSIX root "/supersede" — surfaced-skip (cannot determine; not blocking)
[info] path-lint surfaced-skip .scratch/grill-round-60/q5-atomcode.md:58 single-segment POSIX root "/grill" — surfaced-skip (cannot determine; not blocking)
[info] path-lint surfaced-skip .scratch/grill-round-60/reports/2026-09-14-audit.md:89 single-segment POSIX root "/offline" — surfaced-skip (cannot determine; not blocking)
[info] path-lint surfaced-skip .scratch/grill-round-60/reports/2026-09-14-report.md:28 single-segment POSIX root "/open" — surfaced-skip (cannot determine; not blocking)
[info] path-lint surfaced-skip .scratch/grill-round-60/spec-b1.md:13 single-segment POSIX root "/e2e" — surfaced-skip (cannot determine; not blocking)
[info] path-lint surfaced-skip .scratch/grill-round-60/spec-b1.md:39 single-segment POSIX root "/domains" — surfaced-skip (cannot determine; not blocking)
[info] path-lint surfaced-skip .scratch/grill-round-60/spec-b1.md:55 single-segment POSIX root "/src" — surfaced-skip (cannot determine; not blocking)
[info] path-lint surfaced-skip .scratch/grill-round-61/decision-ledger.md:8 single-segment POSIX root "/macOS" — surfaced-skip (cannot determine; not blocking)
[info] path-lint surfaced-skip .scratch/grill-round-61/decision-ledger.md:8 single-segment POSIX root "/tavily" — surfaced-skip (cannot determine; not blocking)
[info] path-lint surfaced-skip .scratch/grill-round-61/handoffs/next-round.md:17 single-segment POSIX root "/API" — surfaced-skip (cannot determine; not blocking)
[info] path-lint surfaced-skip .scratch/grill-round-61/q2-atomcode.md:64 single-segment POSIX root "/walled-garden" — surfaced-skip (cannot determine; not blocking)
[info] path-lint surfaced-skip .scratch/grill-round-61/q3-atomcode.md:37 single-segment POSIX root "/error" — surfaced-skip (cannot determine; not blocking)
[info] path-lint surfaced-skip .scratch/grill-round-61/reports/2026-09-14-audit.md:15 single-segment POSIX root "/health" — surfaced-skip (cannot determine; not blocking)
[info] path-lint surfaced-skip .scratch/grill-round-61/reports/2026-09-14-audit.md:15 single-segment POSIX root "/health" — surfaced-skip (cannot determine; not blocking)
[info] path-lint surfaced-skip .scratch/grill-round-61/reports/2026-09-14-audit.md:39 single-segment POSIX root "/g0013" — surfaced-skip (cannot determine; not blocking)
[info] path-lint surfaced-skip .scratch/grill-round-61/reports/2026-09-14-audit.md:39 single-segment POSIX root "/g0014" — surfaced-skip (cannot determine; not blocking)
[info] path-lint surfaced-skip .scratch/grill-round-61/reports/2026-09-14-audit.md:59 single-segment POSIX root "/README" — surfaced-skip (cannot determine; not blocking)
[info] path-lint surfaced-skip .scratch/grill-round-61/reports/2026-09-14-audit.md:75 single-segment POSIX root "/outcome" — surfaced-skip (cannot determine; not blocking)
[info] path-lint surfaced-skip .scratch/grill-round-61/reports/2026-09-14-report.md:49 single-segment POSIX root "/health" — surfaced-skip (cannot determine; not blocking)
[info] path-lint surfaced-skip .scratch/grill-round-61/reports/2026-09-14-report.md:56 single-segment POSIX root "/health" — surfaced-skip (cannot determine; not blocking)
[info] path-lint surfaced-skip .scratch/grill-round-62/decision-ledger.md:9 single-segment POSIX root "/observation.close" — surfaced-skip (cannot determine; not blocking)
[info] path-lint surfaced-skip .scratch/grill-round-62/decision-ledger.md:11 single-segment POSIX root "/GOLDEN_CASES" — surfaced-skip (cannot determine; not blocking)
[info] path-lint surfaced-skip .scratch/grill-round-62/decision-ledger.md:12 single-segment POSIX root "/mustHit" — surfaced-skip (cannot determine; not blocking)
[info] path-lint surfaced-skip .scratch/grill-round-62/goal.md:1 single-segment POSIX root "/goal" — surfaced-skip (cannot determine; not blocking)
[info] path-lint surfaced-skip .scratch/grill-round-62/handoffs/2026-09-15-audit-handoff.md:37 single-segment POSIX root "/pull_request" — surfaced-skip (cannot determine; not blocking)
[info] path-lint surfaced-skip .scratch/grill-round-62/handoffs/2026-09-15-audit-handoff.md:37 single-segment POSIX root "/workflow_dispatch" — surfaced-skip (cannot determine; not blocking)
[info] path-lint surfaced-skip .scratch/grill-round-62/handoffs/next-round.md:12 single-segment POSIX root "/goal" — surfaced-skip (cannot determine; not blocking)
[info] path-lint surfaced-skip .scratch/grill-round-62/handoffs/next-round.md:28 single-segment POSIX root "/GOLDEN_CASES" — surfaced-skip (cannot determine; not blocking)
[info] path-lint surfaced-skip .scratch/grill-round-62/handoffs/next-round.md:29 single-segment POSIX root "/mustHit" — surfaced-skip (cannot determine; not blocking)
[info] path-lint surfaced-skip .scratch/grill-round-62/q5-atomcode.md:58 single-segment POSIX root "/data-absent" — surfaced-skip (cannot determine; not blocking)
[info] path-lint surfaced-skip .scratch/grill-round-62/q5b-atomcode.md:56 single-segment POSIX root "/CI" — surfaced-skip (cannot determine; not blocking)
[info] path-lint surfaced-skip .scratch/grill-round-62/reports/2026-09-15-audit.md:29 single-segment POSIX root "/test-online" — surfaced-skip (cannot determine; not blocking)
[info] path-lint surfaced-skip .scratch/grill-round-62/reports/2026-09-15-audit.md:45 single-segment POSIX root "/TTL" — surfaced-skip (cannot determine; not blocking)
[info] path-lint surfaced-skip .scratch/grill-round-62/reports/2026-09-15-audit.md:73 single-segment POSIX root "/handoff" — surfaced-skip (cannot determine; not blocking)
[info] path-lint surfaced-skip .scratch/grill-round-62/reports/2026-09-15-report.md:41 single-segment POSIX root "/research" — surfaced-skip (cannot determine; not blocking)
[info] path-lint surfaced-skip .scratch/grill-round-62/tavily-probe-ledger.md:10 single-segment POSIX root "/research" — surfaced-skip (cannot determine; not blocking)
[info] path-lint surfaced-skip .scratch/grill-round-63/goal.md:1 single-segment POSIX root "/goal" — surfaced-skip (cannot determine; not blocking)
[info] path-lint surfaced-skip .scratch/grill-round-63/handoffs/2026-09-15-audit-handoff.md:10 single-segment POSIX root "/pnpm" — surfaced-skip (cannot determine; not blocking)
[info] path-lint surfaced-skip .scratch/grill-round-63/handoffs/2026-09-16-release-closure.md:41 single-segment POSIX root "/flag-record" — surfaced-skip (cannot determine; not blocking)
[info] path-lint surfaced-skip .scratch/grill-round-63/handoffs/2026-09-16-release-closure.md:41 single-segment POSIX root "/longterm" — surfaced-skip (cannot determine; not blocking)
[info] path-lint surfaced-skip .scratch/grill-round-63/q2-atomcode.md:16 single-segment POSIX root "/embedding" — surfaced-skip (cannot determine; not blocking)
[info] path-lint surfaced-skip .scratch/grill-round-63/q2-atomcode.md:16 single-segment POSIX root "/hybrid" — surfaced-skip (cannot determine; not blocking)
[info] path-lint surfaced-skip .scratch/grill-round-63/q2-atomcode.md:26 single-segment POSIX root "/FTS-only" — surfaced-skip (cannot determine; not blocking)
[info] path-lint surfaced-skip .scratch/grill-round-63/q3-atomcode.md:16 single-segment POSIX root "/verdict" — surfaced-skip (cannot determine; not blocking)
[info] path-lint surfaced-skip .scratch/grill-round-63/reports/2026-09-15-audit.md:64 single-segment POSIX root "/eval" — surfaced-skip (cannot determine; not blocking)
[info] path-lint surfaced-skip .scratch/grill-round-63/reports/2026-09-15-audit.md:77 single-segment POSIX root "/import" — surfaced-skip (cannot determine; not blocking)
[info] path-lint surfaced-skip .scratch/grill-round-63/t6-live-drift-investigation.md:13 single-segment POSIX root "/settings" — surfaced-skip (cannot determine; not blocking)
[info] path-lint surfaced-skip .scratch/grill-round-63/t6-live-drift-investigation.md:14 single-segment POSIX root "/settings" — surfaced-skip (cannot determine; not blocking)
[info] path-lint surfaced-skip .scratch/grill-round-63/t6-live-drift-investigation.md:15 single-segment POSIX root "/tsconfig" — surfaced-skip (cannot determine; not blocking)
[info] path-lint surfaced-skip .scratch/grill-round-63/t6-live-drift-investigation.md:17 single-segment POSIX root "/tsconfig" — surfaced-skip (cannot determine; not blocking)
[info] path-lint surfaced-skip .scratch/grill-round-63/t6-live-drift-investigation.md:19 single-segment POSIX root "/tsconfig" — surfaced-skip (cannot determine; not blocking)
[info] path-lint surfaced-skip .scratch/grill-round-63/t6-live-drift-investigation.md:21 single-segment POSIX root "/settings" — surfaced-skip (cannot determine; not blocking)
[info] path-lint surfaced-skip .scratch/grill-round-63/t6-live-drift-investigation.md:39 single-segment POSIX root "/host" — surfaced-skip (cannot determine; not blocking)
[info] path-lint surfaced-skip .scratch/grill-round-64/decision-ledger.md:7 single-segment POSIX root "/minResults" — surfaced-skip (cannot determine; not blocking)
[info] path-lint surfaced-skip .scratch/grill-round-64/decision-ledger.md:8 single-segment POSIX root "/run" — surfaced-skip (cannot determine; not blocking)
[info] path-lint surfaced-skip .scratch/grill-round-64/decision-ledger.md:9 single-segment POSIX root "/mustNotHitPaths" — surfaced-skip (cannot determine; not blocking)
[info] path-lint surfaced-skip .scratch/grill-round-64/decision-ledger.md:9 single-segment POSIX root "/stability_class" — surfaced-skip (cannot determine; not blocking)
[info] path-lint surfaced-skip .scratch/grill-round-64/decision-ledger.md:9 single-segment POSIX root "/failure_class" — surfaced-skip (cannot determine; not blocking)
[info] path-lint surfaced-skip .scratch/grill-round-64/goal.md:12 single-segment POSIX root "/exit0" — surfaced-skip (cannot determine; not blocking)
[info] path-lint surfaced-skip .scratch/grill-round-64/goal.md:12 single-segment POSIX root "/RETIRE_CANDIDATE" — surfaced-skip (cannot determine; not blocking)
[info] path-lint surfaced-skip .scratch/grill-round-64/handoffs/next-round.md:28 single-segment POSIX root "/minResults" — surfaced-skip (cannot determine; not blocking)
[info] path-lint surfaced-skip .scratch/grill-round-64/handoffs/next-round.md:48 single-segment POSIX root "/re-spec" — surfaced-skip (cannot determine; not blocking)
[info] path-lint surfaced-skip .scratch/grill-round-64/handoffs/next-round.md:48 single-segment POSIX root "/longterm" — surfaced-skip (cannot determine; not blocking)
[info] path-lint surfaced-skip .scratch/grill-round-64/handoffs/next-round.md:48 single-segment POSIX root "/promote-tombstone" — surfaced-skip (cannot determine; not blocking)
[info] path-lint surfaced-skip .scratch/grill-round-64/handoffs/next-round.md:48 single-segment POSIX root "/watch" — surfaced-skip (cannot determine; not blocking)
[info] path-lint surfaced-skip .scratch/grill-round-64/q2-atomcode.md:13 single-segment POSIX root "/settings" — surfaced-skip (cannot determine; not blocking)
[info] path-lint surfaced-skip .scratch/grill-round-64/q2-atomcode.md:19 single-segment POSIX root "/bot" — surfaced-skip (cannot determine; not blocking)
[info] path-lint surfaced-skip .scratch/grill-round-64/q2-atomcode.md:19 single-segment POSIX root "/not_indexed" — surfaced-skip (cannot determine; not blocking)
[info] path-lint surfaced-skip .scratch/grill-round-64/q3-atomcode.md:31 single-segment POSIX root "/lang" — surfaced-skip (cannot determine; not blocking)
[info] path-lint surfaced-skip .scratch/grill-round-64/q3-atomcode.md:50 single-segment POSIX root "/highlights" — surfaced-skip (cannot determine; not blocking)
[info] path-lint surfaced-skip .scratch/grill-round-64/q4-atomcode.md:28 single-segment POSIX root "/run" — surfaced-skip (cannot determine; not blocking)
[info] path-lint surfaced-skip .scratch/grill-round-64/q5-atomcode.md:1 single-segment POSIX root "/watch" — surfaced-skip (cannot determine; not blocking)
[info] path-lint surfaced-skip .scratch/grill-round-64/reports/2026-09-16-audit.md:41 single-segment POSIX root "/deprecated" — surfaced-skip (cannot determine; not blocking)
[info] path-lint surfaced-skip .scratch/grill-round-64/reports/2026-09-16-audit.md:66 single-segment POSIX root "/cosmetic" — surfaced-skip (cannot determine; not blocking)
[info] path-lint surfaced-skip .scratch/grill-round-64/reports/2026-09-16-audit.md:69 single-segment POSIX root "/honesty" — surfaced-skip (cannot determine; not blocking)
[info] path-lint surfaced-skip .scratch/grill-round-64/reports/2026-09-16-audit.md:75 single-segment POSIX root "/logic" — surfaced-skip (cannot determine; not blocking)
[info] path-lint surfaced-skip .scratch/grill-round-64/reports/2026-09-16-audit.md:80 single-segment POSIX root "/fixture" — surfaced-skip (cannot determine; not blocking)
[info] path-lint surfaced-skip .scratch/grill-round-64/reports/2026-09-16-report.md:17 single-segment POSIX root "/deprecated" — surfaced-skip (cannot determine; not blocking)
[info] path-lint surfaced-skip .scratch/grill-round-65/decision-ledger.md:8 single-segment POSIX root "/EXA_API_KEY" — surfaced-skip (cannot determine; not blocking)
[info] path-lint surfaced-skip .scratch/grill-round-65/decision-ledger.md:9 single-segment POSIX root "/doctor" — surfaced-skip (cannot determine; not blocking)
[info] path-lint surfaced-skip .scratch/grill-round-65/decision-ledger.md:12 single-segment POSIX root "/server" — surfaced-skip (cannot determine; not blocking)
[info] path-lint surfaced-skip .scratch/grill-round-65/decision-ledger.md:12 single-segment POSIX root "/interactive" — surfaced-skip (cannot determine; not blocking)
[info] path-lint surfaced-skip .scratch/grill-round-65/decision-ledger.md:12 single-segment POSIX root "/embedding" — surfaced-skip (cannot determine; not blocking)
[info] path-lint surfaced-skip .scratch/grill-round-65/evidence/README.md:15 single-segment POSIX root "/health" — surfaced-skip (cannot determine; not blocking)
[info] path-lint surfaced-skip .scratch/grill-round-65/evidence/README.md:16 single-segment POSIX root "/health" — surfaced-skip (cannot determine; not blocking)
[info] path-lint surfaced-skip .scratch/grill-round-65/evidence/README.md:40 single-segment POSIX root "/health" — surfaced-skip (cannot determine; not blocking)
[info] path-lint surfaced-skip .scratch/grill-round-65/evidence/defect-ledger.md:8 single-segment POSIX root "/hooks.json" — surfaced-skip (cannot determine; not blocking)
[info] path-lint surfaced-skip .scratch/grill-round-65/evidence/defect-ledger.md:12 single-segment POSIX root "/login" — surfaced-skip (cannot determine; not blocking)
[info] path-lint surfaced-skip .scratch/grill-round-65/evidence/defect-ledger.md:14 single-segment POSIX root "/object" — surfaced-skip (cannot determine; not blocking)
[info] path-lint surfaced-skip .scratch/grill-round-65/evidence/defect-ledger.md:15 single-segment POSIX root "/domains" — surfaced-skip (cannot determine; not blocking)
[info] path-lint surfaced-skip .scratch/grill-round-65/evidence/defect-ledger.md:15 single-segment POSIX root "/domains" — surfaced-skip (cannot determine; not blocking)
[info] path-lint surfaced-skip .scratch/grill-round-65/evidence/defect-ledger.md:24 single-segment POSIX root "/hooks.json" — surfaced-skip (cannot determine; not blocking)
[info] path-lint surfaced-skip .scratch/grill-round-65/evidence/defect-ledger.md:31 single-segment POSIX root "/login" — surfaced-skip (cannot determine; not blocking)
[info] path-lint surfaced-skip .scratch/grill-round-65/evidence/defect-ledger.md:55 single-segment POSIX root "/hooks.json" — surfaced-skip (cannot determine; not blocking)
[info] path-lint surfaced-skip .scratch/grill-round-65/goal.md:8 single-segment POSIX root "/en" — surfaced-skip (cannot determine; not blocking)
[info] path-lint surfaced-skip .scratch/grill-round-65/handoffs/next-round.md:13 single-segment POSIX root "/recall" — surfaced-skip (cannot determine; not blocking)
[info] path-lint surfaced-skip .scratch/grill-round-65/handoffs/next-round.md:13 single-segment POSIX root "/index" — surfaced-skip (cannot determine; not blocking)
[info] path-lint surfaced-skip .scratch/grill-round-65/handoffs/next-round.md:13 single-segment POSIX root "/health" — surfaced-skip (cannot determine; not blocking)
[info] path-lint surfaced-skip .scratch/grill-round-65/handoffs/next-round.md:13 single-segment POSIX root "/purge" — surfaced-skip (cannot determine; not blocking)
[info] path-lint surfaced-skip .scratch/grill-round-65/handoffs/next-round.md:33 single-segment POSIX root "/doctor" — surfaced-skip (cannot determine; not blocking)
[info] path-lint surfaced-skip .scratch/grill-round-65/handoffs/next-round.md:57 single-segment POSIX root "/interactive" — surfaced-skip (cannot determine; not blocking)
[info] path-lint surfaced-skip .scratch/grill-round-65/handoffs/next-round.md:57 single-segment POSIX root "/embedding" — surfaced-skip (cannot determine; not blocking)
[info] path-lint surfaced-skip .scratch/grill-round-65/handoffs/resume-impl.md:21 single-segment POSIX root "/message_start" — surfaced-skip (cannot determine; not blocking)
[info] path-lint surfaced-skip .scratch/grill-round-65/handoffs/resume-impl.md:29 single-segment POSIX root "/models" — surfaced-skip (cannot determine; not blocking)
[info] path-lint surfaced-skip .scratch/grill-round-65/reports/2026-09-16-audit.md:3 single-segment POSIX root "/handoff" — surfaced-skip (cannot determine; not blocking)
[info] path-lint surfaced-skip .scratch/grill-round-65/reports/2026-09-16-audit.md:17 single-segment POSIX root "/health" — surfaced-skip (cannot determine; not blocking)
[info] path-lint surfaced-skip .scratch/grill-round-65/reports/2026-09-16-audit.md:30 single-segment POSIX root "/ADR-0066" — surfaced-skip (cannot determine; not blocking)
[info] path-lint surfaced-skip .scratch/grill-round-65/reports/2026-09-16-audit.md:34 single-segment POSIX root "/domains" — surfaced-skip (cannot determine; not blocking)
[info] path-lint surfaced-skip .scratch/grill-round-65/reports/2026-09-16-audit.md:36 single-segment POSIX root "/message_start" — surfaced-skip (cannot determine; not blocking)
[info] path-lint surfaced-skip .scratch/grill-round-65/reports/2026-09-16-audit.md:45 single-segment POSIX root "/hooks.json" — surfaced-skip (cannot determine; not blocking)
[info] path-lint surfaced-skip .scratch/grill-round-65/reports/2026-09-16-audit.md:51 single-segment POSIX root "/ADR-0066" — surfaced-skip (cannot determine; not blocking)
[info] path-lint surfaced-skip .scratch/grill-round-65/reports/2026-09-16-audit.md:64 single-segment POSIX root "/index" — surfaced-skip (cannot determine; not blocking)
[info] path-lint surfaced-skip .scratch/grill-round-65/reports/2026-09-16-audit.md:84 single-segment POSIX root "/hooks.json" — surfaced-skip (cannot determine; not blocking)
[info] path-lint surfaced-skip .scratch/grill-round-65/reports/2026-09-16-audit.md:115 single-segment POSIX root "/hooks.json" — surfaced-skip (cannot determine; not blocking)
[info] path-lint surfaced-skip .scratch/grill-round-65/reports/2026-09-16-audit.md:125 single-segment POSIX root "/index" — surfaced-skip (cannot determine; not blocking)
[info] path-lint surfaced-skip .scratch/grill-round-65/reports/2026-09-16-audit.md:125 single-segment POSIX root "/recall" — surfaced-skip (cannot determine; not blocking)
[info] path-lint surfaced-skip .scratch/grill-round-65/reports/2026-09-16-audit.md:126 single-segment POSIX root "/fe6763d" — surfaced-skip (cannot determine; not blocking)
[info] path-lint surfaced-skip .scratch/grill-round-65/reports/2026-09-16-audit.md:126 single-segment POSIX root "/d0fcf47" — surfaced-skip (cannot determine; not blocking)
[info] path-lint surfaced-skip .scratch/grill-round-65/reports/2026-09-16-report.md:13 single-segment POSIX root "/health" — surfaced-skip (cannot determine; not blocking)
[info] path-lint surfaced-skip .scratch/grill-round-65/reports/2026-09-16-report.md:24 single-segment POSIX root "/health" — surfaced-skip (cannot determine; not blocking)
[info] path-lint surfaced-skip .scratch/grill-round-65/reports/2026-09-16-report.md:58 single-segment POSIX root "/message_start" — surfaced-skip (cannot determine; not blocking)
[info] path-lint surfaced-skip .scratch/grill-round-65/reports/2026-09-16-report.md:62 single-segment POSIX root "/health" — surfaced-skip (cannot determine; not blocking)
[info] path-lint surfaced-skip .scratch/grill-round-65/reports/2026-09-16-report.md:67 single-segment POSIX root "/login" — surfaced-skip (cannot determine; not blocking)
[info] path-lint surfaced-skip .scratch/grill-round-65/reports/2026-09-16-report.md:90 single-segment POSIX root "/hooks.json" — surfaced-skip (cannot determine; not blocking)
[info] path-lint surfaced-skip .scratch/grill-round-66/decision-ledger.md:9 single-segment POSIX root "/MCP" — surfaced-skip (cannot determine; not blocking)
[info] path-lint surfaced-skip .scratch/grill-round-66/decision-ledger.md:9 single-segment POSIX root "/marketplace" — surfaced-skip (cannot determine; not blocking)
[info] path-lint surfaced-skip .scratch/grill-round-66/decision-ledger.md:10 single-segment POSIX root "/P10" — surfaced-skip (cannot determine; not blocking)
[info] path-lint surfaced-skip .scratch/grill-round-66/decision-ledger.md:10 single-segment POSIX root "/P11" — surfaced-skip (cannot determine; not blocking)
[info] path-lint surfaced-skip .scratch/grill-round-66/decision-ledger.md:10 single-segment POSIX root "/host-variable" — surfaced-skip (cannot determine; not blocking)
[info] path-lint surfaced-skip .scratch/grill-round-66/decision-ledger.md:10 single-segment POSIX root "/host-specific" — surfaced-skip (cannot determine; not blocking)
[info] path-lint surfaced-skip .scratch/grill-round-66/decision-ledger.md:10 single-segment POSIX root "/experimental" — surfaced-skip (cannot determine; not blocking)
[info] path-lint surfaced-skip .scratch/grill-round-66/decision-ledger.md:13 single-segment POSIX root "/A" — surfaced-skip (cannot determine; not blocking)
[info] path-lint surfaced-skip .scratch/grill-round-66/evidence/README.md:13 single-segment POSIX root "/health" — surfaced-skip (cannot determine; not blocking)
[info] path-lint surfaced-skip .scratch/grill-round-66/evidence/README.md:40 single-segment POSIX root "/P9" — surfaced-skip (cannot determine; not blocking)
[info] path-lint surfaced-skip .scratch/grill-round-66/evidence/defect-ledger.md:48 single-segment POSIX root "/plugin" — surfaced-skip (cannot determine; not blocking)
[info] path-lint surfaced-skip .scratch/grill-round-66/evidence/defect-ledger.md:54 single-segment POSIX root "/index" — surfaced-skip (cannot determine; not blocking)
[info] path-lint surfaced-skip .scratch/grill-round-66/evidence/defect-ledger.md:54 single-segment POSIX root "/index" — surfaced-skip (cannot determine; not blocking)
[info] path-lint surfaced-skip .scratch/grill-round-66/evidence/defect-ledger.md:67 single-segment POSIX root "/index" — surfaced-skip (cannot determine; not blocking)
[info] path-lint surfaced-skip .scratch/grill-round-66/evidence/defect-ledger.md:95 single-segment POSIX root "/index" — surfaced-skip (cannot determine; not blocking)
[info] path-lint surfaced-skip .scratch/grill-round-66/handoffs/next-round.md:28 single-segment POSIX root "/host-variable" — surfaced-skip (cannot determine; not blocking)
[info] path-lint surfaced-skip .scratch/grill-round-66/handoffs/next-round.md:28 single-segment POSIX root "/host-specific" — surfaced-skip (cannot determine; not blocking)
[info] path-lint surfaced-skip .scratch/grill-round-66/handoffs/next-round.md:28 single-segment POSIX root "/experimental" — surfaced-skip (cannot determine; not blocking)
[info] path-lint surfaced-skip .scratch/grill-round-66/handoffs/next-round.md:45 single-segment POSIX root "/deferred" — surfaced-skip (cannot determine; not blocking)
[info] path-lint surfaced-skip .scratch/grill-round-66/handoffs/next-round.md:49 single-segment POSIX root "/closure" — surfaced-skip (cannot determine; not blocking)
[info] path-lint surfaced-skip .scratch/grill-round-66/handoffs/next-round.md:57 single-segment POSIX root "/A" — surfaced-skip (cannot determine; not blocking)
[info] path-lint surfaced-skip .scratch/grill-round-66/handoffs/round-66-audit-closeout.md:25 single-segment POSIX root "/t4-rework-p6b" — surfaced-skip (cannot determine; not blocking)
[info] path-lint surfaced-skip .scratch/grill-round-66/handoffs/round-66-closeout.md:13 single-segment POSIX root "/lint" — surfaced-skip (cannot determine; not blocking)
[info] path-lint surfaced-skip .scratch/grill-round-66/handoffs/round-66-closeout.md:21 single-segment POSIX root "/host-variable" — surfaced-skip (cannot determine; not blocking)
[info] path-lint surfaced-skip .scratch/grill-round-66/q3-atomcode.md:54 single-segment POSIX root "/plugin" — surfaced-skip (cannot determine; not blocking)
[info] path-lint surfaced-skip .scratch/grill-round-66/q3-atomcode.md:56 single-segment POSIX root "/plugin" — surfaced-skip (cannot determine; not blocking)
[info] path-lint surfaced-skip .scratch/grill-round-66/q3-atomcode.md:61 single-segment POSIX root "/sha" — surfaced-skip (cannot determine; not blocking)
[info] path-lint surfaced-skip .scratch/grill-round-66/q3-atomcode.md:73 single-segment POSIX root "/plugin" — surfaced-skip (cannot determine; not blocking)
[info] path-lint surfaced-skip .scratch/grill-round-66/q3-atomcode.md:73 single-segment POSIX root "/plugin" — surfaced-skip (cannot determine; not blocking)
[info] path-lint surfaced-skip .scratch/grill-round-66/q3-atomcode.md:84 single-segment POSIX root "/plugin" — surfaced-skip (cannot determine; not blocking)
[info] path-lint surfaced-skip .scratch/grill-round-66/q3-atomcode.md:86 single-segment POSIX root "/plugin" — surfaced-skip (cannot determine; not blocking)
[info] path-lint surfaced-skip .scratch/grill-round-66/q3-atomcode.md:91 single-segment POSIX root "/sha" — surfaced-skip (cannot determine; not blocking)
[info] path-lint surfaced-skip .scratch/grill-round-66/q3-atomcode.md:170 single-segment POSIX root "/plugin" — surfaced-skip (cannot determine; not blocking)
[info] path-lint surfaced-skip .scratch/grill-round-66/q3-atomcode.md:172 single-segment POSIX root "/plugin" — surfaced-skip (cannot determine; not blocking)
[info] path-lint surfaced-skip .scratch/grill-round-66/q3-atomcode.md:177 single-segment POSIX root "/sha" — surfaced-skip (cannot determine; not blocking)
[info] path-lint surfaced-skip .scratch/grill-round-66/q4-atomcode.md:165 single-segment POSIX root "/not-scored" — surfaced-skip (cannot determine; not blocking)
[info] path-lint surfaced-skip .scratch/grill-round-66/reports/2026-09-17-audit.md:60 single-segment POSIX root "/t4-" — surfaced-skip (cannot determine; not blocking)
[info] path-lint surfaced-skip .scratch/grill-round-66/reports/2026-09-17-report.md:40 single-segment POSIX root "/package.json" — surfaced-skip (cannot determine; not blocking)
[info] path-lint surfaced-skip .scratch/grill-round-66/reports/2026-09-17-report.md:40 single-segment POSIX root "/package.json" — surfaced-skip (cannot determine; not blocking)
[info] path-lint surfaced-skip .scratch/grill-round-66/reports/2026-09-17-report.md:40 single-segment POSIX root "/package.json" — surfaced-skip (cannot determine; not blocking)
[info] path-lint surfaced-skip .scratch/grill-round-66/reports/2026-09-17-report.md:90 single-segment POSIX root "/Codex" — surfaced-skip (cannot determine; not blocking)
[info] path-lint surfaced-skip .scratch/grill-round-67/decision-ledger.md:7 single-segment POSIX root "/F-01a" — surfaced-skip (cannot determine; not blocking)
[info] path-lint surfaced-skip .scratch/grill-round-67/decision-ledger.md:8 single-segment POSIX root "/tarball" — surfaced-skip (cannot determine; not blocking)
[info] path-lint surfaced-skip .scratch/grill-round-67/decision-ledger.md:8 single-segment POSIX root "/dev-iteration" — surfaced-skip (cannot determine; not blocking)
[info] path-lint surfaced-skip .scratch/grill-round-67/decision-ledger.md:8 single-segment POSIX root "/L1" — surfaced-skip (cannot determine; not blocking)
[info] path-lint surfaced-skip .scratch/grill-round-67/decision-ledger.md:8 single-segment POSIX root "/L2" — surfaced-skip (cannot determine; not blocking)
[info] path-lint surfaced-skip .scratch/grill-round-67/decision-ledger.md:8 single-segment POSIX root "/L3" — surfaced-skip (cannot determine; not blocking)
[info] path-lint surfaced-skip .scratch/grill-round-67/decision-ledger.md:10 single-segment POSIX root "/session-start" — surfaced-skip (cannot determine; not blocking)
[info] path-lint surfaced-skip .scratch/grill-round-67/decision-ledger.md:11 single-segment POSIX root "/A" — surfaced-skip (cannot determine; not blocking)
[info] path-lint surfaced-skip .scratch/grill-round-67/evidence/t1-defect-ledger.md:5 single-segment POSIX root "/index" — surfaced-skip (cannot determine; not blocking)
[info] path-lint surfaced-skip .scratch/grill-round-67/evidence/t1-defect-ledger.md:46 single-segment POSIX root "/index" — surfaced-skip (cannot determine; not blocking)
[info] path-lint surfaced-skip .scratch/grill-round-67/evidence/t1-defect-ledger.md:62 single-segment POSIX root "/index" — surfaced-skip (cannot determine; not blocking)
[info] path-lint surfaced-skip .scratch/grill-round-67/evidence/t1-defect-ledger.md:112 single-segment POSIX root "/index" — surfaced-skip (cannot determine; not blocking)
[info] path-lint surfaced-skip .scratch/grill-round-67/goal.md:8 single-segment POSIX root "/A" — surfaced-skip (cannot determine; not blocking)
[info] path-lint surfaced-skip .scratch/grill-round-67/handoffs/next-round.md:18 single-segment POSIX root "/legacy" — surfaced-skip (cannot determine; not blocking)
[info] path-lint surfaced-skip .scratch/grill-round-67/handoffs/next-round.md:26 single-segment POSIX root "/L1" — surfaced-skip (cannot determine; not blocking)
[info] path-lint surfaced-skip .scratch/grill-round-67/handoffs/next-round.md:26 single-segment POSIX root "/L2" — surfaced-skip (cannot determine; not blocking)
[info] path-lint surfaced-skip .scratch/grill-round-67/handoffs/next-round.md:26 single-segment POSIX root "/L3" — surfaced-skip (cannot determine; not blocking)
[info] path-lint surfaced-skip .scratch/grill-round-67/handoffs/next-round.md:27 single-segment POSIX root "/exit-2" — surfaced-skip (cannot determine; not blocking)
[info] path-lint surfaced-skip .scratch/grill-round-67/handoffs/next-round.md:27 single-segment POSIX root "/Pre-Post" — surfaced-skip (cannot determine; not blocking)
[info] path-lint surfaced-skip .scratch/grill-round-67/handoffs/next-round.md:46 single-segment POSIX root "/deferred" — surfaced-skip (cannot determine; not blocking)
[info] path-lint surfaced-skip .scratch/grill-round-67/handoffs/next-round.md:50 single-segment POSIX root "/closure" — surfaced-skip (cannot determine; not blocking)
[info] path-lint surfaced-skip .scratch/grill-round-67/handoffs/next-round.md:58 single-segment POSIX root "/A" — surfaced-skip (cannot determine; not blocking)
[info] path-lint surfaced-skip .scratch/grill-round-67/handoffs/next-round.md:87 single-segment POSIX root "/GitButler" — surfaced-skip (cannot determine; not blocking)
[info] path-lint surfaced-skip .scratch/grill-round-67/handoffs/next-round.md:88 single-segment POSIX root "/README" — surfaced-skip (cannot determine; not blocking)
[info] path-lint surfaced-skip .scratch/grill-round-67/handoffs/next-round.md:88 single-segment POSIX root "/t2-p8" — surfaced-skip (cannot determine; not blocking)
[info] path-lint surfaced-skip .scratch/grill-round-67/handoffs/next-round.md:88 single-segment POSIX root "/codex.ts" — surfaced-skip (cannot determine; not blocking)
[info] path-lint surfaced-skip .scratch/grill-round-67/handoffs/next-round.md:89 single-segment POSIX root "/event" — surfaced-skip (cannot determine; not blocking)
[info] path-lint surfaced-skip .scratch/grill-round-67/handoffs/round-67-audit-closeout.md:18 single-segment POSIX root "/health" — surfaced-skip (cannot determine; not blocking)
[info] path-lint surfaced-skip .scratch/grill-round-67/handoffs/round-67-audit-closeout.md:18 single-segment POSIX root "/index" — surfaced-skip (cannot determine; not blocking)
[info] path-lint surfaced-skip .scratch/grill-round-67/handoffs/round-67-audit-closeout.md:50 single-segment POSIX root "/dev" — surfaced-skip (cannot determine; not blocking)
[info] path-lint surfaced-skip .scratch/grill-round-67/handoffs/round-67-audit-closeout.md:51 single-segment POSIX root "/session-start" — surfaced-skip (cannot determine; not blocking)
[info] path-lint surfaced-skip .scratch/grill-round-67/handoffs/round-67-closeout.md:41 single-segment POSIX root "/index" — surfaced-skip (cannot determine; not blocking)
[info] path-lint surfaced-skip .scratch/grill-round-67/q1-atomcode.md:70 single-segment POSIX root "/item." — surfaced-skip (cannot determine; not blocking)
[info] path-lint surfaced-skip .scratch/grill-round-67/q1-atomcode.md:70 single-segment POSIX root "/error" — surfaced-skip (cannot determine; not blocking)
[info] path-lint surfaced-skip .scratch/grill-round-67/q1-atomcode.md:72 single-segment POSIX root "/hooks" — surfaced-skip (cannot determine; not blocking)
[info] path-lint surfaced-skip .scratch/grill-round-67/q1-atomcode.md:95 single-segment POSIX root "/item." — surfaced-skip (cannot determine; not blocking)
[info] path-lint surfaced-skip .scratch/grill-round-67/q1-atomcode.md:95 single-segment POSIX root "/error" — surfaced-skip (cannot determine; not blocking)
[info] path-lint surfaced-skip .scratch/grill-round-67/q1-atomcode.md:97 single-segment POSIX root "/hooks" — surfaced-skip (cannot determine; not blocking)
[info] path-lint surfaced-skip .scratch/grill-round-67/q1-atomcode.md:127 single-segment POSIX root "/item." — surfaced-skip (cannot determine; not blocking)
[info] path-lint surfaced-skip .scratch/grill-round-67/q1-atomcode.md:127 single-segment POSIX root "/error" — surfaced-skip (cannot determine; not blocking)
[info] path-lint surfaced-skip .scratch/grill-round-67/q1-atomcode.md:129 single-segment POSIX root "/hooks" — surfaced-skip (cannot determine; not blocking)
[info] path-lint surfaced-skip .scratch/grill-round-67/q1-atomcode.md:159 single-segment POSIX root "/item." — surfaced-skip (cannot determine; not blocking)
[info] path-lint surfaced-skip .scratch/grill-round-67/q1-atomcode.md:159 single-segment POSIX root "/error" — surfaced-skip (cannot determine; not blocking)
[info] path-lint surfaced-skip .scratch/grill-round-67/q1-atomcode.md:161 single-segment POSIX root "/hooks" — surfaced-skip (cannot determine; not blocking)
[info] path-lint surfaced-skip .scratch/grill-round-67/q2-atomcode.md:78 single-segment POSIX root "/envelope" — surfaced-skip (cannot determine; not blocking)
[info] path-lint surfaced-skip .scratch/grill-round-67/q2-atomcode.md:78 single-segment POSIX root "/plain-text" — surfaced-skip (cannot determine; not blocking)
[info] path-lint surfaced-skip .scratch/grill-round-67/q2-atomcode.md:87 single-segment POSIX root "/envelope" — surfaced-skip (cannot determine; not blocking)
[info] path-lint surfaced-skip .scratch/grill-round-67/q2-atomcode.md:87 single-segment POSIX root "/plain-text" — surfaced-skip (cannot determine; not blocking)
[info] path-lint surfaced-skip .scratch/grill-round-67/q2-atomcode.md:152 single-segment POSIX root "/envelope" — surfaced-skip (cannot determine; not blocking)
[info] path-lint surfaced-skip .scratch/grill-round-67/q2-atomcode.md:152 single-segment POSIX root "/plain-text" — surfaced-skip (cannot determine; not blocking)
[info] path-lint surfaced-skip .scratch/grill-round-67/q2-atomcode.md:161 single-segment POSIX root "/envelope" — surfaced-skip (cannot determine; not blocking)
[info] path-lint surfaced-skip .scratch/grill-round-67/q2-atomcode.md:161 single-segment POSIX root "/plain-text" — surfaced-skip (cannot determine; not blocking)
[info] path-lint surfaced-skip .scratch/grill-round-67/reports/2026-09-17-report.md:67 single-segment POSIX root "/task" — surfaced-skip (cannot determine; not blocking)
[info] path-lint surfaced-skip .scratch/grill-round-67/reports/2026-09-17-report.md:67 single-segment POSIX root "/turbo" — surfaced-skip (cannot determine; not blocking)
[info] path-lint surfaced-skip .scratch/grill-round-67/reports/2026-09-17-report.md:67 single-segment POSIX root "/manifest" — surfaced-skip (cannot determine; not blocking)
[info] path-lint surfaced-skip .scratch/grill-round-67/reports/2026-09-17-report.md:67 single-segment POSIX root "/npm" — surfaced-skip (cannot determine; not blocking)
[info] path-lint surfaced-skip .scratch/grill-round-67/reports/2026-09-17-report.md:67 single-segment POSIX root "/memory-eval" — surfaced-skip (cannot determine; not blocking)
[info] path-lint surfaced-skip .scratch/grill-round-68/backups/t4/round-67-closeout.md:29 single-segment POSIX root "/index" — surfaced-skip (cannot determine; not blocking)
[info] path-lint surfaced-skip .scratch/grill-round-68/evidence/f17-sweep-ledger.md:25 single-segment POSIX root "/writeLedger" — surfaced-skip (cannot determine; not blocking)
[info] path-lint surfaced-skip .scratch/grill-round-68/evidence/t3-s0s1-probe.md:27 single-segment POSIX root "/session_id" — surfaced-skip (cannot determine; not blocking)
[info] path-lint surfaced-skip .scratch/grill-round-68/evidence/t3-s0s1-probe.md:27 single-segment POSIX root "/SessionStart" — surfaced-skip (cannot determine; not blocking)
[info] path-lint surfaced-skip .scratch/grill-round-68/evidence/t3-s0s1-probe.md:27 single-segment POSIX root "/variance" — surfaced-skip (cannot determine; not blocking)
[info] path-lint surfaced-skip .scratch/grill-round-68/evidence/t3-s2s3-verdict.md:37 single-segment POSIX root "/index" — surfaced-skip (cannot determine; not blocking)
[info] path-lint surfaced-skip .scratch/grill-round-68/evidence/t3-s2s3-verdict.md:64 single-segment POSIX root "/anysearch-pending.jsonl" — surfaced-skip (cannot determine; not blocking)
[info] path-lint surfaced-skip .scratch/grill-round-68/handoffs/next-round.md:48 single-segment POSIX root "/session_id" — surfaced-skip (cannot determine; not blocking)
[info] path-lint surfaced-skip .scratch/grill-round-68/handoffs/next-round.md:48 single-segment POSIX root "/SessionStart" — surfaced-skip (cannot determine; not blocking)
[info] path-lint surfaced-skip .scratch/grill-round-68/handoffs/next-round.md:48 single-segment POSIX root "/variance" — surfaced-skip (cannot determine; not blocking)
[info] path-lint surfaced-skip .scratch/grill-round-68/handoffs/round-68-audit-handoff.md:26 single-segment POSIX root "/deferred" — surfaced-skip (cannot determine; not blocking)
[info] path-lint surfaced-skip .scratch/grill-round-68/handoffs/round-68-audit-handoff.md:44 single-segment POSIX root "/F-01a" — surfaced-skip (cannot determine; not blocking)
[info] path-lint surfaced-skip .scratch/grill-round-68/handoffs/round-68-audit-handoff.md:44 single-segment POSIX root "/npm" — surfaced-skip (cannot determine; not blocking)
[info] path-lint surfaced-skip .scratch/grill-round-68/handoffs/round-68-audit-handoff.md:44 single-segment POSIX root "/provider" — surfaced-skip (cannot determine; not blocking)
[info] path-lint surfaced-skip .scratch/grill-round-68/handoffs/round-68-audit-handoff.md:44 single-segment POSIX root "/projectIndex" — surfaced-skip (cannot determine; not blocking)
[info] path-lint surfaced-skip .scratch/grill-round-68/handoffs/round-68-audit-handoff.md:44 single-segment POSIX root "/interactive" — surfaced-skip (cannot determine; not blocking)
[info] path-lint surfaced-skip .scratch/grill-round-68/handoffs/round-68-audit-handoff.md:44 single-segment POSIX root "/watch" — surfaced-skip (cannot determine; not blocking)
[info] path-lint surfaced-skip .scratch/grill-round-68/handoffs/round-68-closeout.md:10 single-segment POSIX root "/protojson" — surfaced-skip (cannot determine; not blocking)
[info] path-lint surfaced-skip .scratch/grill-round-68/handoffs/round-68-closeout.md:10 single-segment POSIX root "/injectSteps" — surfaced-skip (cannot determine; not blocking)
[info] path-lint surfaced-skip .scratch/grill-round-68/handoffs/round-68-closeout.md:56 single-segment POSIX root "/workspacePaths" — surfaced-skip (cannot determine; not blocking)
[info] path-lint surfaced-skip .scratch/grill-round-68/q2-atomcode.md:54 single-segment POSIX root "/check-runs" — surfaced-skip (cannot determine; not blocking)
[info] path-lint surfaced-skip .scratch/grill-round-68/q3-atomcode.md:36 single-segment POSIX root "/allow" — surfaced-skip (cannot determine; not blocking)
[info] path-lint surfaced-skip .scratch/grill-round-68/q3-atomcode.md:65 single-segment POSIX root "/headless" — surfaced-skip (cannot determine; not blocking)
[info] path-lint surfaced-skip .scratch/grill-round-68/q3-atomcode.md:99 single-segment POSIX root "/headless" — surfaced-skip (cannot determine; not blocking)
[info] path-lint surfaced-skip .scratch/grill-round-68/q3-atomcode.md:111 single-segment POSIX root "/allow" — surfaced-skip (cannot determine; not blocking)
[info] path-lint surfaced-skip .scratch/grill-round-68/reports/2026-09-17-report.md:74 single-segment POSIX root "/watch" — surfaced-skip (cannot determine; not blocking)
[info] path-lint surfaced-skip .scratch/grill-round-69/decision-ledger.md:9 single-segment POSIX root "/L-2" — surfaced-skip (cannot determine; not blocking)
[info] path-lint surfaced-skip .scratch/grill-round-69/decision-ledger.md:9 single-segment POSIX root "/F-S4" — surfaced-skip (cannot determine; not blocking)
[info] path-lint surfaced-skip .scratch/grill-round-69/decision-ledger.md:9 single-segment POSIX root "/ship-gate" — surfaced-skip (cannot determine; not blocking)
[info] path-lint surfaced-skip .scratch/grill-round-69/decision-ledger.md:36 single-segment POSIX root "/agent" — surfaced-skip (cannot determine; not blocking)
[info] path-lint surfaced-skip .scratch/grill-round-69/decision-ledger.md:36 single-segment POSIX root "/FUNDING" — surfaced-skip (cannot determine; not blocking)
[info] path-lint surfaced-skip .scratch/grill-round-69/goal.md:5 single-segment POSIX root "/README" — surfaced-skip (cannot determine; not blocking)
[info] path-lint surfaced-skip .scratch/grill-round-69/goal.md:13 single-segment POSIX root "/FUNDING" — surfaced-skip (cannot determine; not blocking)
[info] path-lint surfaced-skip .scratch/grill-round-69/handoffs/next-round.md:1 single-segment POSIX root "/README" — surfaced-skip (cannot determine; not blocking)
[info] path-lint surfaced-skip .scratch/grill-round-69/handoffs/next-round.md:104 single-segment POSIX root "/handoff" — surfaced-skip (cannot determine; not blocking)
[info] path-lint surfaced-skip .scratch/grill-round-69/handoffs/round-69-closeout.md:15 single-segment POSIX root "/pack" — surfaced-skip (cannot determine; not blocking)
[info] path-lint surfaced-skip .scratch/grill-round-69/q4-atomcode.md:5 single-segment POSIX root "/README" — surfaced-skip (cannot determine; not blocking)
[info] path-lint surfaced-skip .scratch/grill-round-69/q4-atomcode.md:5 single-segment POSIX root "/B" — surfaced-skip (cannot determine; not blocking)
[info] path-lint surfaced-skip .scratch/grill-round-69/q4-atomcode.md:5 single-segment POSIX root "/C" — surfaced-skip (cannot determine; not blocking)
[info] path-lint surfaced-skip .scratch/grill-round-69/q4-atomcode.md:37 single-segment POSIX root "/README" — surfaced-skip (cannot determine; not blocking)
[info] path-lint surfaced-skip .scratch/grill-round-69/q4-atomcode.md:37 single-segment POSIX root "/B" — surfaced-skip (cannot determine; not blocking)
[info] path-lint surfaced-skip .scratch/grill-round-69/q4-atomcode.md:37 single-segment POSIX root "/C" — surfaced-skip (cannot determine; not blocking)
[info] path-lint surfaced-skip .scratch/grill-round-69/q4-atomcode.md:120 single-segment POSIX root "/README" — surfaced-skip (cannot determine; not blocking)
[info] path-lint surfaced-skip .scratch/grill-round-69/q4-atomcode.md:120 single-segment POSIX root "/B" — surfaced-skip (cannot determine; not blocking)
[info] path-lint surfaced-skip .scratch/grill-round-69/q4-atomcode.md:120 single-segment POSIX root "/C" — surfaced-skip (cannot determine; not blocking)
[info] path-lint surfaced-skip .scratch/grill-round-69/reports/2026-09-18-audit-loop2.md:16 single-segment POSIX root "/ZH" — surfaced-skip (cannot determine; not blocking)
[info] path-lint surfaced-skip .scratch/grill-round-69/reports/2026-09-18-audit.md:9 single-segment POSIX root "/gh" — surfaced-skip (cannot determine; not blocking)
[info] path-lint surfaced-skip .scratch/grill-round-69/reports/2026-09-18-audit.md:35 single-segment POSIX root "/Design" — surfaced-skip (cannot determine; not blocking)
[info] path-lint surfaced-skip .scratch/grill-round-69/reports/2026-09-18-audit.md:41 single-segment POSIX root "/NOTICE" — surfaced-skip (cannot determine; not blocking)
[info] path-lint surfaced-skip .scratch/grill-round-70/decision-ledger.md:7 single-segment POSIX root "/C" — surfaced-skip (cannot determine; not blocking)
[info] path-lint surfaced-skip .scratch/grill-round-70/decision-ledger.md:8 single-segment POSIX root "/stale" — surfaced-skip (cannot determine; not blocking)
[info] path-lint surfaced-skip .scratch/grill-round-70/goal.md:24 single-segment POSIX root "/C" — surfaced-skip (cannot determine; not blocking)
[info] path-lint surfaced-skip .scratch/grill-round-70/handoffs/round-70-closeout.md:32 single-segment POSIX root "/F4" — surfaced-skip (cannot determine; not blocking)
[info] path-lint surfaced-skip .scratch/grill-round-70/handoffs/round-70-closeout.md:32 single-segment POSIX root "/F5" — surfaced-skip (cannot determine; not blocking)
[info] path-lint surfaced-skip .scratch/grill-round-70/handoffs/round-70-closeout.md:32 single-segment POSIX root "/F6" — surfaced-skip (cannot determine; not blocking)
[info] path-lint surfaced-skip .scratch/grill-round-70/reports/2026-09-18-audit.md:70 single-segment POSIX root "/goal" — surfaced-skip (cannot determine; not blocking)
[info] path-lint surfaced-skip .scratch/grill-round-70/reports/2026-09-18-report.md:21 single-segment POSIX root "/partial" — surfaced-skip (cannot determine; not blocking)
[info] path-lint surfaced-skip .scratch/grill-round-70/reports/2026-09-18-report.md:21 single-segment POSIX root "/never-appears" — surfaced-skip (cannot determine; not blocking)
[info] path-lint surfaced-skip .scratch/grill-round-70/reports/2026-09-18-report.md:63 single-segment POSIX root "/check-build" — surfaced-skip (cannot determine; not blocking)
[info] path-lint surfaced-skip .scratch/grill-round-70/reports/2026-09-18-report.md:63 single-segment POSIX root "/ship-gate" — surfaced-skip (cannot determine; not blocking)
[info] path-lint surfaced-skip .scratch/grill-round-71/decision-ledger.md:5 single-segment POSIX root "/macos-spillover-probe" — surfaced-skip (cannot determine; not blocking)
[info] path-lint surfaced-skip .scratch/grill-round-71/decision-ledger.md:5 single-segment POSIX root "/provider" — surfaced-skip (cannot determine; not blocking)
[info] path-lint surfaced-skip .scratch/grill-round-71/decision-ledger.md:6 single-segment POSIX root "/Stack" — surfaced-skip (cannot determine; not blocking)
[info] path-lint surfaced-skip .scratch/grill-round-71/decision-ledger.md:7 single-segment POSIX root "/backfill-vectors" — surfaced-skip (cannot determine; not blocking)
[info] path-lint surfaced-skip .scratch/grill-round-71/evidence/t1-embedding-spike.md:22 single-segment POSIX root "/node_modules" — surfaced-skip (cannot determine; not blocking)
[info] path-lint surfaced-skip .scratch/grill-round-71/goal.md:11 single-segment POSIX root "/T1" — surfaced-skip (cannot determine; not blocking)
[info] path-lint surfaced-skip .scratch/grill-round-71/goal.md:11 single-segment POSIX root "/T3" — surfaced-skip (cannot determine; not blocking)
[info] path-lint surfaced-skip .scratch/grill-round-71/handoffs/next-round.md:26 single-segment POSIX root "/Stack" — surfaced-skip (cannot determine; not blocking)
[info] path-lint surfaced-skip .scratch/grill-round-71/handoffs/round-71-closeout.md:25 single-segment POSIX root "/macos" — surfaced-skip (cannot determine; not blocking)
[info] path-lint surfaced-skip .scratch/grill-round-71/handoffs/round-71-closeout.md:25 single-segment POSIX root "/provider" — surfaced-skip (cannot determine; not blocking)
[info] path-lint surfaced-skip .scratch/grill-round-71/handoffs/round-71-closeout.md:25 single-segment POSIX root "/deferred" — surfaced-skip (cannot determine; not blocking)
[info] path-lint surfaced-skip .scratch/grill-round-71/reports/2026-09-19-audit.md:34 single-segment POSIX root "/node_modules" — surfaced-skip (cannot determine; not blocking)
[info] path-lint surfaced-skip .scratch/grill-round-71/reports/2026-09-19-audit.md:99 single-segment POSIX root "/literal" — surfaced-skip (cannot determine; not blocking)
[info] path-lint surfaced-skip .scratch/grill-round-71/reports/2026-09-19-report.md:28 single-segment POSIX root "/proxy" — surfaced-skip (cannot determine; not blocking)
[info] path-lint surfaced-skip .scratch/grill-round-72/decision-ledger.md:5 single-segment POSIX root "/macos" — surfaced-skip (cannot determine; not blocking)
[info] path-lint surfaced-skip .scratch/grill-round-72/decision-ledger.md:5 single-segment POSIX root "/transformers" — surfaced-skip (cannot determine; not blocking)
[info] path-lint surfaced-skip .scratch/grill-round-72/decision-ledger.md:5 single-segment POSIX root "/r71-audit" — surfaced-skip (cannot determine; not blocking)
[info] path-lint surfaced-skip .scratch/grill-round-72/decision-ledger.md:8 single-segment POSIX root "/tarball" — surfaced-skip (cannot determine; not blocking)
[info] path-lint surfaced-skip .scratch/grill-round-72/goal.md:9 single-segment POSIX root "/URL" — surfaced-skip (cannot determine; not blocking)
[info] path-lint surfaced-skip .scratch/grill-round-72/goal.md:16 single-segment POSIX root "/guard" — surfaced-skip (cannot determine; not blocking)
[info] path-lint surfaced-skip .scratch/grill-round-72/handoffs/next-round.md:38 single-segment POSIX root "/systemPrompt" — surfaced-skip (cannot determine; not blocking)
[info] path-lint surfaced-skip .scratch/grill-round-72/handoffs/next-round.md:58 single-segment POSIX root "/MCP" — surfaced-skip (cannot determine; not blocking)
[info] path-lint surfaced-skip .scratch/grill-round-72/handoffs/next-round.md:92 single-segment POSIX root "/macos-spillover-probe" — surfaced-skip (cannot determine; not blocking)
[info] path-lint surfaced-skip .scratch/grill-round-72/handoffs/next-round.md:92 single-segment POSIX root "/transformers" — surfaced-skip (cannot determine; not blocking)
[info] path-lint surfaced-skip .scratch/grill-round-72/handoffs/next-round.md:92 single-segment POSIX root "/F3" — surfaced-skip (cannot determine; not blocking)
[info] path-lint surfaced-skip .scratch/grill-round-72/handoffs/next-round.md:92 single-segment POSIX root "/r71-audit" — surfaced-skip (cannot determine; not blocking)
[info] path-lint surfaced-skip .scratch/grill-round-72/handoffs/round-72-audit-handoff.md:7 single-segment POSIX root "/index" — surfaced-skip (cannot determine; not blocking)
[info] path-lint surfaced-skip .scratch/grill-round-72/handoffs/round-72-audit-handoff.md:33 single-segment POSIX root "/overrides" — surfaced-skip (cannot determine; not blocking)
[info] path-lint surfaced-skip .scratch/grill-round-72/handoffs/round-72-closeout.md:21 single-segment POSIX root "/dump-config" — surfaced-skip (cannot determine; not blocking)
[info] path-lint surfaced-skip .scratch/grill-round-72/handoffs/round-72-closeout.md:21 single-segment POSIX root "/duplicate-insert" — surfaced-skip (cannot determine; not blocking)
[info] path-lint surfaced-skip .scratch/grill-round-72/handoffs/round-72-closeout.md:21 single-segment POSIX root "/phase1" — surfaced-skip (cannot determine; not blocking)
[info] path-lint surfaced-skip .scratch/grill-round-72/q1-atomcode.md:23 single-segment POSIX root "/RAG" — surfaced-skip (cannot determine; not blocking)
[info] path-lint surfaced-skip .scratch/grill-round-72/q1-atomcode.md:39 single-segment POSIX root "/RAG" — surfaced-skip (cannot determine; not blocking)
[info] path-lint surfaced-skip .scratch/grill-round-72/q1-atomcode.md:54 single-segment POSIX root "/systemPrompt" — surfaced-skip (cannot determine; not blocking)
[info] path-lint surfaced-skip .scratch/grill-round-72/reports/2026-09-19-audit.md:18 single-segment POSIX root "/index" — surfaced-skip (cannot determine; not blocking)
[info] path-lint surfaced-skip .scratch/grill-round-72/reports/2026-09-19-audit.md:18 single-segment POSIX root "/policy" — surfaced-skip (cannot determine; not blocking)
[info] path-lint surfaced-skip .scratch/grill-round-72/reports/2026-09-19-audit.md:18 single-segment POSIX root "/recall" — surfaced-skip (cannot determine; not blocking)
[info] path-lint surfaced-skip .scratch/grill-round-72/reports/2026-09-19-audit.md:18 single-segment POSIX root "/index" — surfaced-skip (cannot determine; not blocking)
[info] path-lint surfaced-skip .scratch/grill-round-72/reports/2026-09-19-audit.md:20 single-segment POSIX root "/cordis.patch.yml" — surfaced-skip (cannot determine; not blocking)
[info] path-lint surfaced-skip .scratch/grill-round-72/reports/2026-09-19-audit.md:29 single-segment POSIX root "/devDep" — surfaced-skip (cannot determine; not blocking)
[info] path-lint surfaced-skip .scratch/grill-round-72/reports/2026-09-19-audit.md:29 single-segment POSIX root "/keywords" — surfaced-skip (cannot determine; not blocking)
[info] path-lint surfaced-skip .scratch/grill-round-72/reports/2026-09-19-audit.md:36 single-segment POSIX root "/index" — surfaced-skip (cannot determine; not blocking)
[info] path-lint surfaced-skip .scratch/grill-round-72/reports/2026-09-19-audit.md:36 single-segment POSIX root "/index" — surfaced-skip (cannot determine; not blocking)
[info] path-lint surfaced-skip .scratch/grill-round-72/reports/2026-09-19-audit.md:52 single-segment POSIX root "/npm" — surfaced-skip (cannot determine; not blocking)
[info] path-lint surfaced-skip .scratch/grill-round-72/reports/2026-09-19-audit.md:52 single-segment POSIX root "/web" — surfaced-skip (cannot determine; not blocking)
[info] path-lint surfaced-skip .scratch/grill-round-72/reports/2026-09-19-audit.md:52 single-segment POSIX root "/R71" — surfaced-skip (cannot determine; not blocking)
[info] path-lint surfaced-skip .scratch/grill-round-72/reports/2026-09-19-audit.md:56 single-segment POSIX root "/DB" — surfaced-skip (cannot determine; not blocking)
[info] path-lint surfaced-skip .scratch/grill-round-72/reports/2026-09-19-audit.md:71 single-segment POSIX root "/index" — surfaced-skip (cannot determine; not blocking)
[info] path-lint surfaced-skip .scratch/grill-round-72/reports/2026-09-19-audit.md:71 single-segment POSIX root "/listeners" — surfaced-skip (cannot determine; not blocking)
[info] path-lint surfaced-skip .scratch/grill-round-72/reports/2026-09-19-audit.md:77 single-segment POSIX root "/policy" — surfaced-skip (cannot determine; not blocking)
[info] path-lint surfaced-skip .scratch/grill-round-72/reports/2026-09-19-audit.md:77 single-segment POSIX root "/recall" — surfaced-skip (cannot determine; not blocking)
[info] path-lint surfaced-skip .scratch/grill-round-72/reports/2026-09-19-audit.md:88 single-segment POSIX root "/recall" — surfaced-skip (cannot determine; not blocking)
[info] path-lint surfaced-skip .scratch/grill-round-72/reports/2026-09-19-audit.md:88 single-segment POSIX root "/index" — surfaced-skip (cannot determine; not blocking)
[info] path-lint surfaced-skip .scratch/grill-round-72/reports/2026-09-19-audit.md:94 single-segment POSIX root "/cosmetic" — surfaced-skip (cannot determine; not blocking)
[info] path-lint surfaced-skip .scratch/grill-round-72/reports/2026-09-19-audit.md:110 single-segment POSIX root "/recall" — surfaced-skip (cannot determine; not blocking)
[info] path-lint surfaced-skip .scratch/grill-round-72/reports/2026-09-19-audit.md:110 single-segment POSIX root "/index" — surfaced-skip (cannot determine; not blocking)
[info] path-lint surfaced-skip .scratch/grill-round-72/reports/2026-09-19-audit.md:111 single-segment POSIX root "/test" — surfaced-skip (cannot determine; not blocking)
[info] path-lint surfaced-skip .scratch/grill-round-72/reports/2026-09-19-report.md:38 single-segment POSIX root "/index" — surfaced-skip (cannot determine; not blocking)
[info] path-lint surfaced-skip .scratch/grill-round-72/reports/2026-09-19-report.md:42 single-segment POSIX root "/policy" — surfaced-skip (cannot determine; not blocking)
[info] path-lint surfaced-skip .scratch/grill-round-72/reports/2026-09-19-report.md:42 single-segment POSIX root "/recall" — surfaced-skip (cannot determine; not blocking)
[info] path-lint surfaced-skip .scratch/grill-round-72/reports/2026-09-19-report.md:42 single-segment POSIX root "/index" — surfaced-skip (cannot determine; not blocking)
[info] path-lint surfaced-skip .scratch/grill-round-72/reports/2026-09-19-report.md:42 single-segment POSIX root "/recall" — surfaced-skip (cannot determine; not blocking)
[info] path-lint surfaced-skip .scratch/grill-round-72/reports/2026-09-19-report.md:42 single-segment POSIX root "/index" — surfaced-skip (cannot determine; not blocking)
[info] path-lint surfaced-skip .scratch/grill-round-73/decision-ledger.md:5 single-segment POSIX root "/web" — surfaced-skip (cannot determine; not blocking)
[info] path-lint surfaced-skip .scratch/grill-round-73/decision-ledger.md:5 single-segment POSIX root "/R71" — surfaced-skip (cannot determine; not blocking)
[info] path-lint surfaced-skip .scratch/grill-round-73/decision-ledger.md:6 single-segment POSIX root "/pin" — surfaced-skip (cannot determine; not blocking)
[info] path-lint surfaced-skip .scratch/grill-round-73/decision-ledger.md:6 single-segment POSIX root "/spec" — surfaced-skip (cannot determine; not blocking)
[info] path-lint surfaced-skip .scratch/grill-round-73/decision-ledger.md:10 single-segment POSIX root "/payload" — surfaced-skip (cannot determine; not blocking)
[info] path-lint surfaced-skip .scratch/grill-round-73/decision-ledger.md:11 single-segment POSIX root "/regen" — surfaced-skip (cannot determine; not blocking)
[info] path-lint surfaced-skip .scratch/grill-round-73/decision-ledger.md:11 single-segment POSIX root "/handoff" — surfaced-skip (cannot determine; not blocking)
[info] path-lint surfaced-skip .scratch/grill-round-73/handoffs/next-round.md:79 single-segment POSIX root "/worktree" — surfaced-skip (cannot determine; not blocking)
[info] path-lint surfaced-skip .scratch/grill-round-73/q2-atomcode.md:15 single-segment POSIX root "/lockfile" — surfaced-skip (cannot determine; not blocking)
[info] path-lint surfaced-skip .scratch/grill-round-73/q2-atomcode.md:59 single-segment POSIX root "/graphql-tools" — surfaced-skip (cannot determine; not blocking)
[info] path-lint surfaced-skip .scratch/grill-round-73/q2-atomcode.md:74 single-segment POSIX root "/regen" — surfaced-skip (cannot determine; not blocking)
[info] path-lint surfaced-skip .scratch/grill-round-73/q2-atomcode.md:91 single-segment POSIX root "/regen" — surfaced-skip (cannot determine; not blocking)
[info] path-lint surfaced-skip .scratch/grill-round-73/reports/2026-09-19-audit.md:29 single-segment POSIX root "/ship-gate" — surfaced-skip (cannot determine; not blocking)
[info] path-lint surfaced-skip .scratch/grill-round-73/reports/2026-09-19-audit.md:29 single-segment POSIX root "/native-smoke" — surfaced-skip (cannot determine; not blocking)
[info] path-lint surfaced-skip .scratch/grill-round-73/reports/2026-09-19-audit.md:29 single-segment POSIX root "/ship-gate" — surfaced-skip (cannot determine; not blocking)
[info] path-lint surfaced-skip .scratch/grill-round-73/reports/2026-09-19-audit.md:29 single-segment POSIX root "/native-smoke" — surfaced-skip (cannot determine; not blocking)
[info] path-lint surfaced-skip .scratch/grill-round-73/reports/2026-09-19-audit.md:29 single-segment POSIX root "/ship-gate" — surfaced-skip (cannot determine; not blocking)
[info] path-lint surfaced-skip .scratch/grill-round-73/reports/2026-09-19-audit.md:29 single-segment POSIX root "/native-smoke" — surfaced-skip (cannot determine; not blocking)
[info] path-lint surfaced-skip .scratch/grill-round-73/reports/2026-09-19-audit.md:83 single-segment POSIX root "/closeout" — surfaced-skip (cannot determine; not blocking)
[info] path-lint surfaced-skip .scratch/grill-round-73/reports/2026-09-19-audit.md:129 single-segment POSIX root "/closeout" — surfaced-skip (cannot determine; not blocking)
[info] path-lint surfaced-skip .scratch/grill-round-73/reports/2026-09-19-report.md:21 single-segment POSIX root "/payload" — surfaced-skip (cannot determine; not blocking)
[info] path-lint surfaced-skip .scratch/grill-round-73/reports/2026-09-19-report.md:41 single-segment POSIX root "/alpha.2" — surfaced-skip (cannot determine; not blocking)
[info] path-lint surfaced-skip .scratch/grill-round-73/reports/2026-09-19-report.md:41 single-segment POSIX root "/CI" — surfaced-skip (cannot determine; not blocking)
[info] path-lint surfaced-skip .scratch/grill-round-73/reports/2026-09-19-report.md:41 single-segment POSIX root "/release" — surfaced-skip (cannot determine; not blocking)
[info] path-lint surfaced-skip .scratch/grill-round-73/reports/2026-09-19-report.md:42 single-segment POSIX root "/PENDING" — surfaced-skip (cannot determine; not blocking)
[info] path-lint surfaced-skip .scratch/grill-round-74/decision-ledger.md:6 single-segment POSIX root "/FTS" — surfaced-skip (cannot determine; not blocking)
[info] path-lint surfaced-skip .scratch/grill-round-74/decision-ledger.md:6 single-segment POSIX root "/Phase7" — surfaced-skip (cannot determine; not blocking)
[info] path-lint surfaced-skip .scratch/grill-round-74/decision-ledger.md:6 single-segment POSIX root "/Phase9" — surfaced-skip (cannot determine; not blocking)
[info] path-lint surfaced-skip .scratch/grill-round-74/decision-ledger.md:7 single-segment POSIX root "/width" — surfaced-skip (cannot determine; not blocking)
[info] path-lint surfaced-skip .scratch/grill-round-74/decision-ledger.md:8 single-segment POSIX root "/Status" — surfaced-skip (cannot determine; not blocking)
[info] path-lint surfaced-skip .scratch/grill-round-74/decision-ledger.md:8 single-segment POSIX root "/fail-open" — surfaced-skip (cannot determine; not blocking)
[info] path-lint surfaced-skip .scratch/grill-round-74/decision-ledger.md:9 single-segment POSIX root "/GitHub" — surfaced-skip (cannot determine; not blocking)
[info] path-lint surfaced-skip .scratch/grill-round-74/decision-ledger.md:10 single-segment POSIX root "/Mermaid" — surfaced-skip (cannot determine; not blocking)
[info] path-lint surfaced-skip .scratch/grill-round-74/evidence/t1-render-verification.md:10 single-segment POSIX root "/alt" — surfaced-skip (cannot determine; not blocking)
[info] path-lint surfaced-skip .scratch/grill-round-74/evidence/t1-render-verification.md:13 single-segment POSIX root "/CSS" — surfaced-skip (cannot determine; not blocking)
[info] path-lint surfaced-skip .scratch/grill-round-74/goal.md:16 single-segment POSIX root "/Mermaid" — surfaced-skip (cannot determine; not blocking)
[info] path-lint surfaced-skip .scratch/grill-round-74/goal.md:21 single-segment POSIX root "/Phase7" — surfaced-skip (cannot determine; not blocking)
[info] path-lint surfaced-skip .scratch/grill-round-74/goal.md:21 single-segment POSIX root "/Phase9" — surfaced-skip (cannot determine; not blocking)
[info] path-lint surfaced-skip .scratch/grill-round-74/goal.md:25 single-segment POSIX root "/web" — surfaced-skip (cannot determine; not blocking)
[info] path-lint surfaced-skip .scratch/grill-round-74/handoffs/next-round.md:31 single-segment POSIX root "/GitHub" — surfaced-skip (cannot determine; not blocking)
[info] path-lint surfaced-skip .scratch/grill-round-74/handoffs/next-round.md:38 single-segment POSIX root "/Status" — surfaced-skip (cannot determine; not blocking)
[info] path-lint surfaced-skip .scratch/grill-round-74/handoffs/next-round.md:39 single-segment POSIX root "/link" — surfaced-skip (cannot determine; not blocking)
[info] path-lint surfaced-skip .scratch/grill-round-74/handoffs/next-round.md:50 single-segment POSIX root "/logo" — surfaced-skip (cannot determine; not blocking)
[info] path-lint surfaced-skip .scratch/grill-round-74/handoffs/next-round.md:50 single-segment POSIX root "/imagegen" — surfaced-skip (cannot determine; not blocking)
[info] path-lint surfaced-skip .scratch/grill-round-74/handoffs/round-74-audit-handoff.md:10 single-segment POSIX root "/cold" — surfaced-skip (cannot determine; not blocking)
[info] path-lint surfaced-skip .scratch/grill-round-74/handoffs/round-74-audit-handoff.md:10 single-segment POSIX root "/off-list" — surfaced-skip (cannot determine; not blocking)
[info] path-lint surfaced-skip .scratch/grill-round-74/handoffs/round-74-audit-handoff.md:10 single-segment POSIX root "/contrast" — surfaced-skip (cannot determine; not blocking)
[info] path-lint surfaced-skip .scratch/grill-round-74/handoffs/round-74-audit-rework.md:10 single-segment POSIX root "/claude" — surfaced-skip (cannot determine; not blocking)
[info] path-lint surfaced-skip .scratch/grill-round-74/handoffs/round-74-audit-rework.md:10 single-segment POSIX root "/codex" — surfaced-skip (cannot determine; not blocking)
[info] path-lint surfaced-skip .scratch/grill-round-74/handoffs/round-74-audit-rework.md:12 single-segment POSIX root "/scratch" — surfaced-skip (cannot determine; not blocking)
[info] path-lint surfaced-skip .scratch/grill-round-74/handoffs/round-74-closeout.md:12 single-segment POSIX root "/ans" — surfaced-skip (cannot determine; not blocking)
[info] path-lint surfaced-skip .scratch/grill-round-74/handoffs/round-74-closeout.md:14 single-segment POSIX root "/pathlint" — surfaced-skip (cannot determine; not blocking)
[info] path-lint surfaced-skip .scratch/grill-round-74/handoffs/round-74-closeout.md:14 single-segment POSIX root "/pack" — surfaced-skip (cannot determine; not blocking)
[info] path-lint surfaced-skip .scratch/grill-round-74/plan.md:38 single-segment POSIX root "/DB" — surfaced-skip (cannot determine; not blocking)
[info] path-lint surfaced-skip .scratch/grill-round-74/plan.md:56 single-segment POSIX root "/canonical" — surfaced-skip (cannot determine; not blocking)
[info] path-lint surfaced-skip .scratch/grill-round-74/plan.md:56 single-segment POSIX root "/badge" — surfaced-skip (cannot determine; not blocking)
[info] path-lint surfaced-skip .scratch/grill-round-74/plan.md:64 single-segment POSIX root "/fail-open" — surfaced-skip (cannot determine; not blocking)
[info] path-lint surfaced-skip .scratch/grill-round-74/plan.md:96 single-segment POSIX root "/fail-open" — surfaced-skip (cannot determine; not blocking)
[info] path-lint surfaced-skip .scratch/grill-round-74/plan.md:96 single-segment POSIX root "/abstain" — surfaced-skip (cannot determine; not blocking)
[info] path-lint surfaced-skip .scratch/grill-round-74/reports/2026-09-20-audit.md:21 single-segment POSIX root "/pathlint" — surfaced-skip (cannot determine; not blocking)
[info] path-lint surfaced-skip .scratch/grill-round-74/reports/2026-09-20-audit.md:21 single-segment POSIX root "/override" — surfaced-skip (cannot determine; not blocking)
[info] path-lint surfaced-skip .scratch/grill-round-74/reports/2026-09-20-audit.md:46 single-segment POSIX root "/Changed" — surfaced-skip (cannot determine; not blocking)
[info] path-lint surfaced-skip .scratch/grill-round-74/reports/2026-09-20-audit.md:46 single-segment POSIX root "/Deferred" — surfaced-skip (cannot determine; not blocking)
[info] path-lint surfaced-skip .scratch/grill-round-74/reports/2026-09-20-audit.md:65 single-segment POSIX root "/claude" — surfaced-skip (cannot determine; not blocking)
[info] path-lint surfaced-skip .scratch/grill-round-74/reports/2026-09-20-audit.md:65 single-segment POSIX root "/codex" — surfaced-skip (cannot determine; not blocking)
[info] path-lint surfaced-skip .scratch/grill-round-74/reports/2026-09-20-audit.md:85 single-segment POSIX root "/scratch" — surfaced-skip (cannot determine; not blocking)
[info] path-lint surfaced-skip .scratch/grill-round-74/reports/2026-09-20-report.md:15 single-segment POSIX root "/ans" — surfaced-skip (cannot determine; not blocking)
[info] path-lint surfaced-skip .scratch/grill-round-74/reports/2026-09-20-report.md:30 single-segment POSIX root "/Changed" — surfaced-skip (cannot determine; not blocking)
[info] path-lint surfaced-skip .scratch/grill-round-74/reports/2026-09-20-report.md:30 single-segment POSIX root "/Deferred" — surfaced-skip (cannot determine; not blocking)
[info] path-lint surfaced-skip .scratch/grill-round-74/reports/2026-09-20-report.md:59 single-segment POSIX root "/verdict" — surfaced-skip (cannot determine; not blocking)
[info] path-lint surfaced-skip .scratch/grill-round-74/reports/2026-09-20-report.md:59 single-segment POSIX root "/abstain" — surfaced-skip (cannot determine; not blocking)
[info] path-lint surfaced-skip .scratch/grill-round-74/reports/2026-09-20-report.md:79 single-segment POSIX root "/pathlint" — surfaced-skip (cannot determine; not blocking)
[info] path-lint surfaced-skip .scratch/grill-round-74/reports/2026-09-20-report.md:79 single-segment POSIX root "/pack" — surfaced-skip (cannot determine; not blocking)
[info] path-lint surfaced-skip .scratch/grill-round-75/decision-ledger.md:4 single-segment POSIX root "/handoff" — surfaced-skip (cannot determine; not blocking)
[info] path-lint surfaced-skip .scratch/grill-round-75/handoffs/next-round.md:46 single-segment POSIX root "/Node" — surfaced-skip (cannot determine; not blocking)
[info] path-lint surfaced-skip .scratch/grill-round-75/handoffs/round-75-audit.md:16 single-segment POSIX root "/b" — surfaced-skip (cannot determine; not blocking)
[info] path-lint surfaced-skip .scratch/grill-round-75/q2-atomcode.md:31 single-segment POSIX root "/HF" — surfaced-skip (cannot determine; not blocking)
[info] path-lint surfaced-skip .scratch/grill-round-75/q2-atomcode.md:31 single-segment POSIX root "/npm" — surfaced-skip (cannot determine; not blocking)
[info] path-lint surfaced-skip .scratch/grill-round-75/q2-atomcode.md:73 single-segment POSIX root "/HF" — surfaced-skip (cannot determine; not blocking)
[info] path-lint surfaced-skip .scratch/grill-round-75/q2-atomcode.md:73 single-segment POSIX root "/npm" — surfaced-skip (cannot determine; not blocking)
[info] path-lint surfaced-skip .scratch/grill-round-75/q2-atomcode.md:186 single-segment POSIX root "/HF" — surfaced-skip (cannot determine; not blocking)
[info] path-lint surfaced-skip .scratch/grill-round-75/q2-atomcode.md:186 single-segment POSIX root "/npm" — surfaced-skip (cannot determine; not blocking)
[info] path-lint surfaced-skip .scratch/grill-round-75/q2-atomcode.md:207 single-segment POSIX root "/HF" — surfaced-skip (cannot determine; not blocking)
[info] path-lint surfaced-skip .scratch/grill-round-75/q2-atomcode.md:207 single-segment POSIX root "/npm" — surfaced-skip (cannot determine; not blocking)
[info] path-lint surfaced-skip .scratch/grill-round-75/q3-atomcode.md:77 single-segment POSIX root "/loader" — surfaced-skip (cannot determine; not blocking)
[info] path-lint surfaced-skip .scratch/grill-round-75/reports/2026-09-22-report.md:86 single-segment POSIX root "/updated" — surfaced-skip (cannot determine; not blocking)
[info] path-lint surfaced-skip .scratch/grill-round-76/decision-ledger.md:4 single-segment POSIX root "/handoff" — surfaced-skip (cannot determine; not blocking)
[info] path-lint surfaced-skip .scratch/grill-round-76/decision-ledger.md:23 single-segment POSIX root "/agent" — surfaced-skip (cannot determine; not blocking)
[info] path-lint surfaced-skip .scratch/grill-round-76/handoffs/round-76-audit.md:16 single-segment POSIX root "/pathlint" — surfaced-skip (cannot determine; not blocking)
[info] path-lint surfaced-skip .scratch/grill-round-76/handoffs/round-76-closeout.md:12 single-segment POSIX root "/LF" — surfaced-skip (cannot determine; not blocking)
[info] path-lint surfaced-skip .scratch/grill-round-76/handoffs/round-76-closeout.md:12 single-segment POSIX root "/regex" — surfaced-skip (cannot determine; not blocking)
[info] path-lint surfaced-skip .scratch/grill-round-76/handoffs/round-76-closeout.md:13 single-segment POSIX root "/prettier" — surfaced-skip (cannot determine; not blocking)
[info] path-lint surfaced-skip .scratch/grill-round-76/q2-atomcode.md:26 single-segment POSIX root "/tag" — surfaced-skip (cannot determine; not blocking)
[info] path-lint surfaced-skip .scratch/grill-round-76/q3-atomcode.md:30 single-segment POSIX root "/marker" — surfaced-skip (cannot determine; not blocking)
[info] path-lint surfaced-skip .scratch/grill-round-76/q3-atomcode.md:34 single-segment POSIX root "/agent" — surfaced-skip (cannot determine; not blocking)
[info] path-lint surfaced-skip .scratch/grill-round-76/reports/2026-09-22-audit.md:69 single-segment POSIX root "/closeout" — surfaced-skip (cannot determine; not blocking)
[info] path-lint surfaced-skip .scratch/grill-round-76/reports/2026-09-22-audit.md:76 single-segment POSIX root "/closeout" — surfaced-skip (cannot determine; not blocking)
[info] path-lint surfaced-skip .scratch/grill-round-76/reports/2026-09-22-audit.md:102 single-segment POSIX root "/LF" — surfaced-skip (cannot determine; not blocking)
[info] path-lint surfaced-skip .scratch/grill-round-76/reports/2026-09-22-audit.md:137 single-segment POSIX root "/pathlint" — surfaced-skip (cannot determine; not blocking)
[info] path-lint surfaced-skip .scratch/grill-round-76/reports/2026-09-22-report.md:72 single-segment POSIX root "/normalize" — surfaced-skip (cannot determine; not blocking)
[info] path-lint surfaced-skip .scratch/grill-round-77/decision-ledger.md:4 single-segment POSIX root "/handoff" — surfaced-skip (cannot determine; not blocking)
[info] path-lint surfaced-skip .scratch/grill-round-77/decision-ledger.md:9 single-segment POSIX root "/grill-round-" — surfaced-skip (cannot determine; not blocking)
[info] path-lint surfaced-skip .scratch/grill-round-77/decision-ledger.md:9 single-segment POSIX root "/coverage" — surfaced-skip (cannot determine; not blocking)
[info] path-lint surfaced-skip .scratch/grill-round-77/decision-ledger.md:30 single-segment POSIX root "/payload" — surfaced-skip (cannot determine; not blocking)
[info] path-lint surfaced-skip .scratch/grill-round-77/decision-ledger.md:30 single-segment POSIX root "/L2" — surfaced-skip (cannot determine; not blocking)
[info] path-lint surfaced-skip .scratch/grill-round-77/decision-ledger.md:37 single-segment POSIX root "/payload" — surfaced-skip (cannot determine; not blocking)
[info] path-lint surfaced-skip .scratch/grill-round-77/decision-ledger.md:37 single-segment POSIX root "/L2" — surfaced-skip (cannot determine; not blocking)
[info] path-lint surfaced-skip .scratch/grill-round-77/goal.md:15 single-segment POSIX root "/coverage" — surfaced-skip (cannot determine; not blocking)
[info] path-lint surfaced-skip .scratch/grill-round-77/goal.md:15 single-segment POSIX root "/canonical" — surfaced-skip (cannot determine; not blocking)
[info] path-lint surfaced-skip .scratch/grill-round-77/goal.md:15 single-segment POSIX root "/F-5" — surfaced-skip (cannot determine; not blocking)
[info] path-lint surfaced-skip .scratch/grill-round-77/goal.md:15 single-segment POSIX root "/F-6" — surfaced-skip (cannot determine; not blocking)
[info] path-lint surfaced-skip .scratch/grill-round-77/goal.md:21 single-segment POSIX root "/alpha" — surfaced-skip (cannot determine; not blocking)
[info] path-lint surfaced-skip .scratch/grill-round-77/handoffs/next-round.md:10 single-segment POSIX root "/payload" — surfaced-skip (cannot determine; not blocking)
[info] path-lint surfaced-skip .scratch/grill-round-77/handoffs/next-round.md:16 single-segment POSIX root "/payload" — surfaced-skip (cannot determine; not blocking)
[info] path-lint surfaced-skip .scratch/grill-round-77/handoffs/round-77-audit.md:29 single-segment POSIX root "/rc" — surfaced-skip (cannot determine; not blocking)
[info] path-lint surfaced-skip .scratch/grill-round-77/handoffs/round-77-closeout.md:6 single-segment POSIX root "/L1" — surfaced-skip (cannot determine; not blocking)
[info] path-lint surfaced-skip .scratch/grill-round-77/handoffs/round-77-closeout.md:6 single-segment POSIX root "/L2" — surfaced-skip (cannot determine; not blocking)
[info] path-lint surfaced-skip .scratch/grill-round-77/handoffs/round-77-closeout.md:11 single-segment POSIX root "/BEGIN-END" — surfaced-skip (cannot determine; not blocking)
[info] path-lint surfaced-skip .scratch/grill-round-77/reports/2026-09-22-audit.md:39 single-segment POSIX root "/BEGIN-END" — surfaced-skip (cannot determine; not blocking)
[info] path-lint surfaced-skip .scratch/grill-round-77/reports/2026-09-22-audit.md:50 single-segment POSIX root "/D3" — surfaced-skip (cannot determine; not blocking)
[info] path-lint surfaced-skip .scratch/grill-round-77/reports/2026-09-22-audit.md:50 single-segment POSIX root "/D4" — surfaced-skip (cannot determine; not blocking)
[info] path-lint surfaced-skip .scratch/grill-round-77/reports/2026-09-22-audit.md:50 single-segment POSIX root "/D6" — surfaced-skip (cannot determine; not blocking)
[info] path-lint surfaced-skip .scratch/grill-round-77/reports/2026-09-22-audit.md:52 single-segment POSIX root "/L2" — surfaced-skip (cannot determine; not blocking)
[info] path-lint surfaced-skip .scratch/grill-round-77/reports/2026-09-22-audit.md:73 single-segment POSIX root "/i" — surfaced-skip (cannot determine; not blocking)
[info] path-lint surfaced-skip .scratch/grill-round-77/reports/2026-09-22-audit.md:78 single-segment POSIX root "/rc" — surfaced-skip (cannot determine; not blocking)
[info] path-lint surfaced-skip .scratch/grill-round-78/decision-ledger.md:4 single-segment POSIX root "/handoff" — surfaced-skip (cannot determine; not blocking)
[info] path-lint surfaced-skip .scratch/grill-round-78/decision-ledger.md:14 single-segment POSIX root "/E2" — surfaced-skip (cannot determine; not blocking)
[info] path-lint surfaced-skip .scratch/grill-round-78/decision-ledger.md:14 single-segment POSIX root "/E4" — surfaced-skip (cannot determine; not blocking)
[info] path-lint surfaced-skip .scratch/grill-round-78/decision-ledger.md:21 single-segment POSIX root "/x" — surfaced-skip (cannot determine; not blocking)
[info] path-lint surfaced-skip .scratch/grill-round-78/decision-ledger.md:23 single-segment POSIX root "/x" — surfaced-skip (cannot determine; not blocking)
[info] path-lint surfaced-skip .scratch/grill-round-78/decision-ledger.md:23 single-segment POSIX root "/etc" — surfaced-skip (cannot determine; not blocking)
[info] path-lint surfaced-skip .scratch/grill-round-78/decision-ledger.md:23 single-segment POSIX root "/var" — surfaced-skip (cannot determine; not blocking)
[info] path-lint surfaced-skip .scratch/grill-round-78/decision-ledger.md:23 single-segment POSIX root "/mnt" — surfaced-skip (cannot determine; not blocking)
[info] path-lint surfaced-skip .scratch/grill-round-78/decision-ledger.md:24 single-segment POSIX root "/x" — surfaced-skip (cannot determine; not blocking)
[info] path-lint surfaced-skip .scratch/grill-round-78/decision-ledger.md:28 single-segment POSIX root "/fix" — surfaced-skip (cannot determine; not blocking)
[info] path-lint surfaced-skip .scratch/grill-round-78/decision-ledger.md:28 single-segment POSIX root "/chore" — surfaced-skip (cannot determine; not blocking)
[info] path-lint surfaced-skip .scratch/grill-round-78/decision-ledger.md:30 single-segment POSIX root "/lockfile" — surfaced-skip (cannot determine; not blocking)
[info] path-lint surfaced-skip .scratch/grill-round-78/decision-ledger.md:37 single-segment POSIX root "/L2" — surfaced-skip (cannot determine; not blocking)
[info] path-lint surfaced-skip .scratch/grill-round-78/evidence/t0-repin-matrix.md:48 single-segment POSIX root "/Agent" — surfaced-skip (cannot determine; not blocking)
[info] path-lint surfaced-skip .scratch/grill-round-78/evidence/t0-repin-matrix.md:48 single-segment POSIX root "/CI" — surfaced-skip (cannot determine; not blocking)
[info] path-lint surfaced-skip .scratch/grill-round-78/evidence/t1-warn-sweep.md:10 single-segment POSIX root "/x" — surfaced-skip (cannot determine; not blocking)
[info] path-lint surfaced-skip .scratch/grill-round-78/goal.md:9 single-segment POSIX root "/Users" — surfaced-skip (cannot determine; not blocking)
[info] path-lint surfaced-skip .scratch/grill-round-78/goal.md:9 single-segment POSIX root "/home" — surfaced-skip (cannot determine; not blocking)
[info] path-lint surfaced-skip .scratch/grill-round-78/goal.md:9 single-segment POSIX root "/tmp" — surfaced-skip (cannot determine; not blocking)
[info] path-lint surfaced-skip .scratch/grill-round-78/goal.md:14 single-segment POSIX root "/E2" — surfaced-skip (cannot determine; not blocking)
[info] path-lint surfaced-skip .scratch/grill-round-78/goal.md:14 single-segment POSIX root "/E3" — surfaced-skip (cannot determine; not blocking)
[info] path-lint surfaced-skip .scratch/grill-round-78/goal.md:14 single-segment POSIX root "/E4" — surfaced-skip (cannot determine; not blocking)
[info] path-lint surfaced-skip .scratch/grill-round-78/goal.md:14 single-segment POSIX root "/E7" — surfaced-skip (cannot determine; not blocking)
[info] path-lint surfaced-skip .scratch/grill-round-78/goal.md:15 single-segment POSIX root "/x" — surfaced-skip (cannot determine; not blocking)
[info] path-lint surfaced-skip .scratch/grill-round-78/handoffs/next-round.md:33 single-segment POSIX root "/fixture" — surfaced-skip (cannot determine; not blocking)
[info] path-lint surfaced-skip .scratch/grill-round-78/handoffs/next-round.md:37 single-segment POSIX root "/x" — surfaced-skip (cannot determine; not blocking)
[info] path-lint surfaced-skip .scratch/grill-round-78/handoffs/next-round.md:47 single-segment POSIX root "/baseline" — surfaced-skip (cannot determine; not blocking)
[info] path-lint surfaced-skip .scratch/grill-round-78/handoffs/round-78-audit.md:13 single-segment POSIX root "/pack" — surfaced-skip (cannot determine; not blocking)
[info] path-lint surfaced-skip .scratch/grill-round-78/handoffs/round-78-audit.md:25 single-segment POSIX root "/x" — surfaced-skip (cannot determine; not blocking)
[info] path-lint surfaced-skip .scratch/grill-round-78/handoffs/round-78-audit.md:32 single-segment POSIX root "/E5" — surfaced-skip (cannot determine; not blocking)
[info] path-lint surfaced-skip .scratch/grill-round-78/handoffs/round-78-audit.md:32 single-segment POSIX root "/E6" — surfaced-skip (cannot determine; not blocking)
[info] path-lint surfaced-skip .scratch/grill-round-78/handoffs/round-78-audit.md:32 single-segment POSIX root "/E7" — surfaced-skip (cannot determine; not blocking)
[info] path-lint surfaced-skip .scratch/grill-round-78/handoffs/round-78-audit.md:33 single-segment POSIX root "/lock" — surfaced-skip (cannot determine; not blocking)
[info] path-lint surfaced-skip .scratch/grill-round-78/handoffs/round-78-audit.md:54 single-segment POSIX root "/AppData" — surfaced-skip (cannot determine; not blocking)
[info] path-lint surfaced-skip .scratch/grill-round-78/handoffs/round-78-closeout.md:11 single-segment POSIX root "/x" — surfaced-skip (cannot determine; not blocking)
[info] path-lint surfaced-skip .scratch/grill-round-78/handoffs/round-79-next.md:28 single-segment POSIX root "/x" — surfaced-skip (cannot determine; not blocking)
[info] path-lint surfaced-skip .scratch/grill-round-78/q2-atomcode.md:123 single-segment POSIX root "/registry" — surfaced-skip (cannot determine; not blocking)
[info] path-lint surfaced-skip .scratch/grill-round-78/q3-atomcode.md:52 single-segment POSIX root "/ratchet" — surfaced-skip (cannot determine; not blocking)
[info] path-lint surfaced-skip .scratch/grill-round-78/q3-atomcode.md:94 single-segment POSIX root "/x" — surfaced-skip (cannot determine; not blocking)
[info] path-lint surfaced-skip .scratch/grill-round-78/q3-atomcode.md:99 single-segment POSIX root "/x" — surfaced-skip (cannot determine; not blocking)
[info] path-lint surfaced-skip .scratch/grill-round-78/q3-atomcode.md:105 single-segment POSIX root "/x" — surfaced-skip (cannot determine; not blocking)
[info] path-lint surfaced-skip .scratch/grill-round-78/q3-atomcode.md:112 single-segment POSIX root "/x" — surfaced-skip (cannot determine; not blocking)
[info] path-lint surfaced-skip .scratch/grill-round-78/q3-atomcode.md:112 single-segment POSIX root "/x" — surfaced-skip (cannot determine; not blocking)
[info] path-lint surfaced-skip .scratch/grill-round-78/q4-atomcode.md:100 single-segment POSIX root "/atomic-commit.md" — surfaced-skip (cannot determine; not blocking)
[info] path-lint surfaced-skip .scratch/grill-round-78/reports/2026-09-22-report.md:31 single-segment POSIX root "/x" — surfaced-skip (cannot determine; not blocking)
[info] path-lint surfaced-skip .scratch/grill-round-79/decision-ledger.md:4 single-segment POSIX root "/handoff" — surfaced-skip (cannot determine; not blocking)
[info] path-lint surfaced-skip .scratch/grill-round-79/decision-ledger.md:7 single-segment POSIX root "/x" — surfaced-skip (cannot determine; not blocking)
[info] path-lint surfaced-skip .scratch/grill-round-79/decision-ledger.md:9 single-segment POSIX root "/x" — surfaced-skip (cannot determine; not blocking)
[info] path-lint surfaced-skip .scratch/grill-round-79/decision-ledger.md:14 single-segment POSIX root "/x" — surfaced-skip (cannot determine; not blocking)
[info] path-lint surfaced-skip .scratch/grill-round-79/decision-ledger.md:16 single-segment POSIX root "/locator" — surfaced-skip (cannot determine; not blocking)
[info] path-lint surfaced-skip .scratch/grill-round-79/decision-ledger.md:16 single-segment POSIX root "/x" — surfaced-skip (cannot determine; not blocking)
[info] path-lint surfaced-skip .scratch/grill-round-79/decision-ledger.md:16 single-segment POSIX root "/locator" — surfaced-skip (cannot determine; not blocking)
[info] path-lint surfaced-skip .scratch/grill-round-79/decision-ledger.md:16 single-segment POSIX root "/fence" — surfaced-skip (cannot determine; not blocking)
[info] path-lint surfaced-skip .scratch/grill-round-79/decision-ledger.md:16 single-segment POSIX root "/x" — surfaced-skip (cannot determine; not blocking)
[info] path-lint surfaced-skip .scratch/grill-round-79/decision-ledger.md:21 single-segment POSIX root "/x" — surfaced-skip (cannot determine; not blocking)
[info] path-lint surfaced-skip .scratch/grill-round-79/decision-ledger.md:23 single-segment POSIX root "/x" — surfaced-skip (cannot determine; not blocking)
[info] path-lint surfaced-skip .scratch/grill-round-79/decision-ledger.md:23 single-segment POSIX root "/x" — surfaced-skip (cannot determine; not blocking)
[info] path-lint surfaced-skip .scratch/grill-round-79/decision-ledger.md:30 single-segment POSIX root "/x" — surfaced-skip (cannot determine; not blocking)
[info] path-lint surfaced-skip .scratch/grill-round-79/decision-ledger.md:30 single-segment POSIX root "/x" — surfaced-skip (cannot determine; not blocking)
[info] path-lint surfaced-skip .scratch/grill-round-79/decision-ledger.md:30 single-segment POSIX root "/x" — surfaced-skip (cannot determine; not blocking)
[info] path-lint surfaced-skip .scratch/grill-round-79/decision-ledger.md:30 single-segment POSIX root "/watch" — surfaced-skip (cannot determine; not blocking)
[info] path-lint surfaced-skip .scratch/grill-round-79/evidence/t1-c1-red.md:1 single-segment POSIX root "/x" — surfaced-skip (cannot determine; not blocking)
[info] path-lint surfaced-skip .scratch/grill-round-79/evidence/t1-c1-red.md:21 single-segment POSIX root "/x" — surfaced-skip (cannot determine; not blocking)
[info] path-lint surfaced-skip .scratch/grill-round-79/evidence/t1-c1-red.md:22 single-segment POSIX root "/etc" — surfaced-skip (cannot determine; not blocking)
[info] path-lint surfaced-skip .scratch/grill-round-79/evidence/t1-c1-red.md:23 single-segment POSIX root "/x" — surfaced-skip (cannot determine; not blocking)
[info] path-lint surfaced-skip .scratch/grill-round-79/goal.md:7 single-segment POSIX root "/x" — surfaced-skip (cannot determine; not blocking)
[info] path-lint surfaced-skip .scratch/grill-round-79/handoffs/next-round.md:27 single-segment POSIX root "/x" — surfaced-skip (cannot determine; not blocking)
[info] path-lint surfaced-skip .scratch/grill-round-79/handoffs/next-round.md:27 single-segment POSIX root "/x" — surfaced-skip (cannot determine; not blocking)
[info] path-lint surfaced-skip .scratch/grill-round-79/handoffs/next-round.md:27 single-segment POSIX root "/x" — surfaced-skip (cannot determine; not blocking)
[info] path-lint surfaced-skip .scratch/grill-round-79/handoffs/next-round.md:29 single-segment POSIX root "/x" — surfaced-skip (cannot determine; not blocking)
[info] path-lint surfaced-skip .scratch/grill-round-79/handoffs/next-round.md:30 single-segment POSIX root "/x" — surfaced-skip (cannot determine; not blocking)
[info] path-lint surfaced-skip .scratch/grill-round-79/handoffs/next-round.md:30 single-segment POSIX root "/x" — surfaced-skip (cannot determine; not blocking)
[info] path-lint surfaced-skip .scratch/grill-round-79/handoffs/next-round.md:36 single-segment POSIX root "/stale-marker" — surfaced-skip (cannot determine; not blocking)
[info] path-lint surfaced-skip .scratch/grill-round-79/handoffs/round-79-audit-closeout.md:4 single-segment POSIX root "/x" — surfaced-skip (cannot determine; not blocking)
[info] path-lint surfaced-skip .scratch/grill-round-79/handoffs/round-79-audit.md:35 single-segment POSIX root "/D2" — surfaced-skip (cannot determine; not blocking)
[info] path-lint surfaced-skip .scratch/grill-round-79/handoffs/round-79-audit.md:35 single-segment POSIX root "/D3" — surfaced-skip (cannot determine; not blocking)
[info] path-lint surfaced-skip .scratch/grill-round-79/handoffs/round-79-audit.md:35 single-segment POSIX root "/D5" — surfaced-skip (cannot determine; not blocking)
[info] path-lint surfaced-skip .scratch/grill-round-79/handoffs/round-79-audit.md:35 single-segment POSIX root "/D6" — surfaced-skip (cannot determine; not blocking)
[info] path-lint surfaced-skip .scratch/grill-round-79/handoffs/round-79-audit.md:41 single-segment POSIX root "/x" — surfaced-skip (cannot determine; not blocking)
[info] path-lint surfaced-skip .scratch/grill-round-79/handoffs/round-79-audit.md:41 single-segment POSIX root "/etc" — surfaced-skip (cannot determine; not blocking)
[info] path-lint surfaced-skip .scratch/grill-round-79/handoffs/round-79-audit.md:48 single-segment POSIX root "/x" — surfaced-skip (cannot determine; not blocking)
[info] path-lint surfaced-skip .scratch/grill-round-79/handoffs/round-79-audit.md:65 single-segment POSIX root "/red" — surfaced-skip (cannot determine; not blocking)
[info] path-lint surfaced-skip .scratch/grill-round-79/handoffs/round-79-closeout.md:4 single-segment POSIX root "/x" — surfaced-skip (cannot determine; not blocking)
[info] path-lint surfaced-skip .scratch/grill-round-79/handoffs/round-79-closeout.md:6 single-segment POSIX root "/x" — surfaced-skip (cannot determine; not blocking)
[info] path-lint surfaced-skip .scratch/grill-round-79/handoffs/round-79-closeout.md:11 single-segment POSIX root "/x" — surfaced-skip (cannot determine; not blocking)
[info] path-lint surfaced-skip .scratch/grill-round-79/handoffs/round-79-closeout.md:11 single-segment POSIX root "/x" — surfaced-skip (cannot determine; not blocking)
[info] path-lint surfaced-skip .scratch/grill-round-79/handoffs/round-79-closeout.md:28 single-segment POSIX root "/x" — surfaced-skip (cannot determine; not blocking)
[info] path-lint surfaced-skip .scratch/grill-round-79/handoffs/round-80-next.md:10 single-segment POSIX root "/x" — surfaced-skip (cannot determine; not blocking)
[info] path-lint surfaced-skip .scratch/grill-round-79/handoffs/round-80-next.md:29 single-segment POSIX root "/x" — surfaced-skip (cannot determine; not blocking)
[info] path-lint surfaced-skip .scratch/grill-round-79/q2-atomcode.md:32 single-segment POSIX root "/x" — surfaced-skip (cannot determine; not blocking)
[info] path-lint surfaced-skip .scratch/grill-round-79/q2-atomcode.md:45 single-segment POSIX root "/x" — surfaced-skip (cannot determine; not blocking)
[info] path-lint surfaced-skip .scratch/grill-round-79/q2-atomcode.md:60 single-segment POSIX root "/x" — surfaced-skip (cannot determine; not blocking)
[info] path-lint surfaced-skip .scratch/grill-round-79/q4-atomcode.md:46 single-segment POSIX root "/fixture" — surfaced-skip (cannot determine; not blocking)
[info] path-lint surfaced-skip .scratch/grill-round-79/reports/2026-09-23-report.md:5 single-segment POSIX root "/x" — surfaced-skip (cannot determine; not blocking)
[info] path-lint surfaced-skip .scratch/grill-round-79/reports/2026-09-23-report.md:21 single-segment POSIX root "/stale-marker" — surfaced-skip (cannot determine; not blocking)
[info] path-lint surfaced-skip .scratch/grill-round-79/reports/2026-09-23-report.md:39 single-segment POSIX root "/x" — surfaced-skip (cannot determine; not blocking)
[info] path-lint surfaced-skip .scratch/grill-round-79/reports/2026-09-23-report.md:39 single-segment POSIX root "/red" — surfaced-skip (cannot determine; not blocking)
[info] path-lint surfaced-skip .scratch/grill-round-79/reports/2026-09-23-report.md:39 single-segment POSIX root "/test" — surfaced-skip (cannot determine; not blocking)
[info] path-lint surfaced-skip .scratch/grill-round-80/decision-ledger.md:28 single-segment POSIX root "/lockfile" — surfaced-skip (cannot determine; not blocking)
[info] path-lint surfaced-skip .scratch/grill-round-80/decision-ledger.md:63 single-segment POSIX root "/rejected" — surfaced-skip (cannot determine; not blocking)
[info] path-lint surfaced-skip .scratch/grill-round-80/goal.md:18 single-segment POSIX root "/tag" — surfaced-skip (cannot determine; not blocking)
[info] path-lint surfaced-skip .scratch/grill-round-80/handoffs/next-round.md:3 single-segment POSIX root "/TP" — surfaced-skip (cannot determine; not blocking)
[info] path-lint surfaced-skip .scratch/grill-round-80/handoffs/next-round.md:29 single-segment POSIX root "/lockfile" — surfaced-skip (cannot determine; not blocking)
[info] path-lint surfaced-skip .scratch/grill-round-80/handoffs/next-round.md:35 single-segment POSIX root "/job" — surfaced-skip (cannot determine; not blocking)
[info] path-lint surfaced-skip .scratch/grill-round-80/handoffs/next-round.md:38 single-segment POSIX root "/TP" — surfaced-skip (cannot determine; not blocking)
[info] path-lint surfaced-skip .scratch/grill-round-80/handoffs/next-round.md:55 single-segment POSIX root "/C" — surfaced-skip (cannot determine; not blocking)
[info] path-lint surfaced-skip .scratch/grill-round-80/handoffs/next-round.md:55 single-segment POSIX root "/D" — surfaced-skip (cannot determine; not blocking)
[info] path-lint surfaced-skip .scratch/grill-round-80/handoffs/next-round.md:66 single-segment POSIX root "/T2" — surfaced-skip (cannot determine; not blocking)
[info] path-lint surfaced-skip .scratch/grill-round-80/handoffs/next-round.md:66 single-segment POSIX root "/T3" — surfaced-skip (cannot determine; not blocking)
[info] path-lint surfaced-skip .scratch/grill-round-80/handoffs/next-round.md:74 single-segment POSIX root "/trustLockfile" — surfaced-skip (cannot determine; not blocking)
[info] path-lint surfaced-skip .scratch/grill-round-80/handoffs/round-80-audit-signoff.md:26 single-segment POSIX root "/x" — surfaced-skip (cannot determine; not blocking)
[info] path-lint surfaced-skip .scratch/grill-round-80/handoffs/round-80-audit-signoff.md:30 single-segment POSIX root "/trustLockfile" — surfaced-skip (cannot determine; not blocking)
[info] path-lint surfaced-skip .scratch/grill-round-80/handoffs/round-80-closeout.md:4 single-segment POSIX root "/CONTEXT" — surfaced-skip (cannot determine; not blocking)
[info] path-lint surfaced-skip .scratch/grill-round-80/handoffs/round-80-closeout.md:4 single-segment POSIX root "/round-80" — surfaced-skip (cannot determine; not blocking)
[info] path-lint surfaced-skip .scratch/grill-round-80/handoffs/round-80-closeout.md:31 single-segment POSIX root "/x" — surfaced-skip (cannot determine; not blocking)
[info] path-lint surfaced-skip .scratch/grill-round-80/q4-atomcode.md:21 single-segment POSIX root "/CHANGELOG" — surfaced-skip (cannot determine; not blocking)
[info] path-lint surfaced-skip .scratch/grill-round-80/reports/2026-09-23-audit.md:56 single-segment POSIX root "/handoff" — surfaced-skip (cannot determine; not blocking)
[info] path-lint surfaced-skip .scratch/grill-round-80/reports/2026-09-23-audit.md:56 single-segment POSIX root "/CHANGELOG" — surfaced-skip (cannot determine; not blocking)
[info] path-lint surfaced-skip .scratch/grill-round-80/reports/2026-09-23-audit.md:68 single-segment POSIX root "/T4.5" — surfaced-skip (cannot determine; not blocking)
[info] path-lint surfaced-skip .scratch/grill-round-80/reports/2026-09-23-report.md:29 single-segment POSIX root "/PR" — surfaced-skip (cannot determine; not blocking)
[info] path-lint surfaced-skip .scratch/grill-round-80/reports/2026-09-23-report.md:87 single-segment POSIX root "/exclude" — surfaced-skip (cannot determine; not blocking)
[info] path-lint surfaced-skip .scratch/grill-round-81/decision-ledger.md:31 single-segment POSIX root "/status" — surfaced-skip (cannot determine; not blocking)
[info] path-lint surfaced-skip .scratch/grill-round-81/decision-ledger.md:31 single-segment POSIX root "/CI" — surfaced-skip (cannot determine; not blocking)
[info] path-lint surfaced-skip .scratch/grill-round-81/decision-ledger.md:48 single-segment POSIX root "/TP" — surfaced-skip (cannot determine; not blocking)
[info] path-lint surfaced-skip .scratch/grill-round-81/evidence/release-interlude-1.md:24 single-segment POSIX root "/check-build" — surfaced-skip (cannot determine; not blocking)
[info] path-lint surfaced-skip .scratch/grill-round-81/evidence/t1a-recon-2026-09-24.md:27 single-segment POSIX root "/health" — surfaced-skip (cannot determine; not blocking)
[info] path-lint surfaced-skip .scratch/grill-round-81/evidence/t1b-claims-audit.md:20 single-segment POSIX root "/S-6" — surfaced-skip (cannot determine; not blocking)
[info] path-lint surfaced-skip .scratch/grill-round-81/evidence/t1b-claims-audit.md:33 single-segment POSIX root "/apex" — surfaced-skip (cannot determine; not blocking)
[info] path-lint surfaced-skip .scratch/grill-round-81/evidence/ti-r1-dualcell-transcript.md:77 single-segment POSIX root "/tmp" — surfaced-skip (cannot determine; not blocking)
[info] path-lint surfaced-skip .scratch/grill-round-81/handoffs/next-round-r82.md:7 single-segment POSIX root "/mcp" — surfaced-skip (cannot determine; not blocking)
[info] path-lint surfaced-skip .scratch/grill-round-81/handoffs/next-round-r82.md:25 single-segment POSIX root "/REST" — surfaced-skip (cannot determine; not blocking)
[info] path-lint surfaced-skip .scratch/grill-round-81/handoffs/next-round-r82.md:26 single-segment POSIX root "/mcp" — surfaced-skip (cannot determine; not blocking)
[info] path-lint surfaced-skip .scratch/grill-round-81/handoffs/next-round-r82.md:37 single-segment POSIX root "/mcp" — surfaced-skip (cannot determine; not blocking)
[info] path-lint surfaced-skip .scratch/grill-round-81/handoffs/next-round-r82.md:38 single-segment POSIX root "/SSE" — surfaced-skip (cannot determine; not blocking)
[info] path-lint surfaced-skip .scratch/grill-round-81/handoffs/next-round-r82.md:38 single-segment POSIX root "/structuredContent" — surfaced-skip (cannot determine; not blocking)
[info] path-lint surfaced-skip .scratch/grill-round-81/handoffs/next-round.md:3 single-segment POSIX root "/spike" — surfaced-skip (cannot determine; not blocking)
[info] path-lint surfaced-skip .scratch/grill-round-81/handoffs/next-round.md:3 single-segment POSIX root "/fake-ip" — surfaced-skip (cannot determine; not blocking)
[info] path-lint surfaced-skip .scratch/grill-round-81/handoffs/next-round.md:3 single-segment POSIX root "/MCP" — surfaced-skip (cannot determine; not blocking)
[info] path-lint surfaced-skip .scratch/grill-round-81/handoffs/next-round.md:3 single-segment POSIX root "/TP" — surfaced-skip (cannot determine; not blocking)
[info] path-lint surfaced-skip .scratch/grill-round-81/handoffs/next-round.md:42 single-segment POSIX root "/CDN" — surfaced-skip (cannot determine; not blocking)
[info] path-lint surfaced-skip .scratch/grill-round-81/handoffs/next-round.md:71 single-segment POSIX root "/staged" — surfaced-skip (cannot determine; not blocking)
[info] path-lint surfaced-skip .scratch/grill-round-81/handoffs/next-round.md:86 single-segment POSIX root "/spike" — surfaced-skip (cannot determine; not blocking)
[info] path-lint surfaced-skip .scratch/grill-round-81/handoffs/round-81-closeout.md:6 single-segment POSIX root "/mcp" — surfaced-skip (cannot determine; not blocking)
[info] path-lint surfaced-skip .scratch/grill-round-81/handoffs/round-81-closeout.md:13 single-segment POSIX root "/health" — surfaced-skip (cannot determine; not blocking)
[info] path-lint surfaced-skip .scratch/grill-round-81/handoffs/round-81-closeout.md:14 single-segment POSIX root "/kernel" — surfaced-skip (cannot determine; not blocking)
[info] path-lint surfaced-skip .scratch/grill-round-81/handoffs/round-81-closeout.md:15 single-segment POSIX root "/E4" — surfaced-skip (cannot determine; not blocking)
[info] path-lint surfaced-skip .scratch/grill-round-81/handoffs/round-81-closeout.md:16 single-segment POSIX root "/mcp" — surfaced-skip (cannot determine; not blocking)
[info] path-lint surfaced-skip .scratch/grill-round-81/handoffs/round-81-closeout.md:17 single-segment POSIX root "/mcp" — surfaced-skip (cannot determine; not blocking)
[info] path-lint surfaced-skip .scratch/grill-round-81/handoffs/round-81-closeout.md:41 single-segment POSIX root "/mcp" — surfaced-skip (cannot determine; not blocking)
[info] path-lint surfaced-skip .scratch/grill-round-81/handoffs/round-81-closeout.md:41 single-segment POSIX root "/transport" — surfaced-skip (cannot determine; not blocking)
[info] path-lint surfaced-skip .scratch/grill-round-81/q3-atomcode.md:16 single-segment POSIX root "/memory" — surfaced-skip (cannot determine; not blocking)
[info] path-lint surfaced-skip .scratch/grill-round-81/q3-atomcode.md:40 single-segment POSIX root "/status" — surfaced-skip (cannot determine; not blocking)
[info] path-lint surfaced-skip .scratch/grill-round-81/q4-atomcode.md:8 single-segment POSIX root "/C2" — surfaced-skip (cannot determine; not blocking)
[info] path-lint surfaced-skip .scratch/grill-round-81/q4-atomcode.md:28 single-segment POSIX root "/TP" — surfaced-skip (cannot determine; not blocking)
[info] path-lint surfaced-skip .scratch/grill-round-81/q4-atomcode.md:41 single-segment POSIX root "/manifest" — surfaced-skip (cannot determine; not blocking)
[info] path-lint surfaced-skip .scratch/grill-round-81/q4-atomcode.md:42 single-segment POSIX root "/transcript" — surfaced-skip (cannot determine; not blocking)
[info] path-lint surfaced-skip .scratch/grill-round-81/reports/2026-09-24-audit.md:17 single-segment POSIX root "/freshness" — surfaced-skip (cannot determine; not blocking)
[info] path-lint surfaced-skip .scratch/grill-round-81/reports/2026-09-24-audit.md:25 single-segment POSIX root "/mcp" — surfaced-skip (cannot determine; not blocking)
[info] path-lint surfaced-skip .scratch/grill-round-81/reports/2026-09-24-audit.md:25 single-segment POSIX root "/health" — surfaced-skip (cannot determine; not blocking)
[info] path-lint surfaced-skip .scratch/grill-round-81/reports/2026-09-24-audit.md:25 single-segment POSIX root "/mcp" — surfaced-skip (cannot determine; not blocking)
[info] path-lint surfaced-skip .scratch/grill-round-81/reports/2026-09-24-audit.md:51 single-segment POSIX root "/ADR" — surfaced-skip (cannot determine; not blocking)
[info] path-lint surfaced-skip .scratch/grill-round-81/reports/2026-09-24-audit.md:51 single-segment POSIX root "/gitignore" — surfaced-skip (cannot determine; not blocking)
[info] path-lint surfaced-skip .scratch/grill-round-81/reports/2026-09-24-audit.md:51 single-segment POSIX root "/canonical" — surfaced-skip (cannot determine; not blocking)
[info] path-lint surfaced-skip .scratch/grill-round-81/reports/2026-09-24-report.md:10 single-segment POSIX root "/mcp" — surfaced-skip (cannot determine; not blocking)
[info] path-lint surfaced-skip .scratch/grill-round-81/reports/2026-09-24-report.md:11 single-segment POSIX root "/health" — surfaced-skip (cannot determine; not blocking)
[info] path-lint surfaced-skip .scratch/grill-round-81/reports/2026-09-24-report.md:11 single-segment POSIX root "/mcp" — surfaced-skip (cannot determine; not blocking)
[info] path-lint surfaced-skip .scratch/grill-round-81/reports/2026-09-24-report.md:26 single-segment POSIX root "/retriever" — surfaced-skip (cannot determine; not blocking)
[info] path-lint surfaced-skip .scratch/grill-round-81/reports/2026-09-24-report.md:62 single-segment POSIX root "/mcp" — surfaced-skip (cannot determine; not blocking)
[info] path-lint surfaced-skip .scratch/grill-round-81/reports/2026-09-24-report.md:62 single-segment POSIX root "/transport" — surfaced-skip (cannot determine; not blocking)
[info] path-lint surfaced-skip .scratch/grill-round-81/t3-diagnosis.md:12 single-segment POSIX root "/health" — surfaced-skip (cannot determine; not blocking)
[info] path-lint surfaced-skip .scratch/grill-round-81/t3-diagnosis.md:34 single-segment POSIX root "/mcp" — surfaced-skip (cannot determine; not blocking)
[info] path-lint surfaced-skip .scratch/grill-round-81/t3-diagnosis.md:35 single-segment POSIX root "/mcp" — surfaced-skip (cannot determine; not blocking)
[info] path-lint surfaced-skip .scratch/grill-round-81/t3-diagnosis.md:44 single-segment POSIX root "/mcp" — surfaced-skip (cannot determine; not blocking)
[info] path-lint surfaced-skip .scratch/grill-round-81/t3-diagnosis.md:45 single-segment POSIX root "/mcp" — surfaced-skip (cannot determine; not blocking)
[info] path-lint surfaced-skip .scratch/grill-round-81/t3-diagnosis.md:45 single-segment POSIX root "/SSE" — surfaced-skip (cannot determine; not blocking)
[info] path-lint surfaced-skip .scratch/grill-round-81/t3-diagnosis.md:51 single-segment POSIX root "/mcp" — surfaced-skip (cannot determine; not blocking)
[info] path-lint surfaced-skip .scratch/grill-round-82/decision-ledger.md:12 single-segment POSIX root "/R3" — surfaced-skip (cannot determine; not blocking)
[info] path-lint surfaced-skip .scratch/grill-round-82/decision-ledger.md:18 single-segment POSIX root "/env" — surfaced-skip (cannot determine; not blocking)
[info] path-lint surfaced-skip .scratch/grill-round-82/decision-ledger.md:18 single-segment POSIX root "/clamp" — surfaced-skip (cannot determine; not blocking)
[info] path-lint surfaced-skip .scratch/grill-round-82/decision-ledger.md:18 single-segment POSIX root "/live" — surfaced-skip (cannot determine; not blocking)
[info] path-lint surfaced-skip .scratch/grill-round-82/decision-ledger.md:18 single-segment POSIX root "/pnpm" — surfaced-skip (cannot determine; not blocking)
[info] path-lint surfaced-skip .scratch/grill-round-82/decision-ledger.md:18 single-segment POSIX root "/SDK" — surfaced-skip (cannot determine; not blocking)
[info] path-lint surfaced-skip .scratch/grill-round-82/decision-ledger.md:23 single-segment POSIX root "/mcp" — surfaced-skip (cannot determine; not blocking)
[info] path-lint surfaced-skip .scratch/grill-round-82/decision-ledger.md:49 single-segment POSIX root "/R5" — surfaced-skip (cannot determine; not blocking)
[info] path-lint surfaced-skip .scratch/grill-round-82/decision-ledger.md:50 single-segment POSIX root "/mcp" — surfaced-skip (cannot determine; not blocking)
[info] path-lint surfaced-skip .scratch/grill-round-82/decision-ledger.md:50 single-segment POSIX root "/R3" — surfaced-skip (cannot determine; not blocking)
[info] path-lint surfaced-skip .scratch/grill-round-82/decision-ledger.md:50 single-segment POSIX root "/session" — surfaced-skip (cannot determine; not blocking)
[info] path-lint surfaced-skip .scratch/grill-round-82/decision-ledger.md:50 single-segment POSIX root "/SSE" — surfaced-skip (cannot determine; not blocking)
[info] path-lint surfaced-skip .scratch/grill-round-82/decision-ledger.md:63 single-segment POSIX root "/dsh" — surfaced-skip (cannot determine; not blocking)
[info] path-lint surfaced-skip .scratch/grill-round-82/decision-ledger.md:63 single-segment POSIX root "/R2" — surfaced-skip (cannot determine; not blocking)
[info] path-lint surfaced-skip .scratch/grill-round-82/decision-ledger.md:63 single-segment POSIX root "/PR-1764" — surfaced-skip (cannot determine; not blocking)
[info] path-lint surfaced-skip .scratch/grill-round-82/evidence/t1-r3-predicates.md:7 single-segment POSIX root "/notify" — surfaced-skip (cannot determine; not blocking)
[info] path-lint surfaced-skip .scratch/grill-round-82/evidence/t1-wire-probes.md:1 single-segment POSIX root "/mcp" — surfaced-skip (cannot determine; not blocking)
[info] path-lint surfaced-skip .scratch/grill-round-82/handoffs/next-round-r83.md:7 single-segment POSIX root "/mcp" — surfaced-skip (cannot determine; not blocking)
[info] path-lint surfaced-skip .scratch/grill-round-82/handoffs/next-round.md:8 single-segment POSIX root "/mcp" — surfaced-skip (cannot determine; not blocking)
[info] path-lint surfaced-skip .scratch/grill-round-82/handoffs/next-round.md:29 single-segment POSIX root "/mcp" — surfaced-skip (cannot determine; not blocking)
[info] path-lint surfaced-skip .scratch/grill-round-82/handoffs/next-round.md:29 single-segment POSIX root "/SSE" — surfaced-skip (cannot determine; not blocking)
[info] path-lint surfaced-skip .scratch/grill-round-82/handoffs/next-round.md:29 single-segment POSIX root "/error" — surfaced-skip (cannot determine; not blocking)
[info] path-lint surfaced-skip .scratch/grill-round-82/handoffs/next-round.md:30 single-segment POSIX root "/Content-Type" — surfaced-skip (cannot determine; not blocking)
[info] path-lint surfaced-skip .scratch/grill-round-82/handoffs/next-round.md:31 single-segment POSIX root "/mcp" — surfaced-skip (cannot determine; not blocking)
[info] path-lint surfaced-skip .scratch/grill-round-82/handoffs/next-round.md:34 single-segment POSIX root "/session" — surfaced-skip (cannot determine; not blocking)
[info] path-lint surfaced-skip .scratch/grill-round-82/handoffs/next-round.md:34 single-segment POSIX root "/SSE" — surfaced-skip (cannot determine; not blocking)
[info] path-lint surfaced-skip .scratch/grill-round-82/handoffs/next-round.md:46 single-segment POSIX root "/L2" — surfaced-skip (cannot determine; not blocking)
[info] path-lint surfaced-skip .scratch/grill-round-82/handoffs/next-round.md:69 single-segment POSIX root "/dsh" — surfaced-skip (cannot determine; not blocking)
[info] path-lint surfaced-skip .scratch/grill-round-82/handoffs/next-round.md:69 single-segment POSIX root "/R2" — surfaced-skip (cannot determine; not blocking)
[info] path-lint surfaced-skip .scratch/grill-round-82/handoffs/next-round.md:81 single-segment POSIX root "/T2" — surfaced-skip (cannot determine; not blocking)
[info] path-lint surfaced-skip .scratch/grill-round-82/handoffs/next-round.md:86 single-segment POSIX root "/next-round-r83" — surfaced-skip (cannot determine; not blocking)
[info] path-lint surfaced-skip .scratch/grill-round-82/handoffs/round-82-audit-signoff.md:44 single-segment POSIX root "/mcp" — surfaced-skip (cannot determine; not blocking)
[info] path-lint surfaced-skip .scratch/grill-round-82/handoffs/round-82-closeout.md:6 single-segment POSIX root "/mcp" — surfaced-skip (cannot determine; not blocking)
[info] path-lint surfaced-skip .scratch/grill-round-82/handoffs/round-82-closeout.md:11 single-segment POSIX root "/MCP-Protocol-Version" — surfaced-skip (cannot determine; not blocking)
[info] path-lint surfaced-skip .scratch/grill-round-82/handoffs/round-82-closeout.md:11 single-segment POSIX root "/session-404" — surfaced-skip (cannot determine; not blocking)
[info] path-lint surfaced-skip .scratch/grill-round-82/handoffs/round-82-closeout.md:11 single-segment POSIX root "/eventsource-parser" — surfaced-skip (cannot determine; not blocking)
[info] path-lint surfaced-skip .scratch/grill-round-82/handoffs/round-82-closeout.md:11 single-segment POSIX root "/JSON-RPC" — surfaced-skip (cannot determine; not blocking)
[info] path-lint surfaced-skip .scratch/grill-round-82/handoffs/round-82-closeout.md:11 single-segment POSIX root "/mcp" — surfaced-skip (cannot determine; not blocking)
[info] path-lint surfaced-skip .scratch/grill-round-82/handoffs/round-82-closeout.md:13 single-segment POSIX root "/session-id" — surfaced-skip (cannot determine; not blocking)
[info] path-lint surfaced-skip .scratch/grill-round-82/handoffs/round-82-closeout.md:15 single-segment POSIX root "/SSE" — surfaced-skip (cannot determine; not blocking)
[info] path-lint surfaced-skip .scratch/grill-round-82/handoffs/round-82-closeout.md:15 single-segment POSIX root "/JSON-RPC" — surfaced-skip (cannot determine; not blocking)
[info] path-lint surfaced-skip .scratch/grill-round-82/handoffs/round-82-closeout.md:15 single-segment POSIX root "/session-id" — surfaced-skip (cannot determine; not blocking)
[info] path-lint surfaced-skip .scratch/grill-round-82/handoffs/round-82-closeout.md:19 single-segment POSIX root "/B" — surfaced-skip (cannot determine; not blocking)
[info] path-lint surfaced-skip .scratch/grill-round-82/handoffs/round-82-closeout.md:19 single-segment POSIX root "/C" — surfaced-skip (cannot determine; not blocking)
[info] path-lint surfaced-skip .scratch/grill-round-82/handoffs/round-82-closeout.md:39 single-segment POSIX root "/mcp" — surfaced-skip (cannot determine; not blocking)
[info] path-lint surfaced-skip .scratch/grill-round-82/issues/01-fix-r82-anysearch-mcp-migration.md:12 single-segment POSIX root "/Content-Type" — surfaced-skip (cannot determine; not blocking)
[info] path-lint surfaced-skip .scratch/grill-round-82/issues/01-fix-r82-anysearch-mcp-migration.md:13 single-segment POSIX root "/mcp" — surfaced-skip (cannot determine; not blocking)
[info] path-lint surfaced-skip .scratch/grill-round-82/issues/01-fix-r82-anysearch-mcp-migration.md:16 single-segment POSIX root "/session" — surfaced-skip (cannot determine; not blocking)
[info] path-lint surfaced-skip .scratch/grill-round-82/issues/01-fix-r82-anysearch-mcp-migration.md:16 single-segment POSIX root "/SSE" — surfaced-skip (cannot determine; not blocking)
[info] path-lint surfaced-skip .scratch/grill-round-82/issues/02-fix-r82-dsh-event-created-consumption.md:18 single-segment POSIX root "/L2" — surfaced-skip (cannot determine; not blocking)
[info] path-lint surfaced-skip .scratch/grill-round-82/q2-atomcode.md:19 single-segment POSIX root "/mcp" — surfaced-skip (cannot determine; not blocking)
[info] path-lint surfaced-skip .scratch/grill-round-82/q2-atomcode.md:19 single-segment POSIX root "/mcp" — surfaced-skip (cannot determine; not blocking)
[info] path-lint surfaced-skip .scratch/grill-round-82/q2-atomcode.md:35 single-segment POSIX root "/SSE" — surfaced-skip (cannot determine; not blocking)
[info] path-lint surfaced-skip .scratch/grill-round-82/q2-atomcode.md:35 single-segment POSIX root "/Protocol-Version" — surfaced-skip (cannot determine; not blocking)
[info] path-lint surfaced-skip .scratch/grill-round-82/q2-atomcode.md:44 single-segment POSIX root "/bundle" — surfaced-skip (cannot determine; not blocking)
[info] path-lint surfaced-skip .scratch/grill-round-82/q3-atomcode.md:11 single-segment POSIX root "/commitment" — surfaced-skip (cannot determine; not blocking)
[info] path-lint surfaced-skip .scratch/grill-round-82/q3-atomcode.md:17 single-segment POSIX root "/L2" — surfaced-skip (cannot determine; not blocking)
[info] path-lint surfaced-skip .scratch/grill-round-82/q4-atomcode.md:35 single-segment POSIX root "/mcp" — surfaced-skip (cannot determine; not blocking)
[info] path-lint surfaced-skip .scratch/grill-round-82/reports/2026-09-24-report.md:13 single-segment POSIX root "/mcp" — surfaced-skip (cannot determine; not blocking)
[info] path-lint surfaced-skip .scratch/grill-round-82/reports/2026-09-24-report.md:29 single-segment POSIX root "/flake" — surfaced-skip (cannot determine; not blocking)
[info] path-lint surfaced-skip .scratch/grill-round-82/reports/2026-09-24-report.md:29 single-segment POSIX root "/native-tools" — surfaced-skip (cannot determine; not blocking)
[info] path-lint surfaced-skip .scratch/grill-round-82/reports/2026-09-24-report.md:30 single-segment POSIX root "/session" — surfaced-skip (cannot determine; not blocking)
[info] path-lint surfaced-skip .scratch/grill-round-82/reports/2026-09-24-report.md:52 single-segment POSIX root "/mcp" — surfaced-skip (cannot determine; not blocking)
[info] path-lint surfaced-skip .scratch/grill-round-82/reports/2026-09-24-report.md:65 single-segment POSIX root "/fail-open" — surfaced-skip (cannot determine; not blocking)
[info] path-lint surfaced-skip .scratch/grill-round-82/reports/2026-09-25-audit.md:41 single-segment POSIX root "/live" — surfaced-skip (cannot determine; not blocking)
[info] path-lint surfaced-skip .scratch/grill-round-82/reports/2026-09-25-audit.md:41 single-segment POSIX root "/ADR" — surfaced-skip (cannot determine; not blocking)
[info] path-lint surfaced-skip .scratch/grill-round-82/reports/2026-09-25-audit.md:48 single-segment POSIX root "/closeout" — surfaced-skip (cannot determine; not blocking)
[info] path-lint surfaced-skip .scratch/grill-round-82/reports/2026-09-25-audit.md:56 single-segment POSIX root "/JSON" — surfaced-skip (cannot determine; not blocking)
[info] path-lint surfaced-skip .scratch/grill-round-82/reports/2026-09-25-audit.md:86 single-segment POSIX root "/R81" — surfaced-skip (cannot determine; not blocking)
[info] path-lint surfaced-skip .scratch/grill-round-83/decision-ledger.md:31 single-segment POSIX root "/wire" — surfaced-skip (cannot determine; not blocking)
[info] path-lint surfaced-skip .scratch/grill-round-83/decision-ledger.md:60 single-segment POSIX root "/vertical.source" — surfaced-skip (cannot determine; not blocking)
[info] path-lint surfaced-skip .scratch/grill-round-83/decision-ledger.md:60 single-segment POSIX root "/verticalSent" — surfaced-skip (cannot determine; not blocking)
[info] path-lint surfaced-skip .scratch/grill-round-83/decision-ledger.md:60 single-segment POSIX root "/verticalDegraded" — surfaced-skip (cannot determine; not blocking)
[info] path-lint surfaced-skip .scratch/grill-round-83/decision-ledger.md:69 single-segment POSIX root "/Record" — surfaced-skip (cannot determine; not blocking)
[info] path-lint surfaced-skip .scratch/grill-round-83/decision-ledger.md:77 single-segment POSIX root "/TTL" — surfaced-skip (cannot determine; not blocking)
[info] path-lint surfaced-skip .scratch/grill-round-83/decision-ledger.md:87 single-segment POSIX root "/JSON" — surfaced-skip (cannot determine; not blocking)
[info] path-lint surfaced-skip .scratch/grill-round-83/decision-ledger.md:87 single-segment POSIX root "/clientInfo.version" — surfaced-skip (cannot determine; not blocking)
[info] path-lint surfaced-skip .scratch/grill-round-83/decision-ledger.md:87 single-segment POSIX root "/engines" — surfaced-skip (cannot determine; not blocking)
[info] path-lint surfaced-skip .scratch/grill-round-83/decision-ledger.md:87 single-segment POSIX root "/prefer-capable" — surfaced-skip (cannot determine; not blocking)
[info] path-lint surfaced-skip .scratch/grill-round-83/goal.md:11 single-segment POSIX root "/rc.2" — surfaced-skip (cannot determine; not blocking)
[info] path-lint surfaced-skip .scratch/grill-round-83/goal.md:18 single-segment POSIX root "/params" — surfaced-skip (cannot determine; not blocking)
[info] path-lint surfaced-skip .scratch/grill-round-83/goal.md:26 single-segment POSIX root "/JSON" — surfaced-skip (cannot determine; not blocking)
[info] path-lint surfaced-skip .scratch/grill-round-83/goal.md:26 single-segment POSIX root "/clientInfo.version" — surfaced-skip (cannot determine; not blocking)
[info] path-lint surfaced-skip .scratch/grill-round-83/goal.md:26 single-segment POSIX root "/engines" — surfaced-skip (cannot determine; not blocking)
[info] path-lint surfaced-skip .scratch/grill-round-83/handoffs/next-round.md:7 single-segment POSIX root "/mcp" — surfaced-skip (cannot determine; not blocking)
[info] path-lint surfaced-skip .scratch/grill-round-83/handoffs/next-round.md:26 single-segment POSIX root "/L2" — surfaced-skip (cannot determine; not blocking)
[info] path-lint surfaced-skip .scratch/grill-round-83/handoffs/next-round.md:50 single-segment POSIX root "/vertical.source" — surfaced-skip (cannot determine; not blocking)
[info] path-lint surfaced-skip .scratch/grill-round-83/handoffs/next-round.md:77 single-segment POSIX root "/prefer-capable" — surfaced-skip (cannot determine; not blocking)
[info] path-lint surfaced-skip .scratch/grill-round-83/handoffs/round-83-audit-signoff.md:14 single-segment POSIX root "/flagValueSet" — surfaced-skip (cannot determine; not blocking)
[info] path-lint surfaced-skip .scratch/grill-round-83/handoffs/round-83-audit-signoff.md:14 single-segment POSIX root "/sub_domain_params" — surfaced-skip (cannot determine; not blocking)
[info] path-lint surfaced-skip .scratch/grill-round-83/handoffs/round-83-audit-signoff.md:14 single-segment POSIX root "/evidence" — surfaced-skip (cannot determine; not blocking)
[info] path-lint surfaced-skip .scratch/grill-round-83/handoffs/round-83-audit-signoff.md:14 single-segment POSIX root "/dead" — surfaced-skip (cannot determine; not blocking)
[info] path-lint surfaced-skip .scratch/grill-round-83/handoffs/round-83-audit-signoff.md:15 single-segment POSIX root "/params" — surfaced-skip (cannot determine; not blocking)
[info] path-lint surfaced-skip .scratch/grill-round-83/handoffs/round-83-audit-signoff.md:15 single-segment POSIX root "/prefer-capable" — surfaced-skip (cannot determine; not blocking)
[info] path-lint surfaced-skip .scratch/grill-round-83/handoffs/round-83-closeout.md:19 single-segment POSIX root "/clientInfo.version" — surfaced-skip (cannot determine; not blocking)
[info] path-lint surfaced-skip .scratch/grill-round-83/handoffs/round-83-closeout.md:19 single-segment POSIX root "/engines" — surfaced-skip (cannot determine; not blocking)
[info] path-lint surfaced-skip .scratch/grill-round-83/q2-atomcode.md:35 single-segment POSIX root "/expedite" — surfaced-skip (cannot determine; not blocking)
[info] path-lint surfaced-skip .scratch/grill-round-83/q2-atomcode.md:35 single-segment POSIX root "/attention" — surfaced-skip (cannot determine; not blocking)
[info] path-lint surfaced-skip .scratch/grill-round-83/q4-atomcode.md:34 single-segment POSIX root "/Exa" — surfaced-skip (cannot determine; not blocking)
[info] path-lint surfaced-skip .scratch/grill-round-83/q4-atomcode.md:34 single-segment POSIX root "/WorkingBackwards" — surfaced-skip (cannot determine; not blocking)
[info] path-lint surfaced-skip .scratch/grill-round-83/q5-atomcode.md:19 single-segment POSIX root "/span" — surfaced-skip (cannot determine; not blocking)
[info] path-lint surfaced-skip .scratch/grill-round-83/q6-atomcode.md:12 single-segment POSIX root "/Record" — surfaced-skip (cannot determine; not blocking)
[info] path-lint surfaced-skip .scratch/grill-round-83/q7-atomcode.md:13 single-segment POSIX root "/blast" — surfaced-skip (cannot determine; not blocking)
[info] path-lint surfaced-skip .scratch/grill-round-83/reports/2026-09-25-report.md:12 single-segment POSIX root "/bogus" — surfaced-skip (cannot determine; not blocking)
[info] path-lint surfaced-skip .scratch/grill-round-84/decision-ledger.md:22 single-segment POSIX root "/prodinit" — surfaced-skip (cannot determine; not blocking)
[info] path-lint surfaced-skip .scratch/grill-round-84/decision-ledger.md:22 single-segment POSIX root "/Airbnb" — surfaced-skip (cannot determine; not blocking)
[info] path-lint surfaced-skip .scratch/grill-round-84/decision-ledger.md:31 single-segment POSIX root "/Google" — surfaced-skip (cannot determine; not blocking)
[info] path-lint surfaced-skip .scratch/grill-round-84/decision-ledger.md:31 single-segment POSIX root "/QASkills" — surfaced-skip (cannot determine; not blocking)
[info] path-lint surfaced-skip .scratch/grill-round-84/decision-ledger.md:40 single-segment POSIX root "/SIGIR" — surfaced-skip (cannot determine; not blocking)
[info] path-lint surfaced-skip .scratch/grill-round-84/decision-ledger.md:40 single-segment POSIX root "/llm-judge-bench" — surfaced-skip (cannot determine; not blocking)
[info] path-lint surfaced-skip .scratch/grill-round-84/decision-ledger.md:40 single-segment POSIX root "/pooled-LLM-eval" — surfaced-skip (cannot determine; not blocking)
[info] path-lint surfaced-skip .scratch/grill-round-84/decision-ledger.md:40 single-segment POSIX root "/Sentifish" — surfaced-skip (cannot determine; not blocking)
[info] path-lint surfaced-skip .scratch/grill-round-84/decision-ledger.md:49 single-segment POSIX root "/Ng" — surfaced-skip (cannot determine; not blocking)
[info] path-lint surfaced-skip .scratch/grill-round-84/decision-ledger.md:49 single-segment POSIX root "/RAG" — surfaced-skip (cannot determine; not blocking)
[info] path-lint surfaced-skip .scratch/grill-round-84/decision-ledger.md:58 single-segment POSIX root "/RTEB" — surfaced-skip (cannot determine; not blocking)
[info] path-lint surfaced-skip .scratch/grill-round-84/decision-ledger.md:58 single-segment POSIX root "/Comp-Comp" — surfaced-skip (cannot determine; not blocking)
[info] path-lint surfaced-skip .scratch/grill-round-84/decision-ledger.md:58 single-segment POSIX root "/LegalBench-RAG" — surfaced-skip (cannot determine; not blocking)
[info] path-lint surfaced-skip .scratch/grill-round-84/decision-ledger.md:67 single-segment POSIX root "/EDD" — surfaced-skip (cannot determine; not blocking)
[info] path-lint surfaced-skip .scratch/grill-round-84/decision-ledger.md:67 single-segment POSIX root "/TDD" — surfaced-skip (cannot determine; not blocking)
[info] path-lint surfaced-skip .scratch/grill-round-84/decision-ledger.md:67 single-segment POSIX root "/Orca" — surfaced-skip (cannot determine; not blocking)
[info] path-lint surfaced-skip .scratch/grill-round-84/decision-ledger.md:67 single-segment POSIX root "/boy-scout" — surfaced-skip (cannot determine; not blocking)
[info] path-lint surfaced-skip .scratch/grill-round-84/decision-ledger.md:73 single-segment POSIX root "/n" — surfaced-skip (cannot determine; not blocking)
[info] path-lint surfaced-skip .scratch/grill-round-84/decision-ledger.md:76 single-segment POSIX root "/ai-tldr" — surfaced-skip (cannot determine; not blocking)
[info] path-lint surfaced-skip .scratch/grill-round-84/decision-ledger.md:76 single-segment POSIX root "/hashorn" — surfaced-skip (cannot determine; not blocking)
[info] path-lint surfaced-skip .scratch/grill-round-84/decision-ledger.md:76 single-segment POSIX root "/galtea" — surfaced-skip (cannot determine; not blocking)
[info] path-lint surfaced-skip .scratch/grill-round-84/decision-ledger.md:76 single-segment POSIX root "/OpenAI" — surfaced-skip (cannot determine; not blocking)
[info] path-lint surfaced-skip .scratch/grill-round-84/evidence/corpus-rationale.md:48 single-segment POSIX root "/sub_domain" — surfaced-skip (cannot determine; not blocking)
[info] path-lint surfaced-skip .scratch/grill-round-84/handoffs/next-round.md:8 single-segment POSIX root "/goal.md" — surfaced-skip (cannot determine; not blocking)
[info] path-lint surfaced-skip .scratch/grill-round-84/handoffs/next-round.md:8 single-segment POSIX root "/q1" — surfaced-skip (cannot determine; not blocking)
[info] path-lint surfaced-skip .scratch/grill-round-84/handoffs/next-round.md:27 single-segment POSIX root "/degraded" — surfaced-skip (cannot determine; not blocking)
[info] path-lint surfaced-skip .scratch/grill-round-84/handoffs/next-round.md:36 single-segment POSIX root "/academic" — surfaced-skip (cannot determine; not blocking)
[info] path-lint surfaced-skip .scratch/grill-round-84/handoffs/next-round.md:36 single-segment POSIX root "/code" — surfaced-skip (cannot determine; not blocking)
[info] path-lint surfaced-skip .scratch/grill-round-84/handoffs/next-round.md:36 single-segment POSIX root "/health" — surfaced-skip (cannot determine; not blocking)
[info] path-lint surfaced-skip .scratch/grill-round-84/handoffs/next-round.md:73 single-segment POSIX root "/ANYSEARCH_ENDPOINT" — surfaced-skip (cannot determine; not blocking)
[info] path-lint surfaced-skip .scratch/grill-round-84/q2-atomcode.md:45 single-segment POSIX root "/Langfuse" — surfaced-skip (cannot determine; not blocking)
[info] path-lint surfaced-skip .scratch/grill-round-84/q2-atomcode.md:45 single-segment POSIX root "/prodinit" — surfaced-skip (cannot determine; not blocking)
[info] path-lint surfaced-skip .scratch/grill-round-84/q2-atomcode.md:45 single-segment POSIX root "/Airbnb" — surfaced-skip (cannot determine; not blocking)
[info] path-lint surfaced-skip .scratch/grill-round-84/q2-atomcode.md:45 single-segment POSIX root "/Netflix" — surfaced-skip (cannot determine; not blocking)
[info] path-lint surfaced-skip .scratch/grill-round-84/q2-atomcode.md:45 single-segment POSIX root "/Hamel" — surfaced-skip (cannot determine; not blocking)
[info] path-lint surfaced-skip .scratch/grill-round-84/q2-atomcode.md:45 single-segment POSIX root "/Braintrust" — surfaced-skip (cannot determine; not blocking)
[info] path-lint surfaced-skip .scratch/grill-round-84/q4-atomcode.md:21 single-segment POSIX root "/mustHitUrls" — surfaced-skip (cannot determine; not blocking)
[info] path-lint surfaced-skip .scratch/grill-round-84/q4-atomcode.md:39 single-segment POSIX root "/Comparative" — surfaced-skip (cannot determine; not blocking)
[info] path-lint surfaced-skip .scratch/grill-round-84/q5-atomcode.md:23 single-segment POSIX root "/InfiniSynapse" — surfaced-skip (cannot determine; not blocking)
[info] path-lint surfaced-skip .scratch/grill-round-84/q5-atomcode.md:53 single-segment POSIX root "/vertical" — surfaced-skip (cannot determine; not blocking)
[info] path-lint surfaced-skip .scratch/grill-round-84/q6-atomcode.md:17 single-segment POSIX root "/New" — surfaced-skip (cannot determine; not blocking)
[info] path-lint surfaced-skip .scratch/grill-round-84/q7-atomcode.md:70 single-segment POSIX root "/R83" — surfaced-skip (cannot determine; not blocking)
[info] path-lint surfaced-skip .scratch/grill-round-84/q8-atomcode.md:7 single-segment POSIX root "/schema" — surfaced-skip (cannot determine; not blocking)
[info] path-lint surfaced-skip .scratch/grill-round-84/q8-atomcode.md:38 single-segment POSIX root "/schema" — surfaced-skip (cannot determine; not blocking)
[info] path-lint surfaced-skip .scratch/grill-round-84/reports/2026-09-26-report.md:30 single-segment POSIX root "/A-06" — surfaced-skip (cannot determine; not blocking)
[info] path-lint surfaced-skip .scratch/grill-round-84/reports/2026-09-26-report.md:30 single-segment POSIX root "/A-08" — surfaced-skip (cannot determine; not blocking)
[info] path-lint surfaced-skip .scratch/grill-round-84/reports/2026-09-26-report.md:37 single-segment POSIX root "/strata" — surfaced-skip (cannot determine; not blocking)
[info] path-lint surfaced-skip .scratch/grill-round-84/reports/2026-09-26-report.md:37 single-segment POSIX root "/iso" — surfaced-skip (cannot determine; not blocking)
[info] path-lint surfaced-skip .scratch/grill-round-84/reports/2026-09-26-report.md:37 single-segment POSIX root "/NUL" — surfaced-skip (cannot determine; not blocking)
[info] path-lint surfaced-skip .scratch/grill-round-84/reports/2026-09-26-report.md:37 single-segment POSIX root "/registry" — surfaced-skip (cannot determine; not blocking)
[info] path-lint surfaced-skip .scratch/grill-round-84/reports/2026-09-27-audit.md:33 single-segment POSIX root "/closeout" — surfaced-skip (cannot determine; not blocking)
[info] path-lint surfaced-skip .scratch/grill-round-84/reports/2026-09-27-audit.md:46 single-segment POSIX root "/MCP" — surfaced-skip (cannot determine; not blocking)
[info] path-lint surfaced-skip .scratch/grill-round-84/reports/2026-09-27-audit.md:75 single-segment POSIX root "/A-06" — surfaced-skip (cannot determine; not blocking)
[info] path-lint surfaced-skip .scratch/grill-round-84/reports/2026-09-27-audit.md:75 single-segment POSIX root "/A-08" — surfaced-skip (cannot determine; not blocking)
[info] path-lint surfaced-skip .scratch/grill-round-84/reports/2026-09-27-audit.md:121 single-segment POSIX root "/delta" — surfaced-skip (cannot determine; not blocking)
[info] path-lint surfaced-skip .scratch/grill-round-84/reports/2026-09-27-audit.md:121 single-segment POSIX root "/canonicalize" — surfaced-skip (cannot determine; not blocking)
[info] path-lint surfaced-skip .scratch/grill-round-85/decision-ledger.md:13 single-segment POSIX root "/CI" — surfaced-skip (cannot determine; not blocking)
[info] path-lint surfaced-skip .scratch/grill-round-85/decision-ledger.md:15 single-segment POSIX root "/Spotify" — surfaced-skip (cannot determine; not blocking)
[info] path-lint surfaced-skip .scratch/grill-round-85/decision-ledger.md:15 single-segment POSIX root "/eBay" — surfaced-skip (cannot determine; not blocking)
[info] path-lint surfaced-skip .scratch/grill-round-85/decision-ledger.md:15 single-segment POSIX root "/GrowthBook" — surfaced-skip (cannot determine; not blocking)
[info] path-lint surfaced-skip .scratch/grill-round-85/decision-ledger.md:15 single-segment POSIX root "/parin.work" — surfaced-skip (cannot determine; not blocking)
[info] path-lint surfaced-skip .scratch/grill-round-85/decision-ledger.md:24 single-segment POSIX root "/all-pass" — surfaced-skip (cannot determine; not blocking)
[info] path-lint surfaced-skip .scratch/grill-round-85/decision-ledger.md:25 single-segment POSIX root "/nPaired" — surfaced-skip (cannot determine; not blocking)
[info] path-lint surfaced-skip .scratch/grill-round-85/decision-ledger.md:26 single-segment POSIX root "/peek" — surfaced-skip (cannot determine; not blocking)
[info] path-lint surfaced-skip .scratch/grill-round-85/decision-ledger.md:30 single-segment POSIX root "/VWO" — surfaced-skip (cannot determine; not blocking)
[info] path-lint surfaced-skip .scratch/grill-round-85/decision-ledger.md:30 single-segment POSIX root "/Airbnb" — surfaced-skip (cannot determine; not blocking)
[info] path-lint surfaced-skip .scratch/grill-round-85/decision-ledger.md:30 single-segment POSIX root "/Fagerland" — surfaced-skip (cannot determine; not blocking)
[info] path-lint surfaced-skip .scratch/grill-round-85/decision-ledger.md:54 single-segment POSIX root "/kill-timer" — surfaced-skip (cannot determine; not blocking)
[info] path-lint surfaced-skip .scratch/grill-round-85/decision-ledger.md:54 single-segment POSIX root "/fakeSink" — surfaced-skip (cannot determine; not blocking)
[info] path-lint surfaced-skip .scratch/grill-round-85/decision-ledger.md:54 single-segment POSIX root "/marked" — surfaced-skip (cannot determine; not blocking)
[info] path-lint surfaced-skip .scratch/grill-round-85/decision-ledger.md:54 single-segment POSIX root "/isVerticalEntry" — surfaced-skip (cannot determine; not blocking)
[info] path-lint surfaced-skip .scratch/grill-round-85/decision-ledger.md:54 single-segment POSIX root "/MCP" — surfaced-skip (cannot determine; not blocking)
[info] path-lint surfaced-skip .scratch/grill-round-85/decision-ledger.md:57 single-segment POSIX root "/CEBM" — surfaced-skip (cannot determine; not blocking)
[info] path-lint surfaced-skip .scratch/grill-round-85/decision-ledger.md:57 single-segment POSIX root "/Rubin" — surfaced-skip (cannot determine; not blocking)
[info] path-lint surfaced-skip .scratch/grill-round-85/decision-ledger.md:57 single-segment POSIX root "/Code-with-Jason" — surfaced-skip (cannot determine; not blocking)
[info] path-lint surfaced-skip .scratch/grill-round-85/decision-record.md:17 single-segment POSIX root "/nPaired" — surfaced-skip (cannot determine; not blocking)
[info] path-lint surfaced-skip .scratch/grill-round-85/goal.md:10 single-segment POSIX root "/NO-GO" — surfaced-skip (cannot determine; not blocking)
[info] path-lint surfaced-skip .scratch/grill-round-85/goal.md:10 single-segment POSIX root "/INCONCLUSIVE" — surfaced-skip (cannot determine; not blocking)
[info] path-lint surfaced-skip .scratch/grill-round-85/handoffs/next-round.md:13 single-segment POSIX root "/R80" — surfaced-skip (cannot determine; not blocking)
[info] path-lint surfaced-skip .scratch/grill-round-85/handoffs/next-round.md:29 single-segment POSIX root "/isVerticalEntry" — surfaced-skip (cannot determine; not blocking)
[info] path-lint surfaced-skip .scratch/grill-round-85/handoffs/next-round.md:34 single-segment POSIX root "/nPaired" — surfaced-skip (cannot determine; not blocking)
[info] path-lint surfaced-skip .scratch/grill-round-85/handoffs/next-round.md:51 single-segment POSIX root "/MCP" — surfaced-skip (cannot determine; not blocking)
[info] path-lint surfaced-skip .scratch/grill-round-85/handoffs/next-round.md:51 single-segment POSIX root "/control" — surfaced-skip (cannot determine; not blocking)
[info] path-lint surfaced-skip .scratch/grill-round-85/handoffs/round-85-audit.md:30 single-segment POSIX root "/verdict" — surfaced-skip (cannot determine; not blocking)
[info] path-lint surfaced-skip .scratch/grill-round-85/handoffs/round-85-audit.md:43 single-segment POSIX root "/INCONCLUSIVE" — surfaced-skip (cannot determine; not blocking)
[info] path-lint surfaced-skip .scratch/grill-round-85/handoffs/round-85-audit.md:43 single-segment POSIX root "/ANYSEARCH_ENDPOINT" — surfaced-skip (cannot determine; not blocking)
[info] path-lint surfaced-skip .scratch/grill-round-85/handoffs/round-85-audit.md:43 single-segment POSIX root "/boy-scout" — surfaced-skip (cannot determine; not blocking)
[info] path-lint surfaced-skip .scratch/grill-round-85/handoffs/round-85-audit.md:55 single-segment POSIX root "/MCP" — surfaced-skip (cannot determine; not blocking)
[info] path-lint surfaced-skip .scratch/grill-round-85/handoffs/round-85-audit.md:55 single-segment POSIX root "/control" — surfaced-skip (cannot determine; not blocking)
[info] path-lint surfaced-skip .scratch/grill-round-85/handoffs/round-85-closeout.md:36 single-segment POSIX root "/control" — surfaced-skip (cannot determine; not blocking)
[info] path-lint surfaced-skip .scratch/grill-round-85/prereg-matrix.md:38 single-segment POSIX root "/nPaired" — surfaced-skip (cannot determine; not blocking)
[info] path-lint surfaced-skip .scratch/grill-round-85/prereg-matrix.md:50 single-segment POSIX root "/artifact" — surfaced-skip (cannot determine; not blocking)
[info] path-lint surfaced-skip .scratch/grill-round-85/prereg-matrix.md:72 single-segment POSIX root "/all-pass" — surfaced-skip (cannot determine; not blocking)
[info] path-lint surfaced-skip .scratch/grill-round-85/q1-atomcode.md:47 single-segment POSIX root "/eBay" — surfaced-skip (cannot determine; not blocking)
[info] path-lint surfaced-skip .scratch/grill-round-85/q1-atomcode.md:47 single-segment POSIX root "/Spotify" — surfaced-skip (cannot determine; not blocking)
[info] path-lint surfaced-skip .scratch/grill-round-85/q1-atomcode.md:47 single-segment POSIX root "/rate" — surfaced-skip (cannot determine; not blocking)
[info] path-lint surfaced-skip .scratch/grill-round-85/q1-atomcode.md:84 single-segment POSIX root "/always-valid" — surfaced-skip (cannot determine; not blocking)
[info] path-lint surfaced-skip .scratch/grill-round-85/q1-atomcode.md:135 single-segment POSIX root "/batch" — surfaced-skip (cannot determine; not blocking)
[info] path-lint surfaced-skip .scratch/grill-round-85/q1-atomcode.md:160 single-segment POSIX root "/registry" — surfaced-skip (cannot determine; not blocking)
[info] path-lint surfaced-skip .scratch/grill-round-85/q1-atomcode.md:161 single-segment POSIX root "/CI" — surfaced-skip (cannot determine; not blocking)
[info] path-lint surfaced-skip .scratch/grill-round-85/q2-atomcode.md:68 single-segment POSIX root "/nPaired" — surfaced-skip (cannot determine; not blocking)
[info] path-lint surfaced-skip .scratch/grill-round-85/q2-atomcode.md:77 single-segment POSIX root "/guardrail" — surfaced-skip (cannot determine; not blocking)
[info] path-lint surfaced-skip .scratch/grill-round-85/q2-atomcode.md:105 single-segment POSIX root "/unknown" — surfaced-skip (cannot determine; not blocking)
[info] path-lint surfaced-skip .scratch/grill-round-85/q2-atomcode.md:116 single-segment POSIX root "/nPaired" — surfaced-skip (cannot determine; not blocking)
[info] path-lint surfaced-skip .scratch/grill-round-85/q2-atomcode.md:129 single-segment POSIX root "/diagnosing-sample-ratio-mismatch-in-a-b-testing" — surfaced-skip (cannot determine; not blocking)
[info] path-lint surfaced-skip .scratch/grill-round-85/q2-atomcode.md:133 single-segment POSIX root "/Bayes" — surfaced-skip (cannot determine; not blocking)
[info] path-lint surfaced-skip .scratch/grill-round-85/q2-atomcode.md:163 single-segment POSIX root "/ADR-0050" — surfaced-skip (cannot determine; not blocking)
[info] path-lint surfaced-skip .scratch/grill-round-85/q3-atomcode.md:8 single-segment POSIX root "/GrowthBook" — surfaced-skip (cannot determine; not blocking)
[info] path-lint surfaced-skip .scratch/grill-round-85/q4-atomcode.md:10 single-segment POSIX root "/diff" — surfaced-skip (cannot determine; not blocking)
[info] path-lint surfaced-skip .scratch/grill-round-85/q4-atomcode.md:76 single-segment POSIX root "/MAR" — surfaced-skip (cannot determine; not blocking)
[info] path-lint surfaced-skip .scratch/grill-round-85/reports/2026-09-27-report.md:35 single-segment POSIX root "/freshness" — surfaced-skip (cannot determine; not blocking)
[info] path-lint surfaced-skip .scratch/grill-round-85/reports/2026-09-27-report.md:35 single-segment POSIX root "/pathlint" — surfaced-skip (cannot determine; not blocking)
[info] path-lint surfaced-skip .scratch/grill-round-85/reports/2026-09-27-report.md:53 single-segment POSIX root "/isVerticalEntry" — surfaced-skip (cannot determine; not blocking)
[info] path-lint surfaced-skip .scratch/grill-round-85/reports/2026-09-27-report.md:64 single-segment POSIX root "/runner" — surfaced-skip (cannot determine; not blocking)
[info] path-lint surfaced-skip .scratch/grill-round-86/decision-ledger.md:18 single-segment POSIX root "/ANS_PROVIDERS" — surfaced-skip (cannot determine; not blocking)
[info] path-lint surfaced-skip .scratch/grill-round-86/decision-ledger.md:20 single-segment POSIX root "/control" — surfaced-skip (cannot determine; not blocking)
[info] path-lint surfaced-skip .scratch/grill-round-86/decision-ledger.md:20 single-segment POSIX root "/Standards" — surfaced-skip (cannot determine; not blocking)
[info] path-lint surfaced-skip .scratch/grill-round-86/decision-ledger.md:31 single-segment POSIX root "/delta.json" — surfaced-skip (cannot determine; not blocking)
[info] path-lint surfaced-skip .scratch/grill-round-86/decision-ledger.md:41 single-segment POSIX root "/mcp" — surfaced-skip (cannot determine; not blocking)
[info] path-lint surfaced-skip .scratch/grill-round-86/decision-ledger.md:57 single-segment POSIX root "/runner" — surfaced-skip (cannot determine; not blocking)
[info] path-lint surfaced-skip .scratch/grill-round-86/decision-ledger.md:69 single-segment POSIX root "/B2" — surfaced-skip (cannot determine; not blocking)
[info] path-lint surfaced-skip .scratch/grill-round-86/decision-ledger.md:69 single-segment POSIX root "/B3" — surfaced-skip (cannot determine; not blocking)
[info] path-lint surfaced-skip .scratch/grill-round-86/decision-record.md:18 single-segment POSIX root "/nPaired" — surfaced-skip (cannot determine; not blocking)
[info] path-lint surfaced-skip .scratch/grill-round-86/goal.md:33 single-segment POSIX root "/control" — surfaced-skip (cannot determine; not blocking)
[info] path-lint surfaced-skip .scratch/grill-round-86/goal.md:33 single-segment POSIX root "/Standards" — surfaced-skip (cannot determine; not blocking)
[info] path-lint surfaced-skip .scratch/grill-round-86/goal.md:39 single-segment POSIX root "/README" — surfaced-skip (cannot determine; not blocking)
[info] path-lint surfaced-skip .scratch/grill-round-86/handoffs/next-round.md:27 single-segment POSIX root "/key" — surfaced-skip (cannot determine; not blocking)
[info] path-lint surfaced-skip .scratch/grill-round-86/handoffs/next-round.md:48 single-segment POSIX root "/D-005" — surfaced-skip (cannot determine; not blocking)
[info] path-lint surfaced-skip .scratch/grill-round-86/handoffs/next-round.md:52 single-segment POSIX root "/dual-gate" — surfaced-skip (cannot determine; not blocking)
[info] path-lint surfaced-skip .scratch/grill-round-86/handoffs/next-round.md:52 single-segment POSIX root "/probe" — surfaced-skip (cannot determine; not blocking)
[info] path-lint surfaced-skip .scratch/grill-round-86/handoffs/next-round.md:52 single-segment POSIX root "/decision-record" — surfaced-skip (cannot determine; not blocking)
[info] path-lint surfaced-skip .scratch/grill-round-86/handoffs/next-round.md:52 single-segment POSIX root "/registry" — surfaced-skip (cannot determine; not blocking)
[info] path-lint surfaced-skip .scratch/grill-round-86/handoffs/next-round.md:57 single-segment POSIX root "/control" — surfaced-skip (cannot determine; not blocking)
[info] path-lint surfaced-skip .scratch/grill-round-86/handoffs/next-round.md:57 single-segment POSIX root "/Standards" — surfaced-skip (cannot determine; not blocking)
[info] path-lint surfaced-skip .scratch/grill-round-86/handoffs/round-86-audit.md:46 single-segment POSIX root "/matrix" — surfaced-skip (cannot determine; not blocking)
[info] path-lint surfaced-skip .scratch/grill-round-86/handoffs/round-86-closeout.md:31 single-segment POSIX root "/npm" — surfaced-skip (cannot determine; not blocking)
[info] path-lint surfaced-skip .scratch/grill-round-86/q2-atomcode.md:7 single-segment POSIX root "/SRI" — surfaced-skip (cannot determine; not blocking)
[info] path-lint surfaced-skip .scratch/grill-round-86/q5-atomcode.md:36 single-segment POSIX root "/RN" — surfaced-skip (cannot determine; not blocking)
[info] path-lint surfaced-skip .scratch/grill-round-86/reports/2026-09-27-report.md:26 single-segment POSIX root "/fail-open" — surfaced-skip (cannot determine; not blocking)
[info] path-lint surfaced-skip .scratch/grill-round-86/reports/2026-09-27-report.md:98 single-segment POSIX root "/key" — surfaced-skip (cannot determine; not blocking)
[info] path-lint surfaced-skip .scratch/grill-round-86/reports/2026-09-27-report.md:100 single-segment POSIX root "/npm" — surfaced-skip (cannot determine; not blocking)
[info] path-lint surfaced-skip .scratch/grill-round-86/reports/audit-r86-2026-09-27.md:5 single-segment POSIX root "/sha256" — surfaced-skip (cannot determine; not blocking)
[info] path-lint surfaced-skip .scratch/grill-round-86/reports/audit-r86-2026-09-27.md:5 single-segment POSIX root "/gh" — surfaced-skip (cannot determine; not blocking)
[info] path-lint surfaced-skip .scratch/grill-round-86/reports/audit-r86-2026-09-27.md:78 single-segment POSIX root "/ADR-0029" — surfaced-skip (cannot determine; not blocking)
[info] path-lint surfaced-skip .scratch/grill-round-86/reports/audit-r86-2026-09-27.md:107 single-segment POSIX root "/preregMatrixSha256" — surfaced-skip (cannot determine; not blocking)
[info] path-lint surfaced-skip .scratch/grill-round-86/reports/audit-r86-2026-09-27.md:107 single-segment POSIX root "/delta" — surfaced-skip (cannot determine; not blocking)
[info] path-lint surfaced-skip .scratch/grill-round-86/reports/probe-matrix.md:20 single-segment POSIX root "/mcp" — surfaced-skip (cannot determine; not blocking)
[info] path-lint surfaced-skip .scratch/grill-round-86/reports/probe-matrix.md:46 single-segment POSIX root "/key" — surfaced-skip (cannot determine; not blocking)
[info] path-lint surfaced-skip .scratch/grill-round-87/decision-ledger.md:20 single-segment POSIX root "/mcp" — surfaced-skip (cannot determine; not blocking)
[info] path-lint surfaced-skip .scratch/grill-round-87/decision-ledger.md:33 single-segment POSIX root "/mcp" — surfaced-skip (cannot determine; not blocking)
[info] path-lint surfaced-skip .scratch/grill-round-87/decision-ledger.md:37 single-segment POSIX root "/GitHub" — surfaced-skip (cannot determine; not blocking)
[info] path-lint surfaced-skip .scratch/grill-round-87/decision-ledger.md:37 single-segment POSIX root "/npm" — surfaced-skip (cannot determine; not blocking)
[info] path-lint surfaced-skip .scratch/grill-round-87/decision-ledger.md:46 single-segment POSIX root "/mcp" — surfaced-skip (cannot determine; not blocking)
[info] path-lint surfaced-skip .scratch/grill-round-87/decision-ledger.md:47 single-segment POSIX root "/defer" — surfaced-skip (cannot determine; not blocking)
[info] path-lint surfaced-skip .scratch/grill-round-87/decision-ledger.md:47 single-segment POSIX root "/R88" — surfaced-skip (cannot determine; not blocking)
[info] path-lint surfaced-skip .scratch/grill-round-87/decision-ledger.md:48 single-segment POSIX root "/Keep" — surfaced-skip (cannot determine; not blocking)
[info] path-lint surfaced-skip .scratch/grill-round-87/goal.md:10 single-segment POSIX root "/mcp" — surfaced-skip (cannot determine; not blocking)
[info] path-lint surfaced-skip .scratch/grill-round-87/handoffs/next-round.md:7 single-segment POSIX root "/D-002" — surfaced-skip (cannot determine; not blocking)
[info] path-lint surfaced-skip .scratch/grill-round-87/handoffs/next-round.md:35 single-segment POSIX root "/mcp" — surfaced-skip (cannot determine; not blocking)
[info] path-lint surfaced-skip .scratch/grill-round-87/handoffs/next-round.md:52 single-segment POSIX root "/anon-quota-nudge" — surfaced-skip (cannot determine; not blocking)
[info] path-lint surfaced-skip .scratch/grill-round-87/handoffs/next-round.md:59 single-segment POSIX root "/deprecate" — surfaced-skip (cannot determine; not blocking)
[info] path-lint surfaced-skip .scratch/grill-round-87/handoffs/next-round.md:60 single-segment POSIX root "/tarball" — surfaced-skip (cannot determine; not blocking)
[info] path-lint surfaced-skip .scratch/grill-round-87/handoffs/next-round.md:60 single-segment POSIX root "/mcp" — surfaced-skip (cannot determine; not blocking)
[info] path-lint surfaced-skip .scratch/grill-round-87/handoffs/next-round.md:60 single-segment POSIX root "/OIDC" — surfaced-skip (cannot determine; not blocking)
[info] path-lint surfaced-skip .scratch/grill-round-87/handoffs/next-round.md:60 single-segment POSIX root "/deprecate" — surfaced-skip (cannot determine; not blocking)
[info] path-lint surfaced-skip .scratch/grill-round-87/handoffs/next-round.md:60 single-segment POSIX root "/F-3" — surfaced-skip (cannot determine; not blocking)
[info] path-lint surfaced-skip .scratch/grill-round-87/handoffs/next-round.md:66 single-segment POSIX root "/Security" — surfaced-skip (cannot determine; not blocking)
[info] path-lint surfaced-skip .scratch/grill-round-87/handoffs/next-round.md:66 single-segment POSIX root "/agent" — surfaced-skip (cannot determine; not blocking)
[info] path-lint surfaced-skip .scratch/grill-round-87/handoffs/next-round.md:66 single-segment POSIX root "/tag" — surfaced-skip (cannot determine; not blocking)
[info] path-lint surfaced-skip .scratch/grill-round-87/handoffs/r87-t0fix-audit-handoff.md:8 single-segment POSIX root "/memory-eval" — surfaced-skip (cannot determine; not blocking)
[info] path-lint surfaced-skip .scratch/grill-round-87/handoffs/r87-t0fix-audit-handoff.md:8 single-segment POSIX root "/MCP" — surfaced-skip (cannot determine; not blocking)
[info] path-lint surfaced-skip .scratch/grill-round-87/handoffs/r87-t0fix-audit-handoff.md:22 single-segment POSIX root "/mcp" — surfaced-skip (cannot determine; not blocking)
[info] path-lint surfaced-skip .scratch/grill-round-87/handoffs/round-87-closeout.md:19 single-segment POSIX root "/mcp" — surfaced-skip (cannot determine; not blocking)
[info] path-lint surfaced-skip .scratch/grill-round-87/q1-atomcode.md:26 single-segment POSIX root "/mcp" — surfaced-skip (cannot determine; not blocking)
[info] path-lint surfaced-skip .scratch/grill-round-87/q1-atomcode.md:39 single-segment POSIX root "/mcp" — surfaced-skip (cannot determine; not blocking)
[info] path-lint surfaced-skip .scratch/grill-round-87/reports/post-release-verify-2026-09-28.md:28 single-segment POSIX root "/mcp" — surfaced-skip (cannot determine; not blocking)
[info] path-lint surfaced-skip .scratch/grill-round-87/reports/post-release-verify-2026-09-28.md:29 single-segment POSIX root "/mcp" — surfaced-skip (cannot determine; not blocking)
[info] path-lint surfaced-skip .scratch/grill-round-87/reports/r87-t0fix-audit-2026-09-28.md:27 single-segment POSIX root "/m" — surfaced-skip (cannot determine; not blocking)
[info] path-lint surfaced-skip .scratch/grill-round-87/reports/r87-t0fix-audit-2026-09-28.md:32 single-segment POSIX root "/mcp" — surfaced-skip (cannot determine; not blocking)
[info] path-lint surfaced-skip .scratch/grill-round-87/reports/r87-t0fix-audit-2026-09-28.md:32 single-segment POSIX root "/mcp" — surfaced-skip (cannot determine; not blocking)
[info] path-lint surfaced-skip .scratch/grill-round-87/reports/t0-watch-2026-09-28.md:28 single-segment POSIX root "/mcp" — surfaced-skip (cannot determine; not blocking)
[info] path-lint surfaced-skip .scratch/grill-round-87/reports/t0-watch-2026-09-28.md:28 single-segment POSIX root "/mcp" — surfaced-skip (cannot determine; not blocking)
[info] path-lint surfaced-skip .scratch/grill-round-88/decision-ledger.md:18 single-segment POSIX root "/a06" — surfaced-skip (cannot determine; not blocking)
[info] path-lint surfaced-skip .scratch/grill-round-88/decision-ledger.md:18 single-segment POSIX root "/a08" — surfaced-skip (cannot determine; not blocking)
[info] path-lint surfaced-skip .scratch/grill-round-88/decision-ledger.md:20 single-segment POSIX root "/Back" — surfaced-skip (cannot determine; not blocking)
[info] path-lint surfaced-skip .scratch/grill-round-88/decision-ledger.md:20 single-segment POSIX root "/benny" — surfaced-skip (cannot determine; not blocking)
[info] path-lint surfaced-skip .scratch/grill-round-88/decision-ledger.md:20 single-segment POSIX root "/Google" — surfaced-skip (cannot determine; not blocking)
[info] path-lint surfaced-skip .scratch/grill-round-88/decision-ledger.md:20 single-segment POSIX root "/aalonso" — surfaced-skip (cannot determine; not blocking)
[info] path-lint surfaced-skip .scratch/grill-round-88/decision-ledger.md:33 single-segment POSIX root "/sergiodxa" — surfaced-skip (cannot determine; not blocking)
[info] path-lint surfaced-skip .scratch/grill-round-88/decision-ledger.md:33 single-segment POSIX root "/nazarboyko" — surfaced-skip (cannot determine; not blocking)
[info] path-lint surfaced-skip .scratch/grill-round-88/decision-ledger.md:33 single-segment POSIX root "/JSON" — surfaced-skip (cannot determine; not blocking)
[info] path-lint surfaced-skip .scratch/grill-round-88/decision-ledger.md:40 single-segment POSIX root "/semver" — surfaced-skip (cannot determine; not blocking)
[info] path-lint surfaced-skip .scratch/grill-round-88/decision-ledger.md:42 single-segment POSIX root "/tianpan.co" — surfaced-skip (cannot determine; not blocking)
[info] path-lint surfaced-skip .scratch/grill-round-88/decision-ledger.md:42 single-segment POSIX root "/MCP" — surfaced-skip (cannot determine; not blocking)
[info] path-lint surfaced-skip .scratch/grill-round-88/decision-ledger.md:51 single-segment POSIX root "/Google" — surfaced-skip (cannot determine; not blocking)
[info] path-lint surfaced-skip .scratch/grill-round-88/decision-ledger.md:51 single-segment POSIX root "/lobste.rs" — surfaced-skip (cannot determine; not blocking)
[info] path-lint surfaced-skip .scratch/grill-round-88/goal.md:7 single-segment POSIX root "/a06" — surfaced-skip (cannot determine; not blocking)
[info] path-lint surfaced-skip .scratch/grill-round-88/goal.md:7 single-segment POSIX root "/a08" — surfaced-skip (cannot determine; not blocking)
[info] path-lint surfaced-skip .scratch/grill-round-88/goal.md:31 single-segment POSIX root "/maxResults" — surfaced-skip (cannot determine; not blocking)
[info] path-lint surfaced-skip .scratch/grill-round-88/goal.md:31 single-segment POSIX root "/refactor" — surfaced-skip (cannot determine; not blocking)
[info] path-lint surfaced-skip .scratch/grill-round-88/handoffs/next-round.md:7 single-segment POSIX root "/a06" — surfaced-skip (cannot determine; not blocking)
[info] path-lint surfaced-skip .scratch/grill-round-88/handoffs/next-round.md:7 single-segment POSIX root "/a08" — surfaced-skip (cannot determine; not blocking)
[info] path-lint surfaced-skip .scratch/grill-round-88/handoffs/next-round.md:51 single-segment POSIX root "/maxResults" — surfaced-skip (cannot determine; not blocking)
[info] path-lint surfaced-skip .scratch/grill-round-88/handoffs/round-88-audit-closeout.md:32 single-segment POSIX root "/a06" — surfaced-skip (cannot determine; not blocking)
[info] path-lint surfaced-skip .scratch/grill-round-88/handoffs/round-88-audit-closeout.md:37 single-segment POSIX root "/e2e" — surfaced-skip (cannot determine; not blocking)
[info] path-lint surfaced-skip .scratch/grill-round-88/q2-atomcode.md:47 single-segment POSIX root "/null" — surfaced-skip (cannot determine; not blocking)
[info] path-lint surfaced-skip .scratch/grill-round-88/q2-atomcode.md:67 single-segment POSIX root "/boolean" — surfaced-skip (cannot determine; not blocking)
[info] path-lint surfaced-skip .scratch/grill-round-88/q3-atomcode.md:17 single-segment POSIX root "/breaking" — surfaced-skip (cannot determine; not blocking)
[info] path-lint surfaced-skip .scratch/grill-round-88/q3-atomcode.md:30 single-segment POSIX root "/agent" — surfaced-skip (cannot determine; not blocking)
[info] path-lint surfaced-skip .scratch/grill-round-88/q3-atomcode.md:37 single-segment POSIX root "/semver" — surfaced-skip (cannot determine; not blocking)
[info] path-lint surfaced-skip .scratch/grill-round-88/q5-atomcode.md:15 single-segment POSIX root "/stop-loss" — surfaced-skip (cannot determine; not blocking)
[info] path-lint surfaced-skip .scratch/grill-round-89/decision-ledger.md:21 single-segment POSIX root "/Tuist" — surfaced-skip (cannot determine; not blocking)
[info] path-lint surfaced-skip .scratch/grill-round-89/decision-ledger.md:21 single-segment POSIX root "/Rust" — surfaced-skip (cannot determine; not blocking)
[info] path-lint surfaced-skip .scratch/grill-round-89/decision-ledger.md:36 single-segment POSIX root "/Presto" — surfaced-skip (cannot determine; not blocking)
[info] path-lint surfaced-skip .scratch/grill-round-89/goal.md:24 single-segment POSIX root "/web" — surfaced-skip (cannot determine; not blocking)
[info] path-lint surfaced-skip .scratch/grill-round-89/goal.md:32 single-segment POSIX root "/R88" — surfaced-skip (cannot determine; not blocking)
[info] path-lint surfaced-skip .scratch/grill-round-89/goal.md:32 single-segment POSIX root "/r72" — surfaced-skip (cannot determine; not blocking)
[info] path-lint surfaced-skip .scratch/grill-round-89/handoffs/next-round.md:25 single-segment POSIX root "/closure" — surfaced-skip (cannot determine; not blocking)
[info] path-lint surfaced-skip .scratch/grill-round-89/handoffs/next-round.md:58 single-segment POSIX root "/r72" — surfaced-skip (cannot determine; not blocking)
[info] path-lint surfaced-skip .scratch/grill-round-89/handoffs/round-89-audit-closeout.md:31 single-segment POSIX root "/nyx" — surfaced-skip (cannot determine; not blocking)
[info] path-lint surfaced-skip .scratch/grill-round-89/handoffs/round-89-audit-closeout.md:31 single-segment POSIX root "/ruw" — surfaced-skip (cannot determine; not blocking)
[info] path-lint surfaced-skip .scratch/grill-round-89/handoffs/round-89-audit-closeout.md:31 single-segment POSIX root "/uxp" — surfaced-skip (cannot determine; not blocking)
[info] path-lint surfaced-skip .scratch/grill-round-89/handoffs/round-89-audit-closeout.md:31 single-segment POSIX root "/owu" — surfaced-skip (cannot determine; not blocking)
[info] path-lint surfaced-skip .scratch/grill-round-89/handoffs/round-89-audit-closeout.md:31 single-segment POSIX root "/xnz" — surfaced-skip (cannot determine; not blocking)
[info] path-lint surfaced-skip .scratch/grill-round-89/handoffs/round-89-audit-closeout.md:31 single-segment POSIX root "/nno" — surfaced-skip (cannot determine; not blocking)
[info] path-lint surfaced-skip .scratch/grill-round-89/handoffs/round-89-audit-closeout.md:39 single-segment POSIX root "/CHANGELOG" — surfaced-skip (cannot determine; not blocking)
[info] path-lint surfaced-skip .scratch/grill-round-89/q1-atomcode.md:38 single-segment POSIX root "/automerge" — surfaced-skip (cannot determine; not blocking)
[info] path-lint surfaced-skip .scratch/grill-round-89/q2-atomcode.md:13 single-segment POSIX root "/tarball" — surfaced-skip (cannot determine; not blocking)
[info] path-lint surfaced-skip .scratch/grill-round-90/goal.md:20 single-segment POSIX root "/D-002" — surfaced-skip (cannot determine; not blocking)
[info] path-lint surfaced-skip .scratch/grill-round-90/goal.md:27 single-segment POSIX root "/D-002" — surfaced-skip (cannot determine; not blocking)
[info] path-lint surfaced-skip .scratch/grill-round-90/handoffs/next-round.md:20 single-segment POSIX root "/D-002" — surfaced-skip (cannot determine; not blocking)
[info] path-lint surfaced-skip .scratch/grill-round-90/handoffs/next-round.md:54 single-segment POSIX root "/pending-repin" — surfaced-skip (cannot determine; not blocking)
[info] path-lint surfaced-skip .scratch/grill-round-90/handoffs/next-round.md:54 single-segment POSIX root "/TC" — surfaced-skip (cannot determine; not blocking)
[info] path-lint surfaced-skip .scratch/grill-round-90/handoffs/next-round.md:64 single-segment POSIX root "/D-002" — surfaced-skip (cannot determine; not blocking)
[info] path-lint surfaced-skip .scratch/grill-round-90/handoffs/next-round.md:79 single-segment POSIX root "/r72-web-matrix" — surfaced-skip (cannot determine; not blocking)
[info] path-lint surfaced-skip .scratch/grill-round-90/handoffs/round-90-audit-handoff.md:22 single-segment POSIX root "/mcp" — surfaced-skip (cannot determine; not blocking)
[info] path-lint surfaced-skip .scratch/grill-round-90/handoffs/round-90-audit-handoff.md:22 single-segment POSIX root "/policy" — surfaced-skip (cannot determine; not blocking)
[info] path-lint surfaced-skip .scratch/grill-round-90/handoffs/round-90-closeout.md:17 single-segment POSIX root "/mcp" — surfaced-skip (cannot determine; not blocking)
[info] path-lint surfaced-skip .scratch/grill-round-90/handoffs/round-90-closeout.md:21 single-segment POSIX root "/health" — surfaced-skip (cannot determine; not blocking)
[info] path-lint surfaced-skip .scratch/grill-round-90/q2-atomcode.md:26 single-segment POSIX root "/revert" — surfaced-skip (cannot determine; not blocking)
[info] path-lint surfaced-skip .scratch/grill-round-90/q2-atomcode.md:26 single-segment POSIX root "/atomic-commit" — surfaced-skip (cannot determine; not blocking)
[info] path-lint surfaced-skip .scratch/grill-round-90/reports/2026-09-29-audit-report.md:17 single-segment POSIX root "/health" — surfaced-skip (cannot determine; not blocking)
[info] path-lint surfaced-skip .scratch/grill-round-90/reports/2026-09-29-audit-report.md:17 single-segment POSIX root "/health" — surfaced-skip (cannot determine; not blocking)
[info] path-lint surfaced-skip .scratch/grill-round-90/reports/2026-09-29-audit-report.md:17 single-segment POSIX root "/health" — surfaced-skip (cannot determine; not blocking)
[info] path-lint surfaced-skip .scratch/grill-round-90/reports/2026-09-29-audit-report.md:71 single-segment POSIX root "/goal" — surfaced-skip (cannot determine; not blocking)
[info] path-lint surfaced-skip .scratch/grill-round-90/reports/2026-09-29-audit-report.md:84 single-segment POSIX root "/ship-gate" — surfaced-skip (cannot determine; not blocking)
[info] path-lint surfaced-skip .scratch/grill-round-90/reports/2026-09-29-report.md:9 single-segment POSIX root "/health" — surfaced-skip (cannot determine; not blocking)
[info] path-lint surfaced-skip .scratch/grill-round-90/reports/2026-09-29-report.md:9 single-segment POSIX root "/health" — surfaced-skip (cannot determine; not blocking)
[info] path-lint surfaced-skip .scratch/grill-round-90/reports/2026-09-29-report.md:34 single-segment POSIX root "/health" — surfaced-skip (cannot determine; not blocking)
[info] path-lint surfaced-skip .scratch/grill-round-90/reports/2026-09-29-report.md:34 single-segment POSIX root "/health" — surfaced-skip (cannot determine; not blocking)
[info] path-lint surfaced-skip .scratch/grill-round-90/reports/2026-09-29-report.md:39 single-segment POSIX root "/mcp" — surfaced-skip (cannot determine; not blocking)
[info] path-lint surfaced-skip .scratch/grill-round-91/decision-ledger.md:23 single-segment POSIX root "/mcp" — surfaced-skip (cannot determine; not blocking)
[info] path-lint surfaced-skip .scratch/grill-round-91/decision-ledger.md:26 single-segment POSIX root "/AgentV" — surfaced-skip (cannot determine; not blocking)
[info] path-lint surfaced-skip .scratch/grill-round-91/decision-ledger.md:26 single-segment POSIX root "/zimster" — surfaced-skip (cannot determine; not blocking)
[info] path-lint surfaced-skip .scratch/grill-round-91/decision-ledger.md:26 single-segment POSIX root "/hermes-qvac" — surfaced-skip (cannot determine; not blocking)
[info] path-lint surfaced-skip .scratch/grill-round-91/decision-ledger.md:36 single-segment POSIX root "/Fowler" — surfaced-skip (cannot determine; not blocking)
[info] path-lint surfaced-skip .scratch/grill-round-91/evidence/t1-entry-criterion-probe.md:57 single-segment POSIX root "/credentials" — surfaced-skip (cannot determine; not blocking)
[info] path-lint surfaced-skip .scratch/grill-round-91/evidence/t2-l3-smoke.md:44 single-segment POSIX root "/list" — surfaced-skip (cannot determine; not blocking)
[info] path-lint surfaced-skip .scratch/grill-round-91/evidence/t4b-deprecate.md:43 single-segment POSIX root "/whoami" — surfaced-skip (cannot determine; not blocking)
[info] path-lint surfaced-skip .scratch/grill-round-91/goal.md:11 single-segment POSIX root "/L3b" — surfaced-skip (cannot determine; not blocking)
[info] path-lint surfaced-skip .scratch/grill-round-91/goal.md:11 single-segment POSIX root "/L3c-min" — surfaced-skip (cannot determine; not blocking)
[info] path-lint surfaced-skip .scratch/grill-round-91/goal.md:11 single-segment POSIX root "/mcp" — surfaced-skip (cannot determine; not blocking)
[info] path-lint surfaced-skip .scratch/grill-round-91/goal.md:11 single-segment POSIX root "/L3e" — surfaced-skip (cannot determine; not blocking)
[info] path-lint surfaced-skip .scratch/grill-round-91/goal.md:11 single-segment POSIX root "/a" — surfaced-skip (cannot determine; not blocking)
[info] path-lint surfaced-skip .scratch/grill-round-91/handoffs/next-round.md:32 single-segment POSIX root "/L3b" — surfaced-skip (cannot determine; not blocking)
[info] path-lint surfaced-skip .scratch/grill-round-91/handoffs/next-round.md:32 single-segment POSIX root "/L3c-min" — surfaced-skip (cannot determine; not blocking)
[info] path-lint surfaced-skip .scratch/grill-round-91/handoffs/next-round.md:32 single-segment POSIX root "/L3e" — surfaced-skip (cannot determine; not blocking)
[info] path-lint surfaced-skip .scratch/grill-round-91/handoffs/next-round.md:49 single-segment POSIX root "/id" — surfaced-skip (cannot determine; not blocking)
[info] path-lint surfaced-skip .scratch/grill-round-91/handoffs/next-round.md:49 single-segment POSIX root "/id" — surfaced-skip (cannot determine; not blocking)
[info] path-lint surfaced-skip .scratch/grill-round-91/handoffs/next-round.md:95 single-segment POSIX root "/WORKFLOW" — surfaced-skip (cannot determine; not blocking)
[info] path-lint surfaced-skip .scratch/grill-round-91/handoffs/next-round.md:95 single-segment POSIX root "/readme-token" — surfaced-skip (cannot determine; not blocking)
[info] path-lint surfaced-skip .scratch/grill-round-91/handoffs/next-round.md:99 single-segment POSIX root "/id" — surfaced-skip (cannot determine; not blocking)
[info] path-lint surfaced-skip .scratch/grill-round-91/handoffs/next-round.md:99 single-segment POSIX root "/id" — surfaced-skip (cannot determine; not blocking)
[info] path-lint surfaced-skip .scratch/grill-round-91/handoffs/round-91-audit-closeout.md:9 single-segment POSIX root "/test" — surfaced-skip (cannot determine; not blocking)
[info] path-lint surfaced-skip .scratch/grill-round-91/handoffs/round-91-closeout.md:16 single-segment POSIX root "/WORKFLOW" — surfaced-skip (cannot determine; not blocking)
[info] path-lint surfaced-skip .scratch/grill-round-91/handoffs/round-91-closeout.md:16 single-segment POSIX root "/readme-token" — surfaced-skip (cannot determine; not blocking)
[info] path-lint surfaced-skip .scratch/grill-round-91/handoffs/round-91-closeout.md:20 single-segment POSIX root "/id" — surfaced-skip (cannot determine; not blocking)
[info] path-lint surfaced-skip .scratch/grill-round-91/handoffs/round-91-closeout.md:20 single-segment POSIX root "/id" — surfaced-skip (cannot determine; not blocking)
[info] path-lint surfaced-skip .scratch/grill-round-91/q2-atomcode.md:9 single-segment POSIX root "/AgentV" — surfaced-skip (cannot determine; not blocking)
[info] path-lint surfaced-skip .scratch/grill-round-91/q2-atomcode.md:18 single-segment POSIX root "/mcp" — surfaced-skip (cannot determine; not blocking)
[info] path-lint surfaced-skip .scratch/grill-round-91/q2-atomcode.md:24 single-segment POSIX root "/e" — surfaced-skip (cannot determine; not blocking)
[info] path-lint surfaced-skip .scratch/grill-round-91/q2-atomcode.md:34 single-segment POSIX root "/Autonoma" — surfaced-skip (cannot determine; not blocking)
[info] path-lint surfaced-skip .scratch/grill-round-91/q2-atomcode.md:34 single-segment POSIX root "/Momentic" — surfaced-skip (cannot determine; not blocking)
[info] path-lint surfaced-skip .scratch/grill-round-91/q3-atomcode.md:11 single-segment POSIX root "/Test" — surfaced-skip (cannot determine; not blocking)
[info] path-lint surfaced-skip .scratch/grill-round-91/q3-atomcode.md:31 single-segment POSIX root "/Test" — surfaced-skip (cannot determine; not blocking)
[info] path-lint surfaced-skip .scratch/grill-round-91/q3-atomcode.md:31 single-segment POSIX root "/hidekazu-konishi" — surfaced-skip (cannot determine; not blocking)
[info] path-lint surfaced-skip .scratch/grill-round-91/reports/2026-09-29-audit.md:24 single-segment POSIX root "/readme-token" — surfaced-skip (cannot determine; not blocking)
[info] path-lint surfaced-skip .scratch/grill-round-91/reports/2026-09-29-audit.md:29 single-segment POSIX root "/id" — surfaced-skip (cannot determine; not blocking)
[info] path-lint surfaced-skip .scratch/grill-round-91/reports/2026-09-29-audit.md:29 single-segment POSIX root "/id" — surfaced-skip (cannot determine; not blocking)
[info] path-lint surfaced-skip .scratch/grill-round-91/reports/2026-09-29-audit.md:45 single-segment POSIX root "/closeout" — surfaced-skip (cannot determine; not blocking)
[info] path-lint surfaced-skip .scratch/grill-round-91/reports/2026-09-29-audit.md:64 single-segment POSIX root "/deprecate" — surfaced-skip (cannot determine; not blocking)
[info] path-lint surfaced-skip .scratch/grill-round-91/reports/2026-09-29-audit.md:64 single-segment POSIX root "/approval-channel" — surfaced-skip (cannot determine; not blocking)
[info] path-lint surfaced-skip .scratch/grill-round-91/reports/2026-09-29-audit.md:64 single-segment POSIX root "/WORKFLOW" — surfaced-skip (cannot determine; not blocking)
[info] path-lint surfaced-skip .scratch/grill-round-91/reports/2026-09-29-audit.md:70 single-segment POSIX root "/ADR-0092" — surfaced-skip (cannot determine; not blocking)
[info] path-lint surfaced-skip .scratch/grill-round-91/reports/2026-09-29-audit.md:79 single-segment POSIX root "/WORKFLOW" — surfaced-skip (cannot determine; not blocking)
[info] path-lint surfaced-skip .scratch/grill-round-91/reports/2026-09-29-audit.md:79 single-segment POSIX root "/readme-token" — surfaced-skip (cannot determine; not blocking)
[info] path-lint surfaced-skip .scratch/grill-round-91/reports/2026-09-29-report.md:26 single-segment POSIX root "/WORKFLOW" — surfaced-skip (cannot determine; not blocking)
[info] path-lint surfaced-skip .scratch/grill-round-91/reports/2026-09-29-report.md:26 single-segment POSIX root "/readme-token" — surfaced-skip (cannot determine; not blocking)
[info] path-lint surfaced-skip .scratch/grill-round-91/reports/2026-09-29-report.md:30 single-segment POSIX root "/id" — surfaced-skip (cannot determine; not blocking)
[info] path-lint surfaced-skip .scratch/grill-round-91/reports/2026-09-29-report.md:30 single-segment POSIX root "/id" — surfaced-skip (cannot determine; not blocking)
[info] path-lint surfaced-skip .scratch/grill-round-92/decision-ledger.md:5 single-segment POSIX root "/web-matrix" — surfaced-skip (cannot determine; not blocking)
[info] path-lint surfaced-skip .scratch/grill-round-92/decision-ledger.md:6 single-segment POSIX root "/web-matrix" — surfaced-skip (cannot determine; not blocking)
[info] path-lint surfaced-skip .scratch/grill-round-92/decision-ledger.md:7 single-segment POSIX root "/latest" — surfaced-skip (cannot determine; not blocking)
[info] path-lint surfaced-skip .scratch/grill-round-92/decision-ledger.md:7 single-segment POSIX root "/stable" — surfaced-skip (cannot determine; not blocking)
[info] path-lint surfaced-skip .scratch/grill-round-92/evidence/t5-deprecate.md:31 single-segment POSIX root "/whoami" — surfaced-skip (cannot determine; not blocking)
[info] path-lint surfaced-skip .scratch/grill-round-92/handoffs/next-round.md:5 single-segment POSIX root "/L3b" — surfaced-skip (cannot determine; not blocking)
[info] path-lint surfaced-skip .scratch/grill-round-92/handoffs/next-round.md:11 single-segment POSIX root "/D4" — surfaced-skip (cannot determine; not blocking)
[info] path-lint surfaced-skip .scratch/grill-round-92/handoffs/next-round.md:26 single-segment POSIX root "/User-scope" — surfaced-skip (cannot determine; not blocking)
[info] path-lint surfaced-skip .scratch/grill-round-92/handoffs/next-round.md:26 single-segment POSIX root "/featherless" — surfaced-skip (cannot determine; not blocking)
[info] path-lint surfaced-skip .scratch/grill-round-92/handoffs/next-round.md:26 single-segment POSIX root "/key" — surfaced-skip (cannot determine; not blocking)
[info] path-lint surfaced-skip .scratch/grill-round-92/handoffs/next-round.md:27 single-segment POSIX root "/N" — surfaced-skip (cannot determine; not blocking)
[info] path-lint surfaced-skip .scratch/grill-round-92/handoffs/next-round.md:27 single-segment POSIX root "/fallback" — surfaced-skip (cannot determine; not blocking)
[info] path-lint surfaced-skip .scratch/grill-round-92/handoffs/next-round.md:32 single-segment POSIX root "/F-bug" — surfaced-skip (cannot determine; not blocking)
[info] path-lint surfaced-skip .scratch/grill-round-92/handoffs/round-92-audit-closeout.md:8 single-segment POSIX root "/ship-gate" — surfaced-skip (cannot determine; not blocking)
[info] path-lint surfaced-skip .scratch/grill-round-92/handoffs/round-92-audit-closeout.md:8 single-segment POSIX root "/Spec" — surfaced-skip (cannot determine; not blocking)
[info] path-lint surfaced-skip .scratch/grill-round-92/handoffs/round-92-audit-closeout.md:9 single-segment POSIX root "/P2" — surfaced-skip (cannot determine; not blocking)
[info] path-lint surfaced-skip .scratch/grill-round-92/handoffs/round-92-audit-closeout.md:9 single-segment POSIX root "/P3" — surfaced-skip (cannot determine; not blocking)
[info] path-lint surfaced-skip .scratch/grill-round-92/handoffs/round-92-audit-closeout.md:9 single-segment POSIX root "/P4" — surfaced-skip (cannot determine; not blocking)
[info] path-lint surfaced-skip .scratch/grill-round-92/handoffs/round-92-audit-closeout.md:9 single-segment POSIX root "/P5" — surfaced-skip (cannot determine; not blocking)
[info] path-lint surfaced-skip .scratch/grill-round-92/handoffs/round-92-audit-closeout.md:13 single-segment POSIX root "/qqu" — surfaced-skip (cannot determine; not blocking)
[info] path-lint surfaced-skip .scratch/grill-round-92/handoffs/round-92-audit-closeout.md:20 single-segment POSIX root "/len" — surfaced-skip (cannot determine; not blocking)
[info] path-lint surfaced-skip .scratch/grill-round-92/q2-atomcode.md:33 single-segment POSIX root "/BuildPulse" — surfaced-skip (cannot determine; not blocking)
[info] path-lint surfaced-skip .scratch/grill-round-92/q3-atomcode.md:15 single-segment POSIX root "/Azure" — surfaced-skip (cannot determine; not blocking)
[info] path-lint surfaced-skip .scratch/grill-round-92/q3-atomcode.md:15 single-segment POSIX root "/Nygard" — surfaced-skip (cannot determine; not blocking)
[info] path-lint surfaced-skip .scratch/grill-round-92/q3-atomcode.md:23 single-segment POSIX root "/established-via-fallback" — surfaced-skip (cannot determine; not blocking)
[info] path-lint surfaced-skip .scratch/grill-round-92/q3-atomcode.md:25 single-segment POSIX root "/F-bug" — surfaced-skip (cannot determine; not blocking)
[info] path-lint surfaced-skip .scratch/grill-round-92/reports/2026-09-30-audit.md:46 single-segment POSIX root "/contextWindow" — surfaced-skip (cannot determine; not blocking)
[info] path-lint surfaced-skip .scratch/grill-round-92/reports/2026-09-30-audit.md:56 single-segment POSIX root "/claim" — surfaced-skip (cannot determine; not blocking)
[info] path-lint surfaced-skip .scratch/grill-round-92/reports/2026-09-30-audit.md:66 single-segment POSIX root "/round-92-closeout.md" — surfaced-skip (cannot determine; not blocking)
[info] path-lint surfaced-skip .scratch/grill-round-92/reports/2026-09-30-audit.md:83 single-segment POSIX root "/T4" — surfaced-skip (cannot determine; not blocking)
[info] path-lint surfaced-skip .scratch/grill-round-92/reports/2026-09-30-audit.md:83 single-segment POSIX root "/T5" — surfaced-skip (cannot determine; not blocking)
[info] path-lint surfaced-skip .scratch/grill-round-93/decision-ledger.md:5 single-segment POSIX root "/org" — surfaced-skip (cannot determine; not blocking)
[info] path-lint surfaced-skip .scratch/grill-round-93/decision-ledger.md:5 single-segment POSIX root "/deprecate" — surfaced-skip (cannot determine; not blocking)
[info] path-lint surfaced-skip .scratch/grill-round-93/decision-ledger.md:5 single-segment POSIX root "/len" — surfaced-skip (cannot determine; not blocking)
[info] path-lint surfaced-skip .scratch/grill-round-93/decision-ledger.md:7 single-segment POSIX root "/Qwen" — surfaced-skip (cannot determine; not blocking)
[info] path-lint surfaced-skip .scratch/grill-round-93/evidence/t0/t0-probes.md:80 single-segment POSIX root "/next-round" — surfaced-skip (cannot determine; not blocking)
[info] path-lint surfaced-skip .scratch/grill-round-93/goal.md:7 single-segment POSIX root "/R92" — surfaced-skip (cannot determine; not blocking)
[info] path-lint surfaced-skip .scratch/grill-round-93/goal.md:33 single-segment POSIX root "/len" — surfaced-skip (cannot determine; not blocking)
[info] path-lint surfaced-skip .scratch/grill-round-93/handoffs/next-round.md:28 single-segment POSIX root "/B1" — surfaced-skip (cannot determine; not blocking)
[info] path-lint surfaced-skip .scratch/grill-round-93/handoffs/next-round.md:28 single-segment POSIX root "/max-tokens" — surfaced-skip (cannot determine; not blocking)
[info] path-lint surfaced-skip .scratch/grill-round-93/handoffs/next-round.md:28 single-segment POSIX root "/L3c" — surfaced-skip (cannot determine; not blocking)
[info] path-lint surfaced-skip .scratch/grill-round-93/handoffs/next-round.md:28 single-segment POSIX root "/ID" — surfaced-skip (cannot determine; not blocking)
[info] path-lint surfaced-skip .scratch/grill-round-93/q1-atomcode.md:74 single-segment POSIX root "/units" — surfaced-skip (cannot determine; not blocking)
[info] path-lint surfaced-skip .scratch/grill-round-93/q3-atomcode.md:79 single-segment POSIX root "/succeeded" — surfaced-skip (cannot determine; not blocking)
[info] path-lint surfaced-skip .scratch/grill-round-93/q3-atomcode.md:79 single-segment POSIX root "/always" — surfaced-skip (cannot determine; not blocking)
[info] path-lint surfaced-skip AGENTS.md:3 single-segment POSIX root "/setup-matt-pocock-skills" — surfaced-skip (cannot determine; not blocking)
[info] path-lint surfaced-skip AGENTS.md:62 single-segment POSIX root "/x" — surfaced-skip (cannot determine; not blocking)
[info] path-lint surfaced-skip AGENTS.md:64 single-segment POSIX root "/x" — surfaced-skip (cannot determine; not blocking)
[info] path-lint surfaced-skip CHANGELOG.md:49 single-segment POSIX root "/L3b" — surfaced-skip (cannot determine; not blocking)
[info] path-lint surfaced-skip CHANGELOG.md:49 single-segment POSIX root "/L3c-min" — surfaced-skip (cannot determine; not blocking)
[info] path-lint surfaced-skip CHANGELOG.md:53 single-segment POSIX root "/id" — surfaced-skip (cannot determine; not blocking)
[info] path-lint surfaced-skip CHANGELOG.md:53 single-segment POSIX root "/id" — surfaced-skip (cannot determine; not blocking)
[info] path-lint surfaced-skip CHANGELOG.md:65 single-segment POSIX root "/mcp" — surfaced-skip (cannot determine; not blocking)
[info] path-lint surfaced-skip CHANGELOG.md:170 single-segment POSIX root "/JSON" — surfaced-skip (cannot determine; not blocking)
[info] path-lint surfaced-skip CHANGELOG.md:170 single-segment POSIX root "/clientInfo.version" — surfaced-skip (cannot determine; not blocking)
[info] path-lint surfaced-skip CHANGELOG.md:170 single-segment POSIX root "/engines" — surfaced-skip (cannot determine; not blocking)
[info] path-lint surfaced-skip CHANGELOG.md:176 single-segment POSIX root "/mcp" — surfaced-skip (cannot determine; not blocking)
[info] path-lint surfaced-skip CHANGELOG.md:176 single-segment POSIX root "/mcp" — surfaced-skip (cannot determine; not blocking)
[info] path-lint surfaced-skip CHANGELOG.md:181 single-segment POSIX root "/R3" — surfaced-skip (cannot determine; not blocking)
[info] path-lint surfaced-skip CHANGELOG.md:195 single-segment POSIX root "/EPUBLISHCONFLICT" — surfaced-skip (cannot determine; not blocking)
[info] path-lint surfaced-skip CHANGELOG.md:196 single-segment POSIX root "/llm-init" — surfaced-skip (cannot determine; not blocking)
[info] path-lint surfaced-skip CHANGELOG.md:209 single-segment POSIX root "/mcp" — surfaced-skip (cannot determine; not blocking)
[info] path-lint surfaced-skip CHANGELOG.md:231 single-segment POSIX root "/x" — surfaced-skip (cannot determine; not blocking)
[info] path-lint surfaced-skip CHANGELOG.md:235 single-segment POSIX root "/x" — surfaced-skip (cannot determine; not blocking)
[info] path-lint surfaced-skip CHANGELOG.md:236 single-segment POSIX root "/x" — surfaced-skip (cannot determine; not blocking)
[info] path-lint surfaced-skip CHANGELOG.md:237 single-segment POSIX root "/stale-marker" — surfaced-skip (cannot determine; not blocking)
[info] path-lint surfaced-skip CHANGELOG.md:244 single-segment POSIX root "/x" — surfaced-skip (cannot determine; not blocking)
[info] path-lint surfaced-skip CHANGELOG.md:246 single-segment POSIX root "/baseline" — surfaced-skip (cannot determine; not blocking)
[info] path-lint surfaced-skip CHANGELOG.md:336 single-segment POSIX root "/index" — surfaced-skip (cannot determine; not blocking)
[info] path-lint surfaced-skip CHANGELOG.md:361 single-segment POSIX root "/node_modules" — surfaced-skip (cannot determine; not blocking)
[info] path-lint surfaced-skip CHANGELOG.md:364 single-segment POSIX root "/doctor" — surfaced-skip (cannot determine; not blocking)
[info] path-lint surfaced-skip CHANGELOG.md:388 single-segment POSIX root "/stale" — surfaced-skip (cannot determine; not blocking)
[info] path-lint surfaced-skip CHANGELOG.md:388 single-segment POSIX root "/partial" — surfaced-skip (cannot determine; not blocking)
[info] path-lint surfaced-skip CHANGELOG.md:388 single-segment POSIX root "/family" — surfaced-skip (cannot determine; not blocking)
[info] path-lint surfaced-skip CHANGELOG.md:467 single-segment POSIX root "/flush" — surfaced-skip (cannot determine; not blocking)
[info] path-lint surfaced-skip CHANGELOG.md:474 single-segment POSIX root "/anysearch-pending.jsonl" — surfaced-skip (cannot determine; not blocking)
[info] path-lint surfaced-skip CHANGELOG.md:539 single-segment POSIX root "/hooks.json" — surfaced-skip (cannot determine; not blocking)
[info] path-lint surfaced-skip CHANGELOG.md:542 single-segment POSIX root "/object" — surfaced-skip (cannot determine; not blocking)
[info] path-lint surfaced-skip CHANGELOG.md:543 single-segment POSIX root "/domains" — surfaced-skip (cannot determine; not blocking)
[info] path-lint surfaced-skip CHANGELOG.md:603 single-segment POSIX root "/doctor" — surfaced-skip (cannot determine; not blocking)
[info] path-lint surfaced-skip CHANGELOG.md:611 single-segment POSIX root "/abort" — surfaced-skip (cannot determine; not blocking)
[info] path-lint surfaced-skip CONTEXT.md:90 single-segment POSIX root "/spawn" — surfaced-skip (cannot determine; not blocking)
[info] path-lint surfaced-skip CONTEXT.md:102 single-segment POSIX root "/MCP" — surfaced-skip (cannot determine; not blocking)
[info] path-lint surfaced-skip CONTEXT.md:102 single-segment POSIX root "/FTS5" — surfaced-skip (cannot determine; not blocking)
[info] path-lint surfaced-skip CONTEXT.md:121 single-segment POSIX root "/fail-open" — surfaced-skip (cannot determine; not blocking)
[info] path-lint surfaced-skip CONTEXT.md:231 single-segment POSIX root "/workflow" — surfaced-skip (cannot determine; not blocking)
[info] path-lint surfaced-skip CONTEXT.md:350 single-segment POSIX root "/answer" — surfaced-skip (cannot determine; not blocking)
[info] path-lint surfaced-skip CONTEXT.md:377 single-segment POSIX root "/remember" — surfaced-skip (cannot determine; not blocking)
[info] path-lint surfaced-skip CONTEXT.md:409 single-segment POSIX root "/expected" — surfaced-skip (cannot determine; not blocking)
[info] path-lint surfaced-skip CONTEXT.md:532 single-segment POSIX root "/sqrt" — surfaced-skip (cannot determine; not blocking)
[info] path-lint surfaced-skip CONTEXT.md:542 single-segment POSIX root "/PSI" — surfaced-skip (cannot determine; not blocking)
[info] path-lint surfaced-skip CONTEXT.md:785 single-segment POSIX root "/tool-output" — surfaced-skip (cannot determine; not blocking)
[info] path-lint surfaced-skip CONTEXT.md:851 single-segment POSIX root "/peek" — surfaced-skip (cannot determine; not blocking)
[info] path-lint surfaced-skip CONTEXT.md:868 single-segment POSIX root "/errata" — surfaced-skip (cannot determine; not blocking)
[info] path-lint surfaced-skip CONTEXT.md:891 single-segment POSIX root "/permalink" — surfaced-skip (cannot determine; not blocking)
[info] path-lint surfaced-skip CONTEXT.md:947 single-segment POSIX root "/settings" — surfaced-skip (cannot determine; not blocking)
[info] path-lint surfaced-skip CONTEXT.md:947 single-segment POSIX root "/mustHitUrls" — surfaced-skip (cannot determine; not blocking)
[info] path-lint surfaced-skip CONTEXT.md:962 single-segment POSIX root "/run" — surfaced-skip (cannot determine; not blocking)
[info] path-lint surfaced-skip CONTEXT.md:973 single-segment POSIX root "/shim" — surfaced-skip (cannot determine; not blocking)
[info] path-lint surfaced-skip CONTEXT.md:1008 single-segment POSIX root "/MCP" — surfaced-skip (cannot determine; not blocking)
[info] path-lint surfaced-skip CONTEXT.md:1008 single-segment POSIX root "/marketplace" — surfaced-skip (cannot determine; not blocking)
[info] path-lint surfaced-skip CONTEXT.md:1014 single-segment POSIX root "/Berkeley" — surfaced-skip (cannot determine; not blocking)
[info] path-lint surfaced-skip CONTEXT.md:1123 single-segment POSIX root "/Stack" — surfaced-skip (cannot determine; not blocking)
[info] path-lint surfaced-skip CONTEXT.md:1141 single-segment POSIX root "/node_modules" — surfaced-skip (cannot determine; not blocking)
[info] path-lint surfaced-skip CONTEXT.md:1141 single-segment POSIX root "/node_modules" — surfaced-skip (cannot determine; not blocking)
[info] path-lint surfaced-skip CONTEXT.md:1152 single-segment POSIX root "/URL" — surfaced-skip (cannot determine; not blocking)
[info] path-lint surfaced-skip CONTEXT.md:1155 single-segment POSIX root "/RAG" — surfaced-skip (cannot determine; not blocking)
[info] path-lint surfaced-skip CONTEXT.md:1161 single-segment POSIX root "/patch" — surfaced-skip (cannot determine; not blocking)
[info] path-lint surfaced-skip CONTEXT.md:1161 single-segment POSIX root "/HMR" — surfaced-skip (cannot determine; not blocking)
[info] path-lint surfaced-skip CONTEXT.md:1173 single-segment POSIX root "/API" — surfaced-skip (cannot determine; not blocking)
[info] path-lint surfaced-skip CONTEXT.md:1219 single-segment POSIX root "/link" — surfaced-skip (cannot determine; not blocking)
[info] path-lint surfaced-skip CONTEXT.md:1287 single-segment POSIX root "/spectralint" — surfaced-skip (cannot determine; not blocking)
[info] path-lint surfaced-skip CONTEXT.md:1287 single-segment POSIX root "/path-guard" — surfaced-skip (cannot determine; not blocking)
[info] path-lint surfaced-skip CONTEXT.md:1290 single-segment POSIX root "/x" — surfaced-skip (cannot determine; not blocking)
[info] path-lint surfaced-skip CONTEXT.md:1290 single-segment POSIX root "/Vale" — surfaced-skip (cannot determine; not blocking)
[info] path-lint surfaced-skip CONTEXT.md:1293 single-segment POSIX root "/betterer" — surfaced-skip (cannot determine; not blocking)
[info] path-lint surfaced-skip CONTEXT.md:1305 single-segment POSIX root "/Kanban" — surfaced-skip (cannot determine; not blocking)
[info] path-lint surfaced-skip CONTEXT.md:1322 single-segment POSIX root "/Renovate" — surfaced-skip (cannot determine; not blocking)
[info] path-lint surfaced-skip CONTEXT.md:1348 single-segment POSIX root "/install" — surfaced-skip (cannot determine; not blocking)
[info] path-lint surfaced-skip CONTEXT.md:1362 single-segment POSIX root "/TP" — surfaced-skip (cannot determine; not blocking)
[info] path-lint surfaced-skip CONTEXT.md:1400 single-segment POSIX root "/OAuth" — surfaced-skip (cannot determine; not blocking)
[info] path-lint surfaced-skip CONTEXT.md:1403 single-segment POSIX root "/mcp" — surfaced-skip (cannot determine; not blocking)
[info] path-lint surfaced-skip CONTEXT.md:1406 single-segment POSIX root "/Content-Type" — surfaced-skip (cannot determine; not blocking)
[info] path-lint surfaced-skip CONTEXT.md:1412 single-segment POSIX root "/L2" — surfaced-skip (cannot determine; not blocking)
[info] path-lint surfaced-skip CONTEXT.md:1449 single-segment POSIX root "/Record" — surfaced-skip (cannot determine; not blocking)
[info] path-lint surfaced-skip CONTEXT.md:1452 single-segment POSIX root "/TTL" — surfaced-skip (cannot determine; not blocking)
[info] path-lint surfaced-skip CONTEXT.md:1478 single-segment POSIX root "/academic" — surfaced-skip (cannot determine; not blocking)
[info] path-lint surfaced-skip CONTEXT.md:1478 single-segment POSIX root "/code" — surfaced-skip (cannot determine; not blocking)
[info] path-lint surfaced-skip CONTEXT.md:1478 single-segment POSIX root "/health" — surfaced-skip (cannot determine; not blocking)
[info] path-lint surfaced-skip CONTEXT.md:1504 single-segment POSIX root "/peek" — surfaced-skip (cannot determine; not blocking)
[info] path-lint surfaced-skip CONTEXT.md:1540 single-segment POSIX root "/hashed-key" — surfaced-skip (cannot determine; not blocking)
[info] path-lint surfaced-skip CONTEXT.md:1561 single-segment POSIX root "/CI" — surfaced-skip (cannot determine; not blocking)
[info] path-lint surfaced-skip CONTEXT.md:1561 single-segment POSIX root "/defer" — surfaced-skip (cannot determine; not blocking)
[info] path-lint surfaced-skip CONTEXT.md:1578 single-segment POSIX root "/refactor" — surfaced-skip (cannot determine; not blocking)
[info] path-lint surfaced-skip CONTEXT.md:1581 single-segment POSIX root "/options" — surfaced-skip (cannot determine; not blocking)
[info] path-lint surfaced-skip CONTEXT.md:1587 single-segment POSIX root "/schema" — surfaced-skip (cannot determine; not blocking)
[info] path-lint surfaced-skip CONTEXT.md:1626 single-segment POSIX root "/D-002" — surfaced-skip (cannot determine; not blocking)
[info] path-lint surfaced-skip CONTEXT.md:1658 single-segment POSIX root "/not-established" — surfaced-skip (cannot determine; not blocking)
[info] path-lint surfaced-skip CONTEXT.md:1701 single-segment POSIX root "/Tinker" — surfaced-skip (cannot determine; not blocking)
[info] path-lint surfaced-skip CONTEXT.md:1704 single-segment POSIX root "/vLLM" — surfaced-skip (cannot determine; not blocking)
[info] path-lint surfaced-skip CONTEXT.md:1707 single-segment POSIX root "/succeeded" — surfaced-skip (cannot determine; not blocking)
[info] path-lint surfaced-skip README.md:5 single-segment POSIX root "/p" — surfaced-skip (cannot determine; not blocking)
[info] path-lint surfaced-skip README.zh-CN.md:5 single-segment POSIX root "/p" — surfaced-skip (cannot determine; not blocking)
[info] path-lint surfaced-skip README.zh-CN.md:159 single-segment POSIX root "/Record" — surfaced-skip (cannot determine; not blocking)
[info] path-lint surfaced-skip docs/adr/0001-typescript-pi-skeleton.md:36 single-segment POSIX root "/skill" — surfaced-skip (cannot determine; not blocking)
[info] path-lint surfaced-skip docs/adr/0001-typescript-pi-skeleton.md:36 single-segment POSIX root "/reviewable" — surfaced-skip (cannot determine; not blocking)
[info] path-lint surfaced-skip docs/adr/0002-domain-authority-cc-persona-toml.md:26 single-segment POSIX root "/skill" — surfaced-skip (cannot determine; not blocking)
[info] path-lint surfaced-skip docs/adr/0007-architecture-grill-round-4-pi-agent-core-integration.md:13 single-segment POSIX root "/subscribe" — surfaced-skip (cannot determine; not blocking)
[info] path-lint surfaced-skip docs/adr/0009-architecture-grill-round-6-phase3-plugin-design.md:52 single-segment POSIX root "/token" — surfaced-skip (cannot determine; not blocking)
[info] path-lint surfaced-skip docs/adr/0009-architecture-grill-round-6-phase3-plugin-design.md:108 single-segment POSIX root "/MCP" — surfaced-skip (cannot determine; not blocking)
[info] path-lint surfaced-skip docs/adr/0009-architecture-grill-round-6-phase3-plugin-design.md:108 single-segment POSIX root "/FTS5" — surfaced-skip (cannot determine; not blocking)
[info] path-lint surfaced-skip docs/adr/0009-architecture-grill-round-6-phase3-plugin-design.md:136 single-segment POSIX root "/schema" — surfaced-skip (cannot determine; not blocking)
[info] path-lint surfaced-skip docs/adr/0010-architecture-grill-round-7-post-phase3-evolution.md:114 single-segment POSIX root "/fail-open" — surfaced-skip (cannot determine; not blocking)
[info] path-lint surfaced-skip docs/adr/0011-architecture-grill-round-8-sessionstart-progressive-disclosure.md:102 single-segment POSIX root "/ADR" — surfaced-skip (cannot determine; not blocking)
[info] path-lint surfaced-skip docs/adr/0011-architecture-grill-round-8-sessionstart-progressive-disclosure.md:104 single-segment POSIX root "/health" — surfaced-skip (cannot determine; not blocking)
[info] path-lint surfaced-skip docs/adr/0012-architecture-grill-round-9-l0l1-memory-pipeline-per-platform.md:35 single-segment POSIX root "/shouldCompact" — surfaced-skip (cannot determine; not blocking)
[info] path-lint surfaced-skip docs/adr/0014-architecture-grill-round-11-sufficiency-gate-deepening.md:21 single-segment POSIX root "/workflow" — surfaced-skip (cannot determine; not blocking)
[info] path-lint surfaced-skip docs/adr/0021-architecture-grill-round-18-memorypipeline-deepen-threshold-injection-ship-evidence.md:31 single-segment POSIX root "/StaticCompactionPolicy" — surfaced-skip (cannot determine; not blocking)
[info] path-lint surfaced-skip docs/adr/0021-architecture-grill-round-18-memorypipeline-deepen-threshold-injection-ship-evidence.md:79 single-segment POSIX root "/anchor" — surfaced-skip (cannot determine; not blocking)
[info] path-lint surfaced-skip docs/adr/0022-architecture-grill-round-19-consumer-answer-mode-exposure.md:61 single-segment POSIX root "/answer" — surfaced-skip (cannot determine; not blocking)
[info] path-lint surfaced-skip docs/adr/0024-architecture-grill-round-21-t0-memory-md-durable-preference-layer.md:23 single-segment POSIX root "/remember" — surfaced-skip (cannot determine; not blocking)
[info] path-lint surfaced-skip docs/adr/0024-architecture-grill-round-21-t0-memory-md-durable-preference-layer.md:25 single-segment POSIX root "/forget" — surfaced-skip (cannot determine; not blocking)
[info] path-lint surfaced-skip docs/adr/0024-architecture-grill-round-21-t0-memory-md-durable-preference-layer.md:40 single-segment POSIX root "/remember" — surfaced-skip (cannot determine; not blocking)
[info] path-lint surfaced-skip docs/adr/0024-architecture-grill-round-21-t0-memory-md-durable-preference-layer.md:40 single-segment POSIX root "/forget" — surfaced-skip (cannot determine; not blocking)
[info] path-lint surfaced-skip docs/adr/0024-architecture-grill-round-21-t0-memory-md-durable-preference-layer.md:65 single-segment POSIX root "/remember" — surfaced-skip (cannot determine; not blocking)
[info] path-lint surfaced-skip docs/adr/0024-architecture-grill-round-21-t0-memory-md-durable-preference-layer.md:67 single-segment POSIX root "/forget" — surfaced-skip (cannot determine; not blocking)
[info] path-lint surfaced-skip docs/adr/0024-architecture-grill-round-21-t0-memory-md-durable-preference-layer.md:72 single-segment POSIX root "/forget" — surfaced-skip (cannot determine; not blocking)
[info] path-lint surfaced-skip docs/adr/0025-architecture-grill-round-22-native-smoke-ci-and-pref-review.md:14 single-segment POSIX root "/CI" — surfaced-skip (cannot determine; not blocking)
[info] path-lint surfaced-skip docs/adr/0025-architecture-grill-round-22-native-smoke-ci-and-pref-review.md:55 single-segment POSIX root "/memory" — surfaced-skip (cannot determine; not blocking)
[info] path-lint surfaced-skip docs/adr/0028-architecture-grill-round-25-eval-hardening-secret-guard-and-parity.md:13 single-segment POSIX root "/expected" — surfaced-skip (cannot determine; not blocking)
[info] path-lint surfaced-skip docs/adr/0028-architecture-grill-round-25-eval-hardening-secret-guard-and-parity.md:71 single-segment POSIX root "/README" — surfaced-skip (cannot determine; not blocking)
[info] path-lint surfaced-skip docs/adr/0029-architecture-grill-round-26-judge-calibration-eval-budget-guard.md:14 single-segment POSIX root "/opentrain" — surfaced-skip (cannot determine; not blocking)
[info] path-lint surfaced-skip docs/adr/0029-architecture-grill-round-26-judge-calibration-eval-budget-guard.md:16 single-segment POSIX root "/TTL" — surfaced-skip (cannot determine; not blocking)
[info] path-lint surfaced-skip docs/adr/0029-architecture-grill-round-26-judge-calibration-eval-budget-guard.md:31 single-segment POSIX root "/annotators" — surfaced-skip (cannot determine; not blocking)
[info] path-lint surfaced-skip docs/adr/0029-architecture-grill-round-26-judge-calibration-eval-budget-guard.md:42 single-segment POSIX root "/raw" — surfaced-skip (cannot determine; not blocking)
[info] path-lint surfaced-skip docs/adr/0030-architecture-grill-round-27-memory-lifecycle-fused-freshness-factor.md:14 single-segment POSIX root "/i" — surfaced-skip (cannot determine; not blocking)
[info] path-lint surfaced-skip docs/adr/0030-architecture-grill-round-27-memory-lifecycle-fused-freshness-factor.md:20 single-segment POSIX root "/quarantine" — surfaced-skip (cannot determine; not blocking)
[info] path-lint surfaced-skip docs/adr/0031-architecture-grill-round-28-entity-link-layer.md:59 single-segment POSIX root "/trigram" — surfaced-skip (cannot determine; not blocking)
[info] path-lint surfaced-skip docs/adr/0038-architecture-grill-round-35-relation-gate-promotion-holdout-dual-track.md:88 single-segment POSIX root "/MDE" — surfaced-skip (cannot determine; not blocking)
[info] path-lint surfaced-skip docs/adr/0043-architecture-grill-round-40-consumed-synthetic-switch-governance.md:149 single-segment POSIX root "/bootstrap" — surfaced-skip (cannot determine; not blocking)
[info] path-lint surfaced-skip docs/adr/0050-architecture-grill-round-47-fused-score-calibration-threshold-propagation.md:12 single-segment POSIX root "/AC1" — surfaced-skip (cannot determine; not blocking)
[info] path-lint surfaced-skip docs/adr/0050-architecture-grill-round-47-fused-score-calibration-threshold-propagation.md:18 single-segment POSIX root "/revision" — surfaced-skip (cannot determine; not blocking)
[info] path-lint surfaced-skip docs/adr/0055-architecture-grill-round-52-authorization-policy-single-source.md:25 single-segment POSIX root "/policy" — surfaced-skip (cannot determine; not blocking)
[info] path-lint surfaced-skip docs/adr/0055-architecture-grill-round-52-authorization-policy-single-source.md:25 single-segment POSIX root "/recall" — surfaced-skip (cannot determine; not blocking)
[info] path-lint surfaced-skip docs/adr/0055-architecture-grill-round-52-authorization-policy-single-source.md:57 single-segment POSIX root "/policy" — surfaced-skip (cannot determine; not blocking)
[info] path-lint surfaced-skip docs/adr/0055-architecture-grill-round-52-authorization-policy-single-source.md:65 single-segment POSIX root "/policy" — surfaced-skip (cannot determine; not blocking)
[info] path-lint surfaced-skip docs/adr/0057-architecture-grill-round-57-test-truthfulness-ci-credibility.md:59 single-segment POSIX root "/artifacts" — surfaced-skip (cannot determine; not blocking)
[info] path-lint surfaced-skip docs/adr/0057-architecture-grill-round-57-test-truthfulness-ci-credibility.md:123 single-segment POSIX root "/T" — surfaced-skip (cannot determine; not blocking)
[info] path-lint surfaced-skip docs/adr/0057-architecture-grill-round-57-test-truthfulness-ci-credibility.md:123 single-segment POSIX root "/F" — surfaced-skip (cannot determine; not blocking)
[info] path-lint surfaced-skip docs/adr/0057-architecture-grill-round-57-test-truthfulness-ci-credibility.md:123 single-segment POSIX root "/health" — surfaced-skip (cannot determine; not blocking)
[info] path-lint surfaced-skip docs/adr/0063-architecture-grill-round-62-real-usability-closure.md:84 single-segment POSIX root "/GOLDEN_CASES" — surfaced-skip (cannot determine; not blocking)
[info] path-lint surfaced-skip docs/adr/0063-architecture-grill-round-62-real-usability-closure.md:124 single-segment POSIX root "/research" — surfaced-skip (cannot determine; not blocking)
[info] path-lint surfaced-skip docs/adr/0065-architecture-grill-round-64-quarantine-ttl-adjudication-assertion-granularity.md:36 single-segment POSIX root "/settings-shaped" — surfaced-skip (cannot determine; not blocking)
[info] path-lint surfaced-skip docs/adr/0065-architecture-grill-round-64-quarantine-ttl-adjudication-assertion-granularity.md:63 single-segment POSIX root "/deprecated" — surfaced-skip (cannot determine; not blocking)
[info] path-lint surfaced-skip docs/adr/0065-architecture-grill-round-64-quarantine-ttl-adjudication-assertion-granularity.md:65 single-segment POSIX root "/deprecated" — surfaced-skip (cannot determine; not blocking)
[info] path-lint surfaced-skip docs/adr/0066-architecture-grill-round-65-real-host-deployment-codebuddy-hooks-contract.md:25 single-segment POSIX root "/hooks.json" — surfaced-skip (cannot determine; not blocking)
[info] path-lint surfaced-skip docs/adr/0066-architecture-grill-round-65-real-host-deployment-codebuddy-hooks-contract.md:69 single-segment POSIX root "/hooks.json" — surfaced-skip (cannot determine; not blocking)
[info] path-lint surfaced-skip docs/adr/0067-architecture-grill-round-66-claude-code-host-contract-release-channel.md:83 single-segment POSIX root "/index" — surfaced-skip (cannot determine; not blocking)
[info] path-lint surfaced-skip docs/adr/0067-architecture-grill-round-66-claude-code-host-contract-release-channel.md:113 single-segment POSIX root "/index" — surfaced-skip (cannot determine; not blocking)
[info] path-lint surfaced-skip docs/adr/0068-architecture-grill-round-67-codex-01425-host-contract-envelope.md:73 single-segment POSIX root "/index" — surfaced-skip (cannot determine; not blocking)
[info] path-lint surfaced-skip docs/adr/0068-architecture-grill-round-67-codex-01425-host-contract-envelope.md:136 single-segment POSIX root "/index" — surfaced-skip (cannot determine; not blocking)
[info] path-lint surfaced-skip docs/adr/0071-architecture-grill-round-70-verification-timing-hardening.md:40 single-segment POSIX root "/exit-10" — surfaced-skip (cannot determine; not blocking)
[info] path-lint surfaced-skip docs/adr/0071-architecture-grill-round-70-verification-timing-hardening.md:83 single-segment POSIX root "/check-runs" — surfaced-skip (cannot determine; not blocking)
[info] path-lint surfaced-skip docs/adr/0072-architecture-grill-round-71-first-release-path-governance-embedding-reachability.md:45 single-segment POSIX root "/x" — surfaced-skip (cannot determine; not blocking)
[info] path-lint surfaced-skip docs/adr/0072-architecture-grill-round-71-first-release-path-governance-embedding-reachability.md:49 single-segment POSIX root "/x" — surfaced-skip (cannot determine; not blocking)
[info] path-lint surfaced-skip docs/adr/0072-architecture-grill-round-71-first-release-path-governance-embedding-reachability.md:89 single-segment POSIX root "/node_modules" — surfaced-skip (cannot determine; not blocking)
[info] path-lint surfaced-skip docs/adr/0073-architecture-grill-round-72-deepseek-harness-host-adaptation.md:45 single-segment POSIX root "/index" — surfaced-skip (cannot determine; not blocking)
[info] path-lint surfaced-skip docs/adr/0073-architecture-grill-round-72-deepseek-harness-host-adaptation.md:49 single-segment POSIX root "/policy" — surfaced-skip (cannot determine; not blocking)
[info] path-lint surfaced-skip docs/adr/0073-architecture-grill-round-72-deepseek-harness-host-adaptation.md:50 single-segment POSIX root "/recall" — surfaced-skip (cannot determine; not blocking)
[info] path-lint surfaced-skip docs/adr/0073-architecture-grill-round-72-deepseek-harness-host-adaptation.md:50 single-segment POSIX root "/index" — surfaced-skip (cannot determine; not blocking)
[info] path-lint surfaced-skip docs/adr/0073-architecture-grill-round-72-deepseek-harness-host-adaptation.md:101 single-segment POSIX root "/index" — surfaced-skip (cannot determine; not blocking)
[info] path-lint surfaced-skip docs/adr/0074-architecture-grill-round-73-dsh-upstream-family-pinning-and-stack-landing.md:19 single-segment POSIX root "/regen" — surfaced-skip (cannot determine; not blocking)
[info] path-lint surfaced-skip docs/adr/0076-architecture-grill-round-75-transformers-ghost-dep-judgement.md:65 single-segment POSIX root "/dynamic" — surfaced-skip (cannot determine; not blocking)
[info] path-lint surfaced-skip docs/adr/0077-architecture-grill-round-76-silent-drift-governance-liquidation.md:95 single-segment POSIX root "/agent" — surfaced-skip (cannot determine; not blocking)
[info] path-lint surfaced-skip docs/adr/0078-architecture-grill-round-77-dsh-upstream-watch-funnel-and-governance-backlog-liquidation.md:126 single-segment POSIX root "/alpha" — surfaced-skip (cannot determine; not blocking)
[info] path-lint surfaced-skip docs/adr/0079-architecture-grill-round-78-gate-calibration-pathlint-detector-and-repin-matrix.md:16 single-segment POSIX root "/Users" — surfaced-skip (cannot determine; not blocking)
[info] path-lint surfaced-skip docs/adr/0079-architecture-grill-round-78-gate-calibration-pathlint-detector-and-repin-matrix.md:16 single-segment POSIX root "/home" — surfaced-skip (cannot determine; not blocking)
[info] path-lint surfaced-skip docs/adr/0079-architecture-grill-round-78-gate-calibration-pathlint-detector-and-repin-matrix.md:16 single-segment POSIX root "/tmp" — surfaced-skip (cannot determine; not blocking)
[info] path-lint surfaced-skip docs/adr/0079-architecture-grill-round-78-gate-calibration-pathlint-detector-and-repin-matrix.md:36 single-segment POSIX root "/x" — surfaced-skip (cannot determine; not blocking)
[info] path-lint surfaced-skip docs/adr/0079-architecture-grill-round-78-gate-calibration-pathlint-detector-and-repin-matrix.md:36 single-segment POSIX root "/etc" — surfaced-skip (cannot determine; not blocking)
[info] path-lint surfaced-skip docs/adr/0079-architecture-grill-round-78-gate-calibration-pathlint-detector-and-repin-matrix.md:102 single-segment POSIX root "/x" — surfaced-skip (cannot determine; not blocking)
[info] path-lint surfaced-skip docs/adr/0079-architecture-grill-round-78-gate-calibration-pathlint-detector-and-repin-matrix.md:105 single-segment POSIX root "/x" — surfaced-skip (cannot determine; not blocking)
[info] path-lint surfaced-skip docs/adr/0080-architecture-grill-round-79-pathlint-exemption-domain-contract-convergence.md:17 single-segment POSIX root "/x" — surfaced-skip (cannot determine; not blocking)
[info] path-lint surfaced-skip docs/adr/0080-architecture-grill-round-79-pathlint-exemption-domain-contract-convergence.md:29 single-segment POSIX root "/x" — surfaced-skip (cannot determine; not blocking)
[info] path-lint surfaced-skip docs/adr/0080-architecture-grill-round-79-pathlint-exemption-domain-contract-convergence.md:33 single-segment POSIX root "/x" — surfaced-skip (cannot determine; not blocking)
[info] path-lint surfaced-skip docs/adr/0080-architecture-grill-round-79-pathlint-exemption-domain-contract-convergence.md:67 single-segment POSIX root "/info" — surfaced-skip (cannot determine; not blocking)
[info] path-lint surfaced-skip docs/adr/0080-architecture-grill-round-79-pathlint-exemption-domain-contract-convergence.md:76 single-segment POSIX root "/x" — surfaced-skip (cannot determine; not blocking)
[info] path-lint surfaced-skip docs/adr/0080-architecture-grill-round-79-pathlint-exemption-domain-contract-convergence.md:77 single-segment POSIX root "/x" — surfaced-skip (cannot determine; not blocking)
[info] path-lint surfaced-skip docs/adr/0081-architecture-grill-round-80-release-readiness-dsh-plugin-e6-freshness.md:63 single-segment POSIX root "/PR" — surfaced-skip (cannot determine; not blocking)
[info] path-lint surfaced-skip docs/adr/0081-architecture-grill-round-80-release-readiness-dsh-plugin-e6-freshness.md:84 single-segment POSIX root "/TP" — surfaced-skip (cannot determine; not blocking)
[info] path-lint surfaced-skip docs/adr/0082-architecture-grill-round-81-product-inhalation-provider-serverside-diagnosis.md:21 single-segment POSIX root "/H3" — surfaced-skip (cannot determine; not blocking)
[info] path-lint surfaced-skip docs/adr/0082-architecture-grill-round-81-product-inhalation-provider-serverside-diagnosis.md:21 single-segment POSIX root "/H4" — surfaced-skip (cannot determine; not blocking)
[info] path-lint surfaced-skip docs/adr/0082-architecture-grill-round-81-product-inhalation-provider-serverside-diagnosis.md:21 single-segment POSIX root "/health" — surfaced-skip (cannot determine; not blocking)
[info] path-lint surfaced-skip docs/adr/0082-architecture-grill-round-81-product-inhalation-provider-serverside-diagnosis.md:22 single-segment POSIX root "/mcp" — surfaced-skip (cannot determine; not blocking)
[info] path-lint surfaced-skip docs/adr/0082-architecture-grill-round-81-product-inhalation-provider-serverside-diagnosis.md:25 single-segment POSIX root "/mcp" — surfaced-skip (cannot determine; not blocking)
[info] path-lint surfaced-skip docs/adr/0082-architecture-grill-round-81-product-inhalation-provider-serverside-diagnosis.md:25 single-segment POSIX root "/mcp" — surfaced-skip (cannot determine; not blocking)
[info] path-lint surfaced-skip docs/adr/0082-architecture-grill-round-81-product-inhalation-provider-serverside-diagnosis.md:35 single-segment POSIX root "/license" — surfaced-skip (cannot determine; not blocking)
[info] path-lint surfaced-skip docs/adr/0082-architecture-grill-round-81-product-inhalation-provider-serverside-diagnosis.md:43 single-segment POSIX root "/mcp" — surfaced-skip (cannot determine; not blocking)
[info] path-lint surfaced-skip docs/adr/0082-architecture-grill-round-81-product-inhalation-provider-serverside-diagnosis.md:44 single-segment POSIX root "/mock" — surfaced-skip (cannot determine; not blocking)
[info] path-lint surfaced-skip docs/adr/0082-architecture-grill-round-81-product-inhalation-provider-serverside-diagnosis.md:56 single-segment POSIX root "/TP" — surfaced-skip (cannot determine; not blocking)
[info] path-lint surfaced-skip docs/adr/0082-architecture-grill-round-81-product-inhalation-provider-serverside-diagnosis.md:60 single-segment POSIX root "/mcp" — surfaced-skip (cannot determine; not blocking)
[info] path-lint surfaced-skip docs/adr/0082-architecture-grill-round-81-product-inhalation-provider-serverside-diagnosis.md:62 single-segment POSIX root "/mcp" — surfaced-skip (cannot determine; not blocking)
[info] path-lint surfaced-skip docs/adr/0083-architecture-grill-round-82-anysearch-mcp-migration.md:9 single-segment POSIX root "/mcp" — surfaced-skip (cannot determine; not blocking)
[info] path-lint surfaced-skip docs/adr/0083-architecture-grill-round-82-anysearch-mcp-migration.md:25 single-segment POSIX root "/Content-Type" — surfaced-skip (cannot determine; not blocking)
[info] path-lint surfaced-skip docs/adr/0083-architecture-grill-round-82-anysearch-mcp-migration.md:36 single-segment POSIX root "/mcp" — surfaced-skip (cannot determine; not blocking)
[info] path-lint surfaced-skip docs/adr/0083-architecture-grill-round-82-anysearch-mcp-migration.md:44 single-segment POSIX root "/SSE" — surfaced-skip (cannot determine; not blocking)
[info] path-lint surfaced-skip docs/adr/0083-architecture-grill-round-82-anysearch-mcp-migration.md:44 single-segment POSIX root "/session-id" — surfaced-skip (cannot determine; not blocking)
[info] path-lint surfaced-skip docs/adr/0083-architecture-grill-round-82-anysearch-mcp-migration.md:65 single-segment POSIX root "/R2" — surfaced-skip (cannot determine; not blocking)
[info] path-lint surfaced-skip docs/adr/0083-architecture-grill-round-82-anysearch-mcp-migration.md:65 single-segment POSIX root "/TE1" — surfaced-skip (cannot determine; not blocking)
[info] path-lint surfaced-skip docs/adr/0086-architecture-grill-round-85-delta-rerun-prereg-readout-nogo.md:27 single-segment POSIX root "/peek" — surfaced-skip (cannot determine; not blocking)
[info] path-lint surfaced-skip docs/adr/0086-architecture-grill-round-85-delta-rerun-prereg-readout-nogo.md:29 single-segment POSIX root "/all-pass" — surfaced-skip (cannot determine; not blocking)
[info] path-lint surfaced-skip docs/adr/0086-architecture-grill-round-85-delta-rerun-prereg-readout-nogo.md:37 single-segment POSIX root "/isVerticalEntry" — surfaced-skip (cannot determine; not blocking)
[info] path-lint surfaced-skip docs/adr/0087-architecture-grill-round-86-green-gate-ship.md:19 single-segment POSIX root "/classifyProviderError" — surfaced-skip (cannot determine; not blocking)
[info] path-lint surfaced-skip docs/adr/0087-architecture-grill-round-86-green-gate-ship.md:23 single-segment POSIX root "/mcp" — surfaced-skip (cannot determine; not blocking)
[info] path-lint surfaced-skip docs/adr/0088-architecture-grill-round-87-release-closeout-ship.md:37 single-segment POSIX root "/mcp" — surfaced-skip (cannot determine; not blocking)
[info] path-lint surfaced-skip docs/adr/0090-architecture-grill-round-89-dsh-upstream-line.md:22 single-segment POSIX root "/web" — surfaced-skip (cannot determine; not blocking)
[info] path-lint surfaced-skip docs/adr/0091-architecture-grill-round-90-dsh-native-tool-plane.md:21 single-segment POSIX root "/mcp" — surfaced-skip (cannot determine; not blocking)
[info] path-lint surfaced-skip docs/adr/0091-architecture-grill-round-90-dsh-native-tool-plane.md:23 single-segment POSIX root "/mcp" — surfaced-skip (cannot determine; not blocking)
[info] path-lint surfaced-skip docs/adr/0092-architecture-grill-round-91-dsh-l3-smoke-closeout.md:31 single-segment POSIX root "/mcp" — surfaced-skip (cannot determine; not blocking)
[info] path-lint surfaced-skip docs/adr/0092-architecture-grill-round-91-dsh-l3-smoke-closeout.md:150 single-segment POSIX root "/dsh" — surfaced-skip (cannot determine; not blocking)
[info] path-lint surfaced-skip docs/adr/0092-architecture-grill-round-91-dsh-l3-smoke-closeout.md:155 single-segment POSIX root "/id" — surfaced-skip (cannot determine; not blocking)
[info] path-lint surfaced-skip docs/adr/0092-architecture-grill-round-91-dsh-l3-smoke-closeout.md:155 single-segment POSIX root "/id" — surfaced-skip (cannot determine; not blocking)
[info] path-lint surfaced-skip docs/adr/0093-architecture-grill-round-92-featherless-t2-smoke-closeout.md:34 single-segment POSIX root "/mcp" — surfaced-skip (cannot determine; not blocking)
[info] path-lint surfaced-skip docs/adr/0093-architecture-grill-round-92-featherless-t2-smoke-closeout.md:121 single-segment POSIX root "/dsh" — surfaced-skip (cannot determine; not blocking)
[info] path-lint surfaced-skip docs/agents/audit-checklist.md:98 single-segment POSIX root "/rrfArmImpact" — surfaced-skip (cannot determine; not blocking)
[info] path-lint surfaced-skip docs/agents/audit-checklist.md:128 single-segment POSIX root "/JSON" — surfaced-skip (cannot determine; not blocking)
[info] path-lint surfaced-skip docs/agents/audit-checklist.md:140 single-segment POSIX root "/Acceptance" — surfaced-skip (cannot determine; not blocking)
[info] path-lint surfaced-skip docs/agents/audit-checklist.md:140 single-segment POSIX root "/Research" — surfaced-skip (cannot determine; not blocking)
[info] path-lint surfaced-skip docs/agents/audit-checklist.md:164 single-segment POSIX root "/Impl" — surfaced-skip (cannot determine; not blocking)
[info] path-lint surfaced-skip docs/agents/audit-checklist.md:164 single-segment POSIX root "/Acceptance" — surfaced-skip (cannot determine; not blocking)
[info] path-lint surfaced-skip docs/agents/audit-checklist.md:164 single-segment POSIX root "/Research" — surfaced-skip (cannot determine; not blocking)
[info] path-lint surfaced-skip docs/agents/audit-checklist.md:189 single-segment POSIX root "/Acceptance" — surfaced-skip (cannot determine; not blocking)
[info] path-lint surfaced-skip docs/agents/audit-checklist.md:205 single-segment POSIX root "/t2-fail" — surfaced-skip (cannot determine; not blocking)
[info] path-lint surfaced-skip docs/agents/audit-checklist.md:205 single-segment POSIX root "/t3-fail" — surfaced-skip (cannot determine; not blocking)
[info] path-lint surfaced-skip docs/agents/audit-checklist.md:241 single-segment POSIX root "/fingerprint" — surfaced-skip (cannot determine; not blocking)
[info] path-lint surfaced-skip docs/agents/audit-checklist.md:263 single-segment POSIX root "/CAS" — surfaced-skip (cannot determine; not blocking)
[info] path-lint surfaced-skip docs/agents/domain.md:26 single-segment POSIX root "/domain-modeling" — surfaced-skip (cannot determine; not blocking)
[info] path-lint surfaced-skip docs/agents/domain.md:26 single-segment POSIX root "/grill-with-docs" — surfaced-skip (cannot determine; not blocking)
[info] path-lint surfaced-skip docs/agents/domain.md:26 single-segment POSIX root "/improve-codebase-architecture" — surfaced-skip (cannot determine; not blocking)
[info] path-lint surfaced-skip docs/agents/domain.md:30 single-segment POSIX root "/domain-modeling" — surfaced-skip (cannot determine; not blocking)
[info] path-lint surfaced-skip docs/agents/issue-tracker.md:8 single-segment POSIX root "/spec.md" — surfaced-skip (cannot determine; not blocking)
[info] path-lint surfaced-skip docs/agents/issue-tracker.md:24 single-segment POSIX root "/spec.md" — surfaced-skip (cannot determine; not blocking)
[info] path-lint surfaced-skip docs/antigravity-integration.md:66 single-segment POSIX root "/preheat" — surfaced-skip (cannot determine; not blocking)
[info] path-lint surfaced-skip docs/antigravity-integration.md:66 single-segment POSIX root "/recall" — surfaced-skip (cannot determine; not blocking)
[info] path-lint surfaced-skip docs/antigravity-integration.md:66 single-segment POSIX root "/index" — surfaced-skip (cannot determine; not blocking)
[info] path-lint surfaced-skip docs/antigravity-integration.md:66 single-segment POSIX root "/policy" — surfaced-skip (cannot determine; not blocking)
[info] path-lint surfaced-skip docs/antigravity-integration.md:125 single-segment POSIX root "/index" — surfaced-skip (cannot determine; not blocking)
[info] path-lint surfaced-skip docs/antigravity-integration.md:133 single-segment POSIX root "/anysearch-pending.jsonl" — surfaced-skip (cannot determine; not blocking)
[info] path-lint surfaced-skip docs/antigravity-integration.md:155 single-segment POSIX root "/index" — surfaced-skip (cannot determine; not blocking)
[info] path-lint surfaced-skip docs/claude-integration.md:23 single-segment POSIX root "/index" — surfaced-skip (cannot determine; not blocking)
[info] path-lint surfaced-skip docs/claude-integration.md:99 single-segment POSIX root "/index" — surfaced-skip (cannot determine; not blocking)
[info] path-lint surfaced-skip docs/codebuddy-integration.md:32 single-segment POSIX root "/models" — surfaced-skip (cannot determine; not blocking)
[info] path-lint surfaced-skip docs/codebuddy-integration.md:95 single-segment POSIX root "/index" — surfaced-skip (cannot determine; not blocking)
[info] path-lint surfaced-skip docs/codex-integration.md:41 single-segment POSIX root "/index" — surfaced-skip (cannot determine; not blocking)
[info] path-lint surfaced-skip docs/codex-integration.md:67 single-segment POSIX root "/preheat" — surfaced-skip (cannot determine; not blocking)
[info] path-lint surfaced-skip docs/codex-integration.md:67 single-segment POSIX root "/recall" — surfaced-skip (cannot determine; not blocking)
[info] path-lint surfaced-skip docs/codex-integration.md:67 single-segment POSIX root "/index" — surfaced-skip (cannot determine; not blocking)
[info] path-lint surfaced-skip docs/codex-integration.md:67 single-segment POSIX root "/policy" — surfaced-skip (cannot determine; not blocking)
[info] path-lint surfaced-skip docs/codex-integration.md:123 single-segment POSIX root "/index" — surfaced-skip (cannot determine; not blocking)
[info] path-lint surfaced-skip docs/deepseek-harness-integration.md:28 single-segment POSIX root "/cordis.patch.yml" — surfaced-skip (cannot determine; not blocking)
[info] path-lint surfaced-skip docs/deepseek-harness-integration.md:92 single-segment POSIX root "/index" — surfaced-skip (cannot determine; not blocking)
[info] path-lint surfaced-skip docs/deepseek-harness-integration.md:95 single-segment POSIX root "/policy" — surfaced-skip (cannot determine; not blocking)
[info] path-lint surfaced-skip docs/deepseek-harness-integration.md:95 single-segment POSIX root "/recall" — surfaced-skip (cannot determine; not blocking)
[info] path-lint surfaced-skip docs/deepseek-harness-integration.md:95 single-segment POSIX root "/index" — surfaced-skip (cannot determine; not blocking)
[info] path-lint surfaced-skip docs/deepseek-harness-integration.md:99 single-segment POSIX root "/mcp" — surfaced-skip (cannot determine; not blocking)
[info] path-lint surfaced-skip docs/deepseek-harness-integration.md:141 single-segment POSIX root "/index" — surfaced-skip (cannot determine; not blocking)
[info] path-lint surfaced-skip docs/limitations.md:7 single-segment POSIX root "/hooks.json" — surfaced-skip (cannot determine; not blocking)
[info] path-lint surfaced-skip docs/limitations.md:49 single-segment POSIX root "/injectSteps" — surfaced-skip (cannot determine; not blocking)
[info] path-lint surfaced-skip docs/limitations.md:52 single-segment POSIX root "/index" — surfaced-skip (cannot determine; not blocking)
[info] path-lint surfaced-skip docs/limitations.md:56 single-segment POSIX root "/index" — surfaced-skip (cannot determine; not blocking)
[info] path-lint surfaced-skip docs/limitations.md:99 single-segment POSIX root "/research" — surfaced-skip (cannot determine; not blocking)
[info] path-lint surfaced-skip docs/per-platform-verification.md:52 single-segment POSIX root "/health" — surfaced-skip (cannot determine; not blocking)
[pass] path-lint: 558 registered doc(s) clean (in-repo refs repo-relative; machine-local paths declared)
[info] step 2/9: validate domains/*.toml compaction guards
(node:18328) [DEP0190] DeprecationWarning: Passing args to a child process with shell option true can lead to security vulnerabilities, as the arguments are not escaped, only concatenated.
(Use `node --trace-deprecation ...` to show where the warning was created)
[pass] default.toml OK
[pass] docs.toml OK
[pass] research.toml OK
[pass] validate-domains green (3 file(s))
[pass] domains/*.toml compaction guards green
[info] step 3/9: turbo check / test / build
• turbo 2.10.11

   • Packages in scope: @anysearch-cli/cli, @anysearch-cli/dsh-plugin, @anysearch-cli/embedding, @anysearch-cli/kernel, @anysearch-cli/mcp, @anysearch-cli/plugin, @anysearch-cli/retriever, @anysearch-cli/store
   • Running check in 8 packages
   • Remote caching disabled

@anysearch-cli/dsh-plugin:check: cache hit, replaying logs 3c66e29809734542
@anysearch-cli/mcp:check: cache hit, replaying logs bbba2f706218a2f3
@anysearch-cli/embedding:check: cache hit, replaying logs 88dcc207224f4bda
@anysearch-cli/dsh-plugin:check: $ tsc --noEmit
@anysearch-cli/kernel:check: cache hit, replaying logs f56519c9b7a3828d
@anysearch-cli/mcp:check: $ tsc --noEmit
@anysearch-cli/mcp:check: __CM_FS__:19721446
@anysearch-cli/dsh-plugin:check: __CM_FS__:11274692
@anysearch-cli/dsh-plugin:check: __CM_FS__:13773645
@anysearch-cli/mcp:check: __CM_FS__:13773645
@anysearch-cli/embedding:check: $ tsc --noEmit
@anysearch-cli/embedding:check: __CM_FS__:11212499
@anysearch-cli/embedding:check: __CM_FS__:13773645
@anysearch-cli/kernel:check: $ tsc --noEmit
@anysearch-cli/kernel:check: __CM_FS__:19391391
@anysearch-cli/kernel:check: __CM_FS__:13773645
@anysearch-cli/cli:check: cache hit, replaying logs f1680db0f4864945
@anysearch-cli/cli:check: $ tsc --noEmit
@anysearch-cli/cli:check: __CM_FS__:17525875
@anysearch-cli/cli:check: __CM_FS__:13773645
@anysearch-cli/retriever:check: cache hit, replaying logs e099b19dea9f5c27
@anysearch-cli/plugin:check: cache hit, replaying logs f912de0c46b6b242
@anysearch-cli/store:check: cache hit, replaying logs ddca3132689904f1
@anysearch-cli/retriever:check: $ tsc --noEmit
@anysearch-cli/retriever:check: __CM_FS__:11362911
@anysearch-cli/retriever:check: __CM_FS__:13773645
@anysearch-cli/store:check: $ tsc --noEmit
@anysearch-cli/store:check: __CM_FS__:12654776
@anysearch-cli/plugin:check: $ tsc --noEmit
@anysearch-cli/plugin:check: __CM_FS__:11893697
@anysearch-cli/store:check: __CM_FS__:13773645
@anysearch-cli/plugin:check: __CM_FS__:13773645

 Tasks:    8 successful, 8 total
Cached:    8 cached, 8 total
  Time:    47ms >>> FULL TURBO

[pass] turbo run check
• turbo 2.10.11

   • Packages in scope: @anysearch-cli/cli, @anysearch-cli/dsh-plugin, @anysearch-cli/embedding, @anysearch-cli/kernel, @anysearch-cli/mcp, @anysearch-cli/plugin, @anysearch-cli/retriever, @anysearch-cli/store
   • Running test in 8 packages
   • Remote caching disabled

@anysearch-cli/retriever:test: cache bypass, force executing a843ed33739b5777
@anysearch-cli/embedding:build: cache hit, replaying logs 13cdc5c00201d6bc
@anysearch-cli/embedding:build: $ tsup
@anysearch-cli/embedding:build: CLI Building entry: src/index.ts
@anysearch-cli/embedding:build: CLI Using tsconfig: tsconfig.json
@anysearch-cli/embedding:build: CLI tsup v8.5.1
@anysearch-cli/embedding:build: CLI Using tsup config: D:\Aworker\anysearch-cli\packages\embedding\tsup.config.ts
@anysearch-cli/embedding:build: CLI Target: es2022
@anysearch-cli/embedding:build: CLI Cleaning output folder
@anysearch-cli/embedding:build: ESM Build start
@anysearch-cli/embedding:build: ESM dist\index.js 3.04 KB
@anysearch-cli/embedding:build: ESM ⚡️ Build success in 23ms
@anysearch-cli/embedding:build: DTS Build start
@anysearch-cli/embedding:build: DTS ⚡️ Build success in 2682ms
@anysearch-cli/embedding:build: DTS dist\index.d.ts 868.00 B
@anysearch-cli/embedding:build: __CM_FS__:10605538
@anysearch-cli/embedding:build: __CM_FS__:13773645
@anysearch-cli/embedding:test: cache bypass, force executing 6188d211b604571b
@anysearch-cli/plugin:build: cache hit, replaying logs 116b545f54bb540d
@anysearch-cli/plugin:build: $ pnpm run gen:configs && pnpm run build:server && pnpm run build:hooks
@anysearch-cli/plugin:build: $ node scripts/gen-claude-configs.mjs
@anysearch-cli/plugin:build: wrote configs/claude/hooks.json
@anysearch-cli/plugin:build: wrote configs/codex/hooks.json
@anysearch-cli/plugin:build: wrote hooks/hooks.json
@anysearch-cli/plugin:build: wrote .claude-plugin/plugin.json
@anysearch-cli/plugin:build: wrote .mcp.json
@anysearch-cli/plugin:build: __CM_FS__:9134
@anysearch-cli/plugin:build: __CM_FS__:13773645
@anysearch-cli/plugin:build: $ tsup
@anysearch-cli/plugin:build: CLI Building entry: src/index.ts, src/server/index.ts
@anysearch-cli/plugin:build: CLI Using tsconfig: tsconfig.json
@anysearch-cli/plugin:build: CLI tsup v8.5.1
@anysearch-cli/plugin:build: CLI Using tsup config: D:\Aworker\anysearch-cli\apps\plugin\tsup.config.ts
@anysearch-cli/plugin:build: CLI Target: es2022
@anysearch-cli/plugin:build: CLI Cleaning output folder
@anysearch-cli/plugin:build: CJS Build start
@anysearch-cli/plugin:build: 
@anysearch-cli/plugin:build:  WARN  [33m▲ [43;33m[[43;30mWARNING[43;33m][0m [1m"import.meta" is not available with the "cjs" output format and will be empty[0m [empty-import-meta]
@anysearch-cli/plugin:build: 
@anysearch-cli/plugin:build:     ../../packages/store/src/eval/bgnbd.ts:95:73:
@anysearch-cli/plugin:build: [37m      95 │ ...oin(dirname(fileURLToPath([32mimport.meta[37m.url)), "..", "..", "..", ...
@anysearch-cli/plugin:build:          ╵                              [32m~~~~~~~~~~~[0m
@anysearch-cli/plugin:build: 
@anysearch-cli/plugin:build:   You need to set the output format to "esm" for "import.meta" to work correctly.
@anysearch-cli/plugin:build: 
@anysearch-cli/plugin:build: 
@anysearch-cli/plugin:build: 
@anysearch-cli/plugin:build: 
@anysearch-cli/plugin:build:  WARN  [33m▲ [43;33m[[43;30mWARNING[43;33m][0m [1m"import.meta" is not available with the "cjs" output format and will be empty[0m [empty-import-meta]
@anysearch-cli/plugin:build: 
@anysearch-cli/plugin:build:     ../../packages/store/src/eval/obs-fixtures.ts:19:66:
@anysearch-cli/plugin:build: [37m      19 │ ...oin(dirname(fileURLToPath([32mimport.meta[37m.url)), "..", "..", "fixtu...
@anysearch-cli/plugin:build:          ╵                              [32m~~~~~~~~~~~[0m
@anysearch-cli/plugin:build: 
@anysearch-cli/plugin:build:   You need to set the output format to "esm" for "import.meta" to work correctly.
@anysearch-cli/plugin:build: 
@anysearch-cli/plugin:build: 
@anysearch-cli/plugin:build: 
@anysearch-cli/plugin:build: 
@anysearch-cli/plugin:build:  WARN  [33m▲ [43;33m[[43;30mWARNING[43;33m][0m [1m"import.meta" is not available with the "cjs" output format and will be empty[0m [empty-import-meta]
@anysearch-cli/plugin:build: 
@anysearch-cli/plugin:build:     ../../packages/store/src/eval/switch-run.ts:30:36:
@anysearch-cli/plugin:build: [37m      30 │ ...oin(dirname(fileURLToPath([32mimport.meta[37m.url)), "..", "..", "fixtu...
@anysearch-cli/plugin:build:          ╵                              [32m~~~~~~~~~~~[0m
@anysearch-cli/plugin:build: 
@anysearch-cli/plugin:build:   You need to set the output format to "esm" for "import.meta" to work correctly.
@anysearch-cli/plugin:build: 
@anysearch-cli/plugin:build: 
@anysearch-cli/plugin:build: 
@anysearch-cli/plugin:build: CJS dist\index.cjs        151.46 KB
@anysearch-cli/plugin:build: CJS dist\server\index.cjs 333.40 KB
@anysearch-cli/plugin:build: CJS ⚡️ Build success in 3572ms
@anysearch-cli/plugin:build: __CM_FS__:10611671
@anysearch-cli/plugin:build: __CM_FS__:13773645
@anysearch-cli/plugin:build: $ esbuild src/hooks/core.ts src/hooks/distill.ts src/hooks/preheat.ts src/hooks/session-start.ts src/hooks/routing-card.ts src/hooks/server-token.ts src/hooks/adapters/claude.ts src/hooks/adapters/cursor.ts src/hooks/adapters/codex.ts src/hooks/adapters/antigravity.ts src/hooks/adapters/codebuddy.ts --bundle --platform=node --format=cjs --outdir=dist/hooks --outbase=src/hooks --out-extension:.js=.cjs --banner:js="#!/usr/bin/env node" --external:better-sqlite3 --external:@anysearch-cli/embedding
@anysearch-cli/plugin:build: 
@anysearch-cli/plugin:build:   dist\hooks\adapters\antigravity.cjs  13.8kb
@anysearch-cli/plugin:build:   dist\hooks\adapters\cursor.cjs       11.9kb
@anysearch-cli/plugin:build:   dist\hooks\adapters\codebuddy.cjs    11.6kb
@anysearch-cli/plugin:build:   dist\hooks\adapters\claude.cjs       10.5kb
@anysearch-cli/plugin:build:   dist\hooks\adapters\codex.cjs        10.3kb
@anysearch-cli/plugin:build:   ...and 6 more output files...
@anysearch-cli/plugin:build: 
@anysearch-cli/plugin:build: Done in 280ms
@anysearch-cli/plugin:build: __CM_FS__:9248
@anysearch-cli/plugin:build: __CM_FS__:13773645
@anysearch-cli/plugin:build: __CM_FS__:13773645
@anysearch-cli/cli:build: cache hit, replaying logs 1ff8dcde42d85d39
@anysearch-cli/mcp:build: cache hit, replaying logs b0b47248de385f07
@anysearch-cli/cli:build: $ node scripts/sync-domains.mjs && tsup && node scripts/stamp-dist.mjs
@anysearch-cli/cli:build: sync-domains: 3 toml(s) -> D:\Aworker\anysearch-cli\apps\cli\domains
@anysearch-cli/dsh-plugin:build: cache hit, replaying logs 90d590580fe496d9
@anysearch-cli/cli:build: __CM_FS__:849
@anysearch-cli/cli:build: CLI Building entry: src/index.ts
@anysearch-cli/cli:build: CLI Using tsconfig: tsconfig.json
@anysearch-cli/cli:build: CLI tsup v8.5.1
@anysearch-cli/cli:build: CLI Using tsup config: D:\Aworker\anysearch-cli\apps\cli\tsup.config.ts
@anysearch-cli/mcp:build: $ node scripts/sync-domains.mjs && tsup
@anysearch-cli/cli:build: CLI Target: es2022
@anysearch-cli/mcp:build: sync-domains: 3 toml(s) -> D:\Aworker\anysearch-cli\apps\mcp\domains
@anysearch-cli/cli:build: CJS Build start
@anysearch-cli/cli:build: DTS Build start
@anysearch-cli/cli:build: 
@anysearch-cli/mcp:build: __CM_FS__:900
@anysearch-cli/dsh-plugin:build: $ esbuild src/index.ts --bundle --platform=node --format=esm --outfile=lib/index.js --external:@deepseek-ai/* --banner:js="import{createRequire}from'node:module';const require=createRequire(import.meta.url);" && tsc -p tsconfig.build.json --declaration --emitDeclarationOnly --noEmit false --outDir lib --rootDir src
@anysearch-cli/cli:build:  WARN  [33m▲ [43;33m[[43;30mWARNING[43;33m][0m [1m"import.meta" is not available with the "cjs" output format and will be empty[0m [empty-import-meta]
@anysearch-cli/mcp:build: CLI Building entry: src/index.ts
@anysearch-cli/dsh-plugin:build: 
@anysearch-cli/cli:build: 
@anysearch-cli/mcp:build: CLI Using tsconfig: tsconfig.json
@anysearch-cli/mcp:build: CLI tsup v8.5.1
@anysearch-cli/mcp:build: CLI Using tsup config: D:\Aworker\anysearch-cli\apps\mcp\tsup.config.ts
@anysearch-cli/mcp:build: CLI Target: es2022
@anysearch-cli/cli:build:     src/db.ts:18:84:
@anysearch-cli/dsh-plugin:build:   lib\index.js  148.7kb
@anysearch-cli/mcp:build: CLI Cleaning output folder
@anysearch-cli/cli:build: [37m      18 │ ..."undefined" ? __dirname : dirname(fileURLToPath([32mimport.meta[37m.url));
@anysearch-cli/dsh-plugin:build: 
@anysearch-cli/dsh-plugin:build: Done in 260ms
@anysearch-cli/dsh-plugin:build: __CM_FS__:9248
@anysearch-cli/dsh-plugin:build: __CM_FS__:11252774
@anysearch-cli/dsh-plugin:build: __CM_FS__:13773645
@anysearch-cli/mcp:build: CJS Build start
@anysearch-cli/cli:build:          ╵                                                    [32m~~~~~~~~~~~[0m
@anysearch-cli/mcp:build: DTS Build start
@anysearch-cli/mcp:build: 
@anysearch-cli/cli:build: 
@anysearch-cli/mcp:build:  WARN  [33m▲ [43;33m[[43;30mWARNING[43;33m][0m [1m"import.meta" is not available with the "cjs" output format and will be empty[0m [empty-import-meta]
@anysearch-cli/mcp:build: 
@anysearch-cli/cli:build:   You need to set the output format to "esm" for "import.meta" to work correctly.
@anysearch-cli/mcp:build:     src/server.ts:43:86:
@anysearch-cli/cli:build: 
@anysearch-cli/cli:build: 
@anysearch-cli/mcp:build: [37m      43 │ ..."undefined" ? __dirname : dirname(fileURLToPath([32mimport.meta[37m.url));
@anysearch-cli/cli:build: 
@anysearch-cli/mcp:build:          ╵                                                    [32m~~~~~~~~~~~[0m
@anysearch-cli/cli:build: 
@anysearch-cli/mcp:build: 
@anysearch-cli/cli:build:  WARN  [33m▲ [43;33m[[43;30mWARNING[43;33m][0m [1m"import.meta" is not available with the "cjs" output format and will be empty[0m [empty-import-meta]
@anysearch-cli/mcp:build:   You need to set the output format to "esm" for "import.meta" to work correctly.
@anysearch-cli/cli:build: 
@anysearch-cli/cli:build:     ../../packages/store/src/eval/bgnbd.ts:95:73:
@anysearch-cli/mcp:build: 
@anysearch-cli/mcp:build: 
@anysearch-cli/cli:build: [37m      95 │ ...oin(dirname(fileURLToPath([32mimport.meta[37m.url)), "..", "..", "..", ...
@anysearch-cli/mcp:build: 
@anysearch-cli/cli:build:          ╵                              [32m~~~~~~~~~~~[0m
@anysearch-cli/mcp:build: 
@anysearch-cli/cli:build: 
@anysearch-cli/cli:build:   You need to set the output format to "esm" for "import.meta" to work correctly.
@anysearch-cli/mcp:build:  WARN  [33m▲ [43;33m[[43;30mWARNING[43;33m][0m [1m"import.meta" is not available with the "cjs" output format and will be empty[0m [empty-import-meta]
@anysearch-cli/cli:build: 
@anysearch-cli/mcp:build: 
@anysearch-cli/cli:build: 
@anysearch-cli/mcp:build:     ../../packages/store/src/eval/bgnbd.ts:95:73:
@anysearch-cli/cli:build: 
@anysearch-cli/cli:build: 
@anysearch-cli/mcp:build: [37m      95 │ ...oin(dirname(fileURLToPath([32mimport.meta[37m.url)), "..", "..", "..", ...
@anysearch-cli/cli:build:  WARN  [33m▲ [43;33m[[43;30mWARNING[43;33m][0m [1m"import.meta" is not available with the "cjs" output format and will be empty[0m [empty-import-meta]
@anysearch-cli/mcp:build:          ╵                              [32m~~~~~~~~~~~[0m
@anysearch-cli/cli:build: 
@anysearch-cli/mcp:build: 
@anysearch-cli/cli:build:     ../../packages/store/src/eval/obs-fixtures.ts:19:66:
@anysearch-cli/mcp:build:   You need to set the output format to "esm" for "import.meta" to work correctly.
@anysearch-cli/cli:build: [37m      19 │ ...oin(dirname(fileURLToPath([32mimport.meta[37m.url)), "..", "..", "fixtu...
@anysearch-cli/mcp:build: 
@anysearch-cli/mcp:build: 
@anysearch-cli/cli:build:          ╵                              [32m~~~~~~~~~~~[0m
@anysearch-cli/mcp:build: 
@anysearch-cli/mcp:build: 
@anysearch-cli/cli:build: 
@anysearch-cli/mcp:build:  WARN  [33m▲ [43;33m[[43;30mWARNING[43;33m][0m [1m"import.meta" is not available with the "cjs" output format and will be empty[0m [empty-import-meta]
@anysearch-cli/cli:build:   You need to set the output format to "esm" for "import.meta" to work correctly.
@anysearch-cli/mcp:build: 
@anysearch-cli/mcp:build:     ../../packages/store/src/eval/obs-fixtures.ts:19:66:
@anysearch-cli/cli:build: 
@anysearch-cli/mcp:build: [37m      19 │ ...oin(dirname(fileURLToPath([32mimport.meta[37m.url)), "..", "..", "fixtu...
@anysearch-cli/cli:build: 
@anysearch-cli/mcp:build:          ╵                              [32m~~~~~~~~~~~[0m
@anysearch-cli/cli:build: 
@anysearch-cli/cli:build: 
@anysearch-cli/mcp:build: 
@anysearch-cli/cli:build:  WARN  [33m▲ [43;33m[[43;30mWARNING[43;33m][0m [1m"import.meta" is not available with the "cjs" output format and will be empty[0m [empty-import-meta]
@anysearch-cli/mcp:build:   You need to set the output format to "esm" for "import.meta" to work correctly.
@anysearch-cli/cli:build: 
@anysearch-cli/mcp:build: 
@anysearch-cli/cli:build:     ../../packages/store/src/eval/switch-run.ts:30:36:
@anysearch-cli/mcp:build: 
@anysearch-cli/cli:build: [37m      30 │ ...oin(dirname(fileURLToPath([32mimport.meta[37m.url)), "..", "..", "fixtu...
@anysearch-cli/mcp:build: 
@anysearch-cli/cli:build:          ╵                              [32m~~~~~~~~~~~[0m
@anysearch-cli/mcp:build: 
@anysearch-cli/cli:build: 
@anysearch-cli/mcp:build:  WARN  [33m▲ [43;33m[[43;30mWARNING[43;33m][0m [1m"import.meta" is not available with the "cjs" output format and will be empty[0m [empty-import-meta]
@anysearch-cli/cli:build:   You need to set the output format to "esm" for "import.meta" to work correctly.
@anysearch-cli/mcp:build: 
@anysearch-cli/mcp:build:     ../../packages/store/src/eval/switch-run.ts:30:36:
@anysearch-cli/cli:build: 
@anysearch-cli/mcp:build: [37m      30 │ ...oin(dirname(fileURLToPath([32mimport.meta[37m.url)), "..", "..", "fixtu...
@anysearch-cli/cli:build: 
@anysearch-cli/mcp:build:          ╵                              [32m~~~~~~~~~~~[0m
@anysearch-cli/cli:build: 
@anysearch-cli/mcp:build: 
@anysearch-cli/cli:build: CJS dist\index.js 10.69 MB
@anysearch-cli/mcp:build:   You need to set the output format to "esm" for "import.meta" to work correctly.
@anysearch-cli/cli:build: CJS ⚡️ Build success in 9574ms
@anysearch-cli/mcp:build: 
@anysearch-cli/mcp:build: 
@anysearch-cli/cli:build: DTS ⚡️ Build success in 24862ms
@anysearch-cli/mcp:build: 
@anysearch-cli/cli:build: DTS dist\index.d.ts 20.00 B
@anysearch-cli/mcp:build: CJS dist\index.cjs 10.64 MB
@anysearch-cli/mcp:build: CJS ⚡️ Build success in 9682ms
@anysearch-cli/cli:build: __CM_FS__:10609480
@anysearch-cli/cli:build: [stamp-dist] .build-stamp.json commit=788018bd dirty=false
@anysearch-cli/mcp:build: DTS ⚡️ Build success in 24557ms
@anysearch-cli/cli:build: __CM_FS__:1113
@anysearch-cli/mcp:build: DTS dist\index.d.cts 20.00 B
@anysearch-cli/cli:build: __CM_FS__:13773645
@anysearch-cli/mcp:build: __CM_FS__:10611089
@anysearch-cli/mcp:build: __CM_FS__:13773645
@anysearch-cli/retriever:test: $ node --import tsx --test "test/**/*.test.ts" "test/**/*.test.mjs" --test-timeout=30000
@anysearch-cli/embedding:test: $ node --import tsx --test "test/**/*.test.ts" "test/**/*.test.mjs" --test-timeout=30000
@anysearch-cli/embedding:test: embedding.test: all assertions passed (stubbed, offline-hermetic)
@anysearch-cli/retriever:test: [anysearch] endpoint ends with /v1/search — REST route is retired (ADR-0082); rewritten to https://api.anysearch.com/mcp
@anysearch-cli/embedding:test: ✔ test\embedding.test.ts (1006.4508ms)
@anysearch-cli/retriever:test: --- AnySearchProvider tests: 55 passed, 0 failed ---
@anysearch-cli/embedding:test: ghost-dep guard (a): 1 src file(s) clean — @huggingface/transformers reachable only via createRequire().require()
@anysearch-cli/embedding:test: ghost-dep guard (a′): 9 violation samples flagged, 5 legal forms clean
@anysearch-cli/embedding:test: ghost-dep guard (b): declared 1.21.0 ≡ effective onnxruntime-node embedded 1.21.0
@anysearch-cli/embedding:test: transformers-ghost-dep.test: all assertions passed
@anysearch-cli/embedding:test: ✔ test\transformers-ghost-dep.test.ts (1008.0306ms)
@anysearch-cli/embedding:test: ℹ tests 2
@anysearch-cli/embedding:test: ℹ suites 0
@anysearch-cli/embedding:test: ℹ pass 2
@anysearch-cli/embedding:test: ℹ fail 0
@anysearch-cli/embedding:test: ℹ cancelled 0
@anysearch-cli/embedding:test: ℹ skipped 0
@anysearch-cli/embedding:test: ℹ todo 0
@anysearch-cli/embedding:test: ℹ duration_ms 1058.2737
@anysearch-cli/retriever:test: ✔ test\anysearch.test.ts (1113.8479ms)
@anysearch-cli/retriever:test: content-trust deny tests: 8 passed, 0 failed
@anysearch-cli/retriever:test: ✔ test\content-trust-deny.test.ts (1858.3169ms)
@anysearch-cli/retriever:test: --- domain-filter adapter tests: 11 passed, 0 failed ---
@anysearch-cli/retriever:test: ✔ test\domain-filter.test.ts (1991.8046ms)
@anysearch-cli/retriever:test: --- ExaProvider mapping tests: 19 passed, 0 failed ---
@anysearch-cli/retriever:test: ✔ test\exa.test.ts (989.1005ms)
@anysearch-cli/retriever:test: fusion-registry tests: 23 passed, 0 failed
@anysearch-cli/retriever:test: ✔ test\fusion-registry.test.ts (1030.5134ms)
@anysearch-cli/retriever:test: --- provider-error-class: 18 passed, 0 failed ---
@anysearch-cli/retriever:test: ✔ test\provider-error-class.test.ts (977.5982ms)
@anysearch-cli/retriever:test: RRF tests: 8 passed, 0 failed
@anysearch-cli/retriever:test: ✔ test\rrf.test.ts (1011.7414ms)
@anysearch-cli/retriever:test: --- TavilyProvider tests: 19 passed, 0 failed ---
@anysearch-cli/retriever:test: ✔ test\tavily.test.ts (1059.7178ms)
@anysearch-cli/retriever:test: ℹ tests 8
@anysearch-cli/retriever:test: ℹ suites 0
@anysearch-cli/retriever:test: ℹ pass 8
@anysearch-cli/retriever:test: ℹ fail 0
@anysearch-cli/retriever:test: ℹ cancelled 0
@anysearch-cli/retriever:test: ℹ skipped 0
@anysearch-cli/retriever:test: ℹ todo 0
@anysearch-cli/retriever:test: ℹ duration_ms 2101.0464
@anysearch-cli/store:test: cache bypass, force executing f3c5fd7823bceea2
@anysearch-cli/store:test: $ node --import tsx --test "test/**/*.test.ts" "test/**/*.test.mjs" --test-concurrency=1 --test-timeout=30000
@anysearch-cli/store:test: access-chain-bootstrap-spawn: 6 passed, 0 failed
@anysearch-cli/store:test: ✔ test\access-chain-bootstrap-spawn.test.ts (2521.7871ms)
@anysearch-cli/store:test: access-chain-golden: 18 passed, 0 failed
@anysearch-cli/store:test: ✔ test\access-chain-golden.test.ts (890.5329ms)
@anysearch-cli/store:test: access-chain-nodb: 7 passed, 0 failed
@anysearch-cli/store:test: ✔ test\access-chain-nodb.test.mjs (1676.3157ms)
@anysearch-cli/store:test: [perf] verify 10000 rows: fixture built in 186ms, verified in 561ms (~17825 rows/s) — report-only, never gated
@anysearch-cli/store:test: [perf] verify 100000 rows: fixture built in 2057ms, verified in 1732ms (~57737 rows/s) — report-only, never gated
@anysearch-cli/store:test: access-chain-schema: 5 passed, 0 failed
@anysearch-cli/store:test: ✔ test\access-chain-schema.test.ts (7967.5919ms)
@anysearch-cli/store:test: access-chain-telemetry: 7 passed, 0 failed
@anysearch-cli/store:test: ✔ test\access-chain-telemetry.test.ts (6476.719ms)
@anysearch-cli/store:test: access-chain-verify: 12 passed, 0 failed
@anysearch-cli/store:test: ✔ test\access-chain-verify.test.ts (8510.0697ms)
@anysearch-cli/store:test: access-count tests: 17 passed, 0 failed
@anysearch-cli/store:test: ✔ test\access-count.test.ts (10313.1975ms)
@anysearch-cli/store:test: adjudication.test.ts: 11 passed, 0 failed
@anysearch-cli/store:test: ✔ test\adjudication.test.ts (10915.3076ms)
@anysearch-cli/store:test: adr-index.test: ok
@anysearch-cli/store:test: ✔ test\adr-index.test.mjs (12669.2737ms)
@anysearch-cli/store:test: attribution-calibration.test: ok
@anysearch-cli/store:test: ✔ test\attribution-calibration.test.ts (2129.6335ms)
@anysearch-cli/store:test: attribution-gold.test: ok
@anysearch-cli/store:test: attribution-gold.test ADR-0051 D4 assertions: ok
@anysearch-cli/store:test: ✔ test\attribution-gold.test.ts (2402.0115ms)
@anysearch-cli/store:test: attribution-instance-report.test: ok
@anysearch-cli/store:test: ✔ test\attribution-instance-report.test.ts (906.4878ms)
@anysearch-cli/store:test: bgnbd-spawn tests: 25 passed, 0 failed
@anysearch-cli/store:test: ✔ test\bgnbd-spawn.test.ts (2355.6094ms)
@anysearch-cli/store:test: --- BudgetLedger tests: 24 passed, 0 failed ---
@anysearch-cli/store:test: ✔ test\budget-ledger.test.ts (1798.8876ms)
@anysearch-cli/store:test: calibration-labels.test: ok
@anysearch-cli/store:test: ✔ test\calibration-labels.test.ts (1643.8818ms)
@anysearch-cli/store:test: closeout-coverage.test: 46 passed, 0 failed
@anysearch-cli/store:test: ✔ test\closeout-coverage.test.mjs (619.7089ms)
@anysearch-cli/store:test: consolidate-forget: all assertions passed
@anysearch-cli/store:test: ✔ test\consolidate-forget.test.ts (2126.411ms)
@anysearch-cli/store:test: day-buckets tests: 30 passed, 0 failed
@anysearch-cli/store:test: ✔ test\day-buckets.test.ts (601.5409ms)
@anysearch-cli/store:test: --- loadDomainByName tests done ---
@anysearch-cli/store:test: --- Domain Loader tests: 32 passed, 0 failed ---
@anysearch-cli/store:test: ✔ test\domain-loader.test.ts (1828.114ms)
@anysearch-cli/store:test: Domain schema tests: 18 passed, 0 failed
@anysearch-cli/store:test: ✔ test\domain-schema.test.ts (1716.5594ms)
@anysearch-cli/store:test: --- embedding-arm tests: 18 passed, 0 failed ---
@anysearch-cli/store:test: ✔ test\embedding-arm.test.ts (33750.1674ms)
@anysearch-cli/store:test: step2 schema idempotent + 9 tables: OK
@anysearch-cli/store:test: step3 rule extraction channels: OK
@anysearch-cli/store:test: step4 LLM backfill fail-open: OK
@anysearch-cli/store:test: step5 three-tier dedup + type gate + reversible merge: OK
@anysearch-cli/store:test: step6 RRF entity arm + step7 telemetry: OK
@anysearch-cli/store:test: step8 r74 audit fixes (E2 alias pass-through / E5 drop unlink + rank): OK
@anysearch-cli/store:test: entity-link.test.ts ALL PASS
@anysearch-cli/store:test: ✔ test\entity-link.test.ts (10137.9281ms)
@anysearch-cli/store:test: step1 combine redirect+snapshot: OK
@anysearch-cli/store:test: step2 unmerge bounded+override: OK
@anysearch-cli/store:test: step3 type gate: OK
@anysearch-cli/store:test: step4a review keep: OK
@anysearch-cli/store:test: step4b review drop: OK
@anysearch-cli/store:test: step5 hit_count escalation: OK
@anysearch-cli/store:test: step6 G4 double-link roundtrip: OK
@anysearch-cli/store:test: step8 G1 override no-auto-remerge: OK
@anysearch-cli/store:test: step7 G2/G3 guard branches: OK
@anysearch-cli/store:test: entity-merge.test.ts: all steps OK
@anysearch-cli/store:test: ✔ test\entity-merge.test.ts (9250.3616ms)
@anysearch-cli/store:test: eval-abstain: 13 passed, 0 failed
@anysearch-cli/store:test: ✔ test\eval-abstain.test.ts (74017.8002ms)
@anysearch-cli/store:test: timeout self-check exit=124 stderr has TIMEOUT: ok
@anysearch-cli/store:test: invalid EVAL_TIMEOUT_MS -> exit 2: ok
@anysearch-cli/store:test: degenerate all-same-label cohort -> exit 1 fail: ok
@anysearch-cli/store:test: eval-calibrate tests ok; timeout exit=124
@anysearch-cli/store:test: ✔ test\eval-calibrate.test.mjs (7302.784ms)
@anysearch-cli/store:test: eval-docs-golden.test.ts: 113 passed, 0 failed
@anysearch-cli/store:test: ✔ test\eval-docs-golden.test.ts (2305.3029ms)
@anysearch-cli/store:test: eval-gate.test.ts: 23 passed, 0 failed
@anysearch-cli/store:test: ✔ test\eval-gate.test.ts (81574.5047ms)
@anysearch-cli/store:test:   H0 FWER sim: 18/600 = 0.0300 (track alpha 0.025)
@anysearch-cli/store:test: eval-holdout-gate.test.ts: 31 passed, 0 failed
@anysearch-cli/store:test: ✔ test\eval-holdout-gate.test.ts (8662.3743ms)
@anysearch-cli/store:test: eval-judge.test.mjs: 5 passed, 0 failed
@anysearch-cli/store:test: ✔ test\eval-judge.test.mjs (1475.4215ms)
@anysearch-cli/store:test: eval-labels.integration.test: ok
@anysearch-cli/store:test: ✔ test\eval-labels.integration.test.mjs (120899.8653ms)
@anysearch-cli/store:test: eval-looks-live-parity: 24 passed, 0 failed
@anysearch-cli/store:test: ✔ test\eval-looks-live-parity.test.ts (986.594ms)
@anysearch-cli/store:test: eval-mutation.test.ts: 6 passed, 0 failed
@anysearch-cli/store:test: ✔ test\eval-mutation.test.ts (30455.5899ms)
@anysearch-cli/store:test: eval-override.test.ts: 13 passed, 0 failed
@anysearch-cli/store:test: ✔ test\eval-override.test.ts (1330.309ms)
@anysearch-cli/store:test: eval-quarantine-ratchet.test: 12 passed, 0 failed
@anysearch-cli/store:test: ✔ test\eval-quarantine-ratchet.test.mjs (1263.2747ms)
@anysearch-cli/store:test: eval-quarantine-sla.test.ts: 2 passed, 0 failed
@anysearch-cli/store:test: ✔ test\eval-quarantine-sla.test.ts (1162.7454ms)
@anysearch-cli/store:test: eval-quarantine.test.ts: 24 passed, 0 failed
@anysearch-cli/store:test: ✔ test\eval-quarantine.test.ts (1226.635ms)
@anysearch-cli/store:test: eval-relation-gain.test.ts: 21 passed, 0 failed
@anysearch-cli/store:test: ✔ test\eval-relation-gain.test.ts (33996.4195ms)
@anysearch-cli/store:test: eval-release-layering.test.ts: 20 passed, 0 failed
@anysearch-cli/store:test: ✔ test\eval-release-layering.test.ts (1686.9067ms)
@anysearch-cli/store:test: eval-runner.test.ts: 23 passed, 0 failed
@anysearch-cli/store:test: ✔ test\eval-runner.test.ts (81904.2286ms)
@anysearch-cli/store:test: eval-ship-gate-integrity.test: 7 passed, 0 failed
@anysearch-cli/store:test: ✔ test\eval-ship-gate-integrity.test.mjs (2839.413ms)
@anysearch-cli/store:test: eval-ship-gate-override.test.ts: 14 passed, 0 failed
@anysearch-cli/store:test: ✔ test\eval-ship-gate-override.test.ts (21430.8407ms)
@anysearch-cli/store:test: eval-skip tests: 38 passed, 0 failed
@anysearch-cli/store:test: ✔ test\eval-skip.test.ts (2703.5691ms)
@anysearch-cli/store:test: eval-switch-state-fixes.test: 8 passed, 0 failed
@anysearch-cli/store:test: ✔ test\eval-switch-state-fixes.test.ts (5255.1172ms)
@anysearch-cli/store:test: eval-switch-state.test: 68 passed, 0 failed
@anysearch-cli/store:test: ✔ test\eval-switch-state.test.ts (6537.7545ms)
@anysearch-cli/store:test: fts5-tokenize.test.ts: 8 passed, 0 failed
@anysearch-cli/store:test: ✔ test\fts5-tokenize.test.ts (23088.459ms)
@anysearch-cli/store:test: fusion-registry-memory tests: 14 passed, 0 failed
@anysearch-cli/store:test: ✔ test\fusion-registry-memory.test.ts (15776.6259ms)
@anysearch-cli/store:test: gain-ledger.test.mjs: all checks passed
@anysearch-cli/store:test: ✔ test\gain-ledger.test.mjs (3326.0403ms)
@anysearch-cli/store:test: governed-json-canonical.test: 25 passed, 0 failed
@anysearch-cli/store:test: ✔ test\governed-json-canonical.test.mjs (4260.3753ms)
@anysearch-cli/store:test: obs-fixtures chain: 27 passed, 0 failed
@anysearch-cli/store:test: ✔ test\obs-fixtures.test.ts (3994.8459ms)
@anysearch-cli/store:test: observation trace/eval round-trip: OK
@anysearch-cli/store:test: ✔ test\observation.test.ts (4753.5926ms)
@anysearch-cli/store:test: quarantine-review.test.ts: 14 passed, 0 failed
@anysearch-cli/store:test: ✔ test\quarantine-review.test.ts (27966.2165ms)
@anysearch-cli/store:test: relation-edges.test.ts: all assertions passed
@anysearch-cli/store:test: ✔ test\relation-edges.test.ts (29318.3501ms)
@anysearch-cli/store:test: revision-cli.integration.test: ok
@anysearch-cli/store:test: ✔ test\revision-cli.integration.test.mjs (100409.6654ms)
@anysearch-cli/store:test: revision-core.test: ok
@anysearch-cli/store:test: ✔ test\revision-core.test.ts (6824.7933ms)
@anysearch-cli/store:test: revision-fixture.integration.test: ok
@anysearch-cli/store:test: ✔ test\revision-fixture.integration.test.mjs (17844.9368ms)
@anysearch-cli/store:test: secret-guard.test.ts: all assertions passed
@anysearch-cli/store:test: ✔ test\secret-guard.test.ts (2094.1884ms)
@anysearch-cli/store:test:   PASS fresh user_version = OBSERVATION_USER_VERSION
@anysearch-cli/store:test:   PASS fresh includes injected_trace_id column
@anysearch-cli/store:test:   PASS fresh includes session_id column
@anysearch-cli/store:test:   PASS fresh includes client_id column
@anysearch-cli/store:test:   PASS fresh includes idx_observability_traces_injected_trace
@anysearch-cli/store:test:   PASS fresh includes idx_observability_traces_session (partial)
@anysearch-cli/store:test:   PASS fresh includes idx_observability_traces_client (partial)
@anysearch-cli/store:test:   PASS migrated user_version = OBSERVATION_USER_VERSION
@anysearch-cli/store:test:   PASS migrated has same columns as fresh
@anysearch-cli/store:test:   PASS migrated has same indexes as fresh
@anysearch-cli/store:test:   PASS OBSERVATION_SCHEMA_VERSION = 2
@anysearch-cli/store:test:   PASS OBSERVATION_USER_VERSION = 2
@anysearch-cli/store:test:   PASS trace_id round-trip equality
@anysearch-cli/store:test:   PASS session_id round-trip equality
@anysearch-cli/store:test:   PASS client_id round-trip equality
@anysearch-cli/store:test:   PASS golden store: caller trace_id persisted
@anysearch-cli/store:test:   PASS golden store: injected_trace_id matches caller trace_id
@anysearch-cli/store:test:   PASS golden store: session_id read from ANS_SESSION_ID env
@anysearch-cli/store:test:   PASS T9(a): envelope not null
@anysearch-cli/store:test:   PASS T9(a): allow list persisted
@anysearch-cli/store:test:   PASS T9(a): deny list persisted
@anysearch-cli/store:test:   PASS T9(a): policy_version persisted
@anysearch-cli/store:test:   PASS T9(a): materialized_at is ISO-8601
@anysearch-cli/store:test:   PASS T9(b): missing cache envelope -> null
@anysearch-cli/store:test:   PASS T9(c): old-shape cache (no materialized_at) -> null
@anysearch-cli/store:test: 
@anysearch-cli/store:test: session-id-propagation tests: 25 passed, 0 failed
@anysearch-cli/store:test: ✔ test\session-id-propagation.test.ts (3536.6199ms)
@anysearch-cli/store:test: --- SessionStore tests: 18 passed, 0 failed ---
@anysearch-cli/store:test: ✔ test\session-store.test.ts (11988.7721ms)
@anysearch-cli/store:test: ✔ red fixture: every path-bearing line violates (5.749ms)
@anysearch-cli/store:test: ✔ red fixture: inline code is not exempt (1.1021ms)
@anysearch-cli/store:test: ✔ exemption pair: foo_C:\x green vs bare C:\x red (WORD_CHAR _) (1.5217ms)
@anysearch-cli/store:test: ✔ green fixture: zero violations (2.0071ms)
@anysearch-cli/store:test: ✔ red fixture: unmarked-fence in-repo ref still violates (neighbor control) (1.1381ms)
@anysearch-cli/store:test: ✔ exemption domain: /x info silent on every fence + locator line (A2) (1.014ms)
@anysearch-cli/store:test: ✔ exemption domain: covered fence skips in-repo check; locator line exempts in-repo (1.1692ms)
@anysearch-cli/store:test: ✔ green fixture: /etc produces info surfaced-skip only (0.784ms)
@anysearch-cli/store:test: ✔ unit: prose mentions never fire (0.5057ms)
@anysearch-cli/store:test: ✔ unit: tokens need a following separator (0.5699ms)
@anysearch-cli/store:test: ✔ unit: boundary guard kills URL/identifier false positives (0.397ms)
@anysearch-cli/store:test: ✔ unit: /x info surfaced-skip boundaries (0.3446ms)
@anysearch-cli/store:test: ✔ unit: in-repo detection uses literal tokens only (0.6721ms)
@anysearch-cli/store:test: ✔ ADR-0072 <-> AGENTS.md exemption-domain mirror consistency (0.937ms)
@anysearch-cli/store:test: stale-probe.test.ts: 9 passed, 0 failed
@anysearch-cli/store:test: ✔ test\stale-probe.test.ts (6381.8038ms)
@anysearch-cli/store:test: passed=21 failed=0
@anysearch-cli/store:test: ✔ test\t0-preferences.test.ts (2249.0449ms)
@anysearch-cli/store:test: t6-hostile-cuts.test: 18 passed, 0 failed
@anysearch-cli/store:test: ✔ test\t6-hostile-cuts.test.mjs (883.4374ms)
@anysearch-cli/store:test: tau-scan tests: 20 passed, 0 failed
@anysearch-cli/store:test: ✔ test\tau-scan.test.ts (953.7987ms)
@anysearch-cli/store:test: time-decay tests: 9474 passed, 0 failed
@anysearch-cli/store:test: ✔ test\time-decay.test.ts (915.1015ms)
@anysearch-cli/store:test: url-policy tests: 23 passed, 0 failed
@anysearch-cli/store:test: ✔ test\url-policy.test.ts (1910.0484ms)
@anysearch-cli/store:test: ℹ tests 78
@anysearch-cli/store:test: ℹ suites 0
@anysearch-cli/store:test: ℹ pass 78
@anysearch-cli/store:test: ℹ fail 0
@anysearch-cli/store:test: ℹ cancelled 0
@anysearch-cli/store:test: ℹ skipped 0
@anysearch-cli/store:test: ℹ todo 0
@anysearch-cli/store:test: ℹ duration_ms 184611.8256
@anysearch-cli/kernel:test: cache bypass, force executing 8ecbc306f32b203a
@anysearch-cli/kernel:test: $ node --import tsx --test "test/**/*.test.ts" "test/**/*.test.mjs" --test-timeout=30000
@anysearch-cli/kernel:test: ▶ tokenize
@anysearch-cli/kernel:test:   ✔ extracts alphanumeric tokens case-insensitively (4.6405ms)
@anysearch-cli/kernel:test:   ✔ handles CJK (1.3452ms)
@anysearch-cli/kernel:test: ✔ tokenize (9.4756ms)
@anysearch-cli/kernel:test: ▶ jaccard
@anysearch-cli/kernel:test:   ✔ returns 0 for empty inputs (1.964ms)
@anysearch-cli/kernel:test:   ✔ returns 1 for identical sets (1.0134ms)
@anysearch-cli/kernel:test:   ✔ computes U(AB)/|A∪B| correctly (0.6561ms)
@anysearch-cli/kernel:test: ✔ jaccard (4.6743ms)
@anysearch-cli/kernel:test: ▶ cosine
@anysearch-cli/kernel:test:   ✔ returns 0 for zero-length arrays (11.0187ms)
@anysearch-cli/kernel:test:   ✔ returns 0 for orthogonal vectors (0.7263ms)
@anysearch-cli/kernel:test:   ✔ returns 1 for identical direction (0.7527ms)
@anysearch-cli/kernel:test: ✔ cosine (13.7051ms)
@anysearch-cli/kernel:test: ▶ splitSentences
@anysearch-cli/kernel:test:   ✔ splits simple English sentences (53.9408ms)
@anysearch-cli/kernel:test:   ✔ merges segments split by abbreviation whitelist (0.8674ms)
@anysearch-cli/kernel:test:   ✔ handles e.g. correctly (0.7158ms)
@anysearch-cli/kernel:test:   ✔ CJK sentences split correctly (20.276ms)
@anysearch-cli/kernel:test: ✔ splitSentences (76.7562ms)
@anysearch-cli/kernel:test: ▶ detectFragments
@anysearch-cli/kernel:test:   ✔ no signals on simple short sentence (2.2363ms)
@anysearch-cli/kernel:test:   ✔ flags connector (2.5774ms)
@anysearch-cli/kernel:test:   ✔ flags enumeration (0.6929ms)
@anysearch-cli/kernel:test:   ✔ flags comma density (0.5841ms)
@anysearch-cli/kernel:test:   ✔ flags high entity density (0.6778ms)
@anysearch-cli/kernel:test: ✔ detectFragments (7.64ms)
@anysearch-cli/kernel:test: ▶ classifyClaim — supported path
@anysearch-cli/kernel:test:   ✔ frequent overlap produces uncertain (no enough evidence) (2.1008ms)
@anysearch-cli/kernel:test: ✔ classifyClaim — supported path (2.399ms)
@anysearch-cli/kernel:test: ▶ classifyClaim — contradiction detect
@anysearch-cli/kernel:test:   ✔ high overlap + negation keyword produces unsupported (0.8622ms)
@anysearch-cli/kernel:test: ✔ classifyClaim — contradiction detect (1.2326ms)
@anysearch-cli/kernel:test: ▶ classifyClaim — no evidence handles honestly
@anysearch-cli/kernel:test:   ✔ no results → uncertain, not unsupported (ADR-0034 D4) (0.6472ms)
@anysearch-cli/kernel:test: ✔ classifyClaim — no evidence handles honestly (0.8368ms)
@anysearch-cli/kernel:test: ▶ buildAttributionReport
@anysearch-cli/kernel:test:   ✔ produces a valid AttributionReport schema id (5.5012ms)
@anysearch-cli/kernel:test:   ✔ counts claims by label (31.4801ms)
@anysearch-cli/kernel:test:   ✔ caps claims at maxClaims (0.9116ms)
@anysearch-cli/kernel:test:   ✔ uses answers when empty for providerAnswers fallback (0.9418ms)
@anysearch-cli/kernel:test:   ✔ judgeEnhanced is false when no judge ran (0.7094ms)
@anysearch-cli/kernel:test:   ✔ record includes fragment rationale when fragment signals fire (0.7231ms)
@anysearch-cli/kernel:test: ✔ buildAttributionReport (41.8017ms)
@anysearch-cli/kernel:test: ▶ deriveGapRequests
@anysearch-cli/kernel:test:   ✔ only generates gaps for unsupported or no-evidence uncertain claims (0.6726ms)
@anysearch-cli/kernel:test:   ✔ gapQuery wraps the assertion text (0.3613ms)
@anysearch-cli/kernel:test: ✔ deriveGapRequests (1.3467ms)
@anysearch-cli/kernel:test: ▶ shouldBridgeToAbstain
@anysearch-cli/kernel:test:   ✔ false when no claims (1.3533ms)
@anysearch-cli/kernel:test:   ✔ true when all claims weak (unsupported contradicts carry evidence) + incorrect sufficiency (0.5049ms)
@anysearch-cli/kernel:test:   ✔ false when verdict is not incorrect (0.5107ms)
@anysearch-cli/kernel:test:   ✔ false for supported claims (0.5482ms)
@anysearch-cli/kernel:test: ✔ shouldBridgeToAbstain (3.3978ms)
@anysearch-cli/kernel:test: ▶ shouldEscalateToJudge
@anysearch-cli/kernel:test:   ✔ uncertain with evidence → true (0.5561ms)
@anysearch-cli/kernel:test:   ✔ uncertain without evidence → false (no evidence to judge) (0.323ms)
@anysearch-cli/kernel:test:   ✔ supported → false (0.3233ms)
@anysearch-cli/kernel:test: ✔ shouldEscalateToJudge (1.4899ms)
@anysearch-cli/kernel:test: ▶ renderAttributionText
@anysearch-cli/kernel:test:   ✔ empty claims produce empty string (0.5814ms)
@anysearch-cli/kernel:test:   ✔ contains supported/uncertain/unsupported summary (0.5716ms)
@anysearch-cli/kernel:test:   ✔ every claim line starts with label character (0.5773ms)
@anysearch-cli/kernel:test:   ✔ source list included when evidence exists (0.5366ms)
@anysearch-cli/kernel:test: ✔ renderAttributionText (2.7605ms)
@anysearch-cli/kernel:test: ▶ detectFragments — r83 audit additions
@anysearch-cli/kernel:test:   ✔ flags mixed-script / abbreviation signal (F10 混排缩写) (1.2863ms)
@anysearch-cli/kernel:test:   ✔ flags long sentence (0.6553ms)
@anysearch-cli/kernel:test:   ✔ connector regex includes bare 且 (F10) (0.7136ms)
@anysearch-cli/kernel:test: ✔ detectFragments — r83 audit additions (3.5437ms)
@anysearch-cli/kernel:test: ▶ classifyClaim — Chinese single-character negation (F13)
@anysearch-cli/kernel:test:   ✔ 无/没/非 negate high-overlap snippets into unsupported (11.7672ms)
@anysearch-cli/kernel:test: ✔ classifyClaim — Chinese single-character negation (F13) (11.9672ms)
@anysearch-cli/kernel:test: ▶ deriveGapRequests — partial_evidence (F12)
@anysearch-cli/kernel:test:   ✔ uncertain claim with evidence yields partial_evidence gap (0.4418ms)
@anysearch-cli/kernel:test: ✔ deriveGapRequests — partial_evidence (F12) (2.0549ms)
@anysearch-cli/kernel:test: ▶ applyJudgeEscalation — host-injected judge (F2)
@anysearch-cli/kernel:test:   ✔ escalates only uncertain+evidence claims, bounded by maxCalls, honest judgeEnhanced (1.6242ms)
@anysearch-cli/kernel:test:   ✔ judgeEnhanced stays false when no escalation actually ran (0.402ms)
@anysearch-cli/kernel:test: ✔ applyJudgeEscalation — host-injected judge (F2) (2.6162ms)
@anysearch-cli/kernel:test: ▶ classifyClaim — calibrated dual thresholds (ADR-0050 D5)
@anysearch-cli/kernel:test:   ✔ exact-overlap evidence -> supported (0.6991ms)
@anysearch-cli/kernel:test:   ✔ very low fused score -> unsupported via lower threshold (0.4298ms)
@anysearch-cli/kernel:test:   ✔ degraded calibration falls back to legacy 0.6 floor (0.6145ms)
@anysearch-cli/kernel:test: ✔ classifyClaim — calibrated dual thresholds (ADR-0050 D5) (2.0167ms)
@anysearch-cli/kernel:test: calibrate.test: ok
@anysearch-cli/kernel:test: ✔ test\calibrate.test.ts (1010.7344ms)
@anysearch-cli/kernel:test: composition-calibration.test: ok
@anysearch-cli/kernel:test: ✔ test\composition-calibration.test.ts (4642.8582ms)
@anysearch-cli/kernel:test: composition-vertical.test: ok
@anysearch-cli/kernel:test: ✔ test\composition-vertical.test.ts (5212.9371ms)
@anysearch-cli/kernel:test: content-trust: 18 passed, 0 failed
@anysearch-cli/kernel:test: ✔ test\content-trust.test.ts (2974.212ms)
@anysearch-cli/kernel:test: --- domain-filter engine tests: 31 passed, 0 failed ---
@anysearch-cli/kernel:test: ✔ test\domain-filter.test.ts (3171.5421ms)
@anysearch-cli/kernel:test: --- RetroaererdEngine tests: 71 passed, 0 failed ---
@anysearch-cli/kernel:test: ✔ test\engine.test.ts (3720.4601ms)
@anysearch-cli/kernel:test: --- eval-looks stub executor: 158 passed, 0 failed ---
@anysearch-cli/kernel:test: ✔ test\eval-looks-stub.test.ts (3906.3732ms)
@anysearch-cli/kernel:test: fusion-web tests: 20 passed, 0 failed
@anysearch-cli/kernel:test: ✔ test\fusion-web.test.ts (4066.2866ms)
@anysearch-cli/kernel:test: llm-init tests: 21 passed, endpoints OK
@anysearch-cli/kernel:test: ✔ test\llm-init.test.ts (8987.8018ms)
@anysearch-cli/kernel:test: ---
@anysearch-cli/kernel:test: MemoryPipeline tests: 38 passed, 0 failed
@anysearch-cli/kernel:test: consolidateState pure function tests: 58 assertions passed, 0 failed
@anysearch-cli/kernel:test: ✔ test\memory-pipeline.test.ts (9567.332ms)
@anysearch-cli/kernel:test: --- pi-runtime span pass-through: 8 passed, 0 failed ---
@anysearch-cli/kernel:test: ✔ test\pi-runtime-span.test.ts (8394.8029ms)
@anysearch-cli/kernel:test: ---
@anysearch-cli/kernel:test: PiAgentRuntime tests: 35 passed, 0 failed
@anysearch-cli/kernel:test: ---
@anysearch-cli/kernel:test: ADR-0013 tests: 60 passed, 0 failed
@anysearch-cli/kernel:test: ✔ test\pi-runtime.test.ts (8127.1101ms)
@anysearch-cli/kernel:test: qdf-store-import tests: 4 passed, 0 failed
@anysearch-cli/kernel:test: ✔ test\qdf-store-import.test.ts (1679.2463ms)
@anysearch-cli/kernel:test: query-rewrite.test.ts: 13 passed, 0 failed
@anysearch-cli/kernel:test: ✔ test\query-rewrite.test.ts (1671.802ms)
@anysearch-cli/kernel:test: Kernel runtime tests: 5 passed, 0 failed
@anysearch-cli/kernel:test: ✔ test\runtime.test.ts (2193.5918ms)
@anysearch-cli/kernel:test:   [ok] keyOverrideMerge: project wins on same key
@anysearch-cli/kernel:test:   [ok] under cap: warned=false
@anysearch-cli/kernel:test:   [ok] under cap: no WARNING marker
@anysearch-cli/kernel:test:   [ok] under cap: contains both keys
@anysearch-cli/kernel:test:   [ok] char cap: warned=true
@anysearch-cli/kernel:test:   [ok] char cap: WARNING marker present
@anysearch-cli/kernel:test:   [ok] char cap: output does not silently drop content (marker cites cap)
@anysearch-cli/kernel:test:   [ok] line cap: warned=true
@anysearch-cli/kernel:test:   [ok] line cap: WARNING marker present
@anysearch-cli/kernel:test:   [ok] line cap: marker cites 200
@anysearch-cli/kernel:test: 
@anysearch-cli/kernel:test: passed=10 failed=0
@anysearch-cli/kernel:test: ✔ test\t0-projection.test.ts (1822.338ms)
@anysearch-cli/kernel:test: tool-schemas: 33 structural asserts OK
@anysearch-cli/kernel:test: ✔ test\tool-schemas.test.ts (4127.2155ms)
@anysearch-cli/kernel:test: --- vertical-domain engine tests: 33 passed, 0 failed ---
@anysearch-cli/kernel:test: ✔ test\vertical-domain.test.ts (3464.9066ms)
@anysearch-cli/kernel:test: ℹ tests 67
@anysearch-cli/kernel:test: ℹ suites 18
@anysearch-cli/kernel:test: ℹ pass 67
@anysearch-cli/kernel:test: ℹ fail 0
@anysearch-cli/kernel:test: ℹ cancelled 0
@anysearch-cli/kernel:test: ℹ skipped 0
@anysearch-cli/kernel:test: ℹ todo 0
@anysearch-cli/kernel:test: ℹ duration_ms 13392.6287
@anysearch-cli/plugin:test: cache bypass, force executing 998772ce4e45f0d2
@anysearch-cli/plugin:test: $ node --import tsx --test "test/**/*.test.ts" "test/**/*.test.mjs" --test-timeout=30000
@anysearch-cli/plugin:test:   PASS configs/antigravity/hooks.json uses the official named-hook schema
@anysearch-cli/plugin:test:   PASS antigravity config commands resolve via package bins and pass the event via argv
@anysearch-cli/plugin:test: 
@anysearch-cli/plugin:test: antigravity-contract: 2 passed, 0 failed
@anysearch-cli/plugin:test:   PASS PostToolUse emits {} exactly and accepts toolCall-less-of-output payloads
@anysearch-cli/plugin:test:   PASS fail-open: malformed stdin exits 0
@anysearch-cli/plugin:test:   PASS PreInvocation with invocationNum>0 emits {} (no card spam)
@anysearch-cli/plugin:test:   PASS argv-driven PreToolUse emits {decision:allow} on the real camelCase payload
@anysearch-cli/plugin:test:   PASS PostToolUse {} stdout + distilled output staged to pending (R68 verified contract)
@anysearch-cli/plugin:test:   PASS Stop emits a protojson-safe object (never plain text)
@anysearch-cli/plugin:test:   PASS .mdc fallback: any invocation writes .antigravity/rules/anysearch.mdc in cwd workspace
@anysearch-cli/plugin:test:   PASS staged preheat context flushes through the next invocation as injectSteps
@anysearch-cli/plugin:test:   PASS PreInvocation injects the routing card as ephemeralMessage on invocationNum=0
@anysearch-cli/plugin:test:   PASS PostToolUse: array-of-blocks tool_output distills into pending ({} stdout)
@anysearch-cli/plugin:test:   PASS PreToolUse never emits {} ({} = deny on this host)
@anysearch-cli/plugin:test:   antigravity-contract: 13 passed, 0 failed
@anysearch-cli/plugin:test: ✔ test\antigravity-contract.test.ts (3461.7447ms)
@anysearch-cli/plugin:test:   PASS configs/claude/hooks.json uses the official settings schema
@anysearch-cli/plugin:test:   PASS settings template commands resolve via package bins (no absolute paths)
@anysearch-cli/plugin:test:   PASS bin entries point at stdin-reading hook entrypoints
@anysearch-cli/plugin:test:   PASS plugin skeleton: .claude-plugin/plugin.json + hooks/hooks.json + .mcp.json
@anysearch-cli/plugin:test:   PASS single-source: regenerating configs is byte-identical (no drift)
@anysearch-cli/plugin:test:   PASS session-start --envelope: additionalContext inside hookSpecificOutput
@anysearch-cli/plugin:test:   PASS claude PostToolUse: results response -> envelope additionalContext
@anysearch-cli/plugin:test:   PASS claude PreToolUse: non-ans tool -> silent exit
@anysearch-cli/plugin:test:   PASS claude PreToolUse: URL on unreachable server -> hookSpecificOutput ask (fail-closed)
@anysearch-cli/plugin:test:   PASS claude PostToolUse: slim abstain response -> silent (nothing indexable)
@anysearch-cli/plugin:test:   claude-contract: 10 passed, 0 failed
@anysearch-cli/plugin:test: ✔ test\claude-contract.test.ts (3143.4461ms)
@anysearch-cli/plugin:test:   PASS all configs/*/hooks.json targets resolve to stdin-reading entrypoints
@anysearch-cli/plugin:test:   PASS codebuddy SessionStart: legacy event field still works
@anysearch-cli/plugin:test:   PASS codebuddy: unparseable stdin -> silent exit 0
@anysearch-cli/plugin:test:   PASS codebuddy SessionStart: hook_event_name -> raw routing card on stdout
@anysearch-cli/plugin:test:   PASS codebuddy PreToolUse: non-ans tool -> silent exit 0
@anysearch-cli/plugin:test:   PASS codebuddy PostToolUse: object-shaped tool_response also parsed
@anysearch-cli/plugin:test:   PASS codebuddy PostToolUse: hook_event_name -> hookSpecificOutput.updatedToolOutput
@anysearch-cli/plugin:test:   PASS codebuddy PostToolUse: array-of-content-blocks tool_response (live shape)
@anysearch-cli/plugin:test:   PASS claude PostToolUse: legacy event field preserved
@anysearch-cli/plugin:test:   PASS codex PostToolUse: hook_event_name -> envelope additionalContext
@anysearch-cli/plugin:test:   PASS codebuddy PostToolUse: legacy event field fallback
@anysearch-cli/plugin:test:   PASS session-start: hook_event_name SessionStart honored
@anysearch-cli/plugin:test:   PASS cursor PostToolUse: array-of-blocks tool_output distills
@anysearch-cli/plugin:test:   PASS codebuddy PreToolUse: ans tool -> envelope or silent (no index yet)
@anysearch-cli/plugin:test:   PASS claude PostToolUse: hook_event_name -> hookSpecificOutput.additionalContext
@anysearch-cli/plugin:test:   PASS claude PostToolUse: array-of-blocks tool_response tolerated too
@anysearch-cli/plugin:test:   PASS cursor postToolUse: hook_event_name -> updated_mcp_tool_output (snake_case)
@anysearch-cli/plugin:test:   PASS codex PostToolUse: array-of-blocks tool_response distills
@anysearch-cli/plugin:test:   codebuddy-contract: 18 passed, 0 failed
@anysearch-cli/plugin:test: ✔ test\codebuddy-contract.test.ts (2939.5364ms)
@anysearch-cli/plugin:test:   PASS configs/codex/hooks.json uses the official Codex hooks schema
@anysearch-cli/plugin:test:   PASS codex config commands resolve via package bins (no absolute paths, no fake vars)
@anysearch-cli/plugin:test:   PASS codex config matchers full-match ans tool names
@anysearch-cli/plugin:test:   PASS codex config SessionStart passes --envelope (bare shape is dropped by codex)
@anysearch-cli/plugin:test:   PASS bin entry ans-hook-codex exists and reads stdin
@anysearch-cli/plugin:test:   PASS single-source: regenerating configs is byte-identical (no drift)
@anysearch-cli/plugin:test:   PASS codex PostToolUse: results response -> envelope additionalContext
@anysearch-cli/plugin:test:   PASS codex PreToolUse: non-ans tool -> silent exit
@anysearch-cli/plugin:test:   PASS codex adapter: malformed stdin -> silent exit 0 (fail-open)
@anysearch-cli/plugin:test:   PASS codex PreToolUse: URL on unreachable server -> envelope ask (fail-closed)
@anysearch-cli/plugin:test:   PASS codex adapter reads hook_event_name (real codex stdin field)
@anysearch-cli/plugin:test:   codex-contract: 11 passed, 0 failed
@anysearch-cli/plugin:test: ✔ test\codex-contract.test.ts (3602.6892ms)
@anysearch-cli/plugin:test:   PASS server reachable: HTTP 200
@anysearch-cli/plugin:test:   PASS SELECT: row exists
@anysearch-cli/plugin:test:   PASS SELECT: trace_id matches hook-supplied
@anysearch-cli/plugin:test:   PASS SELECT: injected_trace_id matches trace_id
@anysearch-cli/plugin:test:   PASS SELECT: session_id matches host stdin
@anysearch-cli/plugin:test:   PASS SELECT: client_id is NULL (plugin server path has no MCP client)
@anysearch-cli/plugin:test:   PASS OPA closure: re-parse trace_id matches
@anysearch-cli/plugin:test:   PASS OPA closure: re-parse session_id matches
@anysearch-cli/plugin:test: 
@anysearch-cli/plugin:test: golden tests: 8 passed, 0 failed
@anysearch-cli/plugin:test: ✔ test\golden.test.ts (4321.8632ms)
@anysearch-cli/plugin:test:   PASS isAnsTool: matches all 5 ans tools
@anysearch-cli/plugin:test:   PASS isAnsTool: matches with platform prefixes
@anysearch-cli/plugin:test:   PASS isAnsTool: rejects non-ans tools
@anysearch-cli/plugin:test:   PASS distillOutput: extracts results array
@anysearch-cli/plugin:test:   PASS distillOutput: handles non-JSON output
@anysearch-cli/plugin:test:   PASS distillOutput: empty results not indexed
@anysearch-cli/plugin:test:   PASS makePostToolUseDecision: returns indexEntries for indexing
@anysearch-cli/plugin:test:   PASS E2E: session-start.cjs exits silently for non-SessionStart events
@anysearch-cli/plugin:test:   PASS E2E: session-start.cjs generates .mdc file in cwd
@anysearch-cli/plugin:test:   PASS E2E: session-start.cjs outputs valid JSON for SessionStart event
@anysearch-cli/plugin:test: 
@anysearch-cli/plugin:test: Hooks tests: 10 passed, 0 failed
@anysearch-cli/plugin:test: ✔ test\hooks.test.ts (4712.486ms)
@anysearch-cli/plugin:test: plugin-security.test: 11 passed, 0 failed
@anysearch-cli/plugin:test: ✔ test\plugin-security.test.mjs (5662.2992ms)
@anysearch-cli/plugin:test:   PASS ProjectIndexStore: create and search
@anysearch-cli/plugin:test:   PASS ProjectIndexStore: dedup by content_hash
@anysearch-cli/plugin:test:   PASS ProjectIndexStore: purge project
@anysearch-cli/plugin:test:   PASS isAnsTool: matches ans_* tools with various prefixes
@anysearch-cli/plugin:test:   PASS distillOutput: extracts results from MCP tool output
@anysearch-cli/plugin:test:   PASS distillOutput: non-ans tool returns empty
@anysearch-cli/plugin:test:   PASS distillOutput: non-JSON output gets truncated
@anysearch-cli/plugin:test:   PASS makePostToolUseDecision: returns distilledOutput + indexEntries
@anysearch-cli/plugin:test:   PASS SessionStart: routing card has required content
@anysearch-cli/plugin:test:   PASS SKILL.md: exists and has trigger words
@anysearch-cli/plugin:test:   PASS AGENTS.md: minimal and has required sections
@anysearch-cli/plugin:test:   PASS ADR-0011: cursor.ts uses additional_context (snake_case)
@anysearch-cli/plugin:test:   PASS ADR-0011: antigravity.ts has .mdc fallback
@anysearch-cli/plugin:test:   PASS ADR-0011: session-start.ts has .mdc generation logic
@anysearch-cli/plugin:test:   PASS ADR-0011: cursor hooks.json has no _degradation_note
@anysearch-cli/plugin:test:   PASS ADR-0012: routing card 4-block structure in shared module
@anysearch-cli/plugin:test:   PASS Server: /health endpoint returns 200
@anysearch-cli/plugin:test: 
@anysearch-cli/plugin:test: Plugin tests: 17 passed, 0 failed
@anysearch-cli/plugin:test: ✔ test\plugin.test.ts (7885.8156ms)
@anysearch-cli/plugin:test: [anysearch] GET /policy returned HTTP 500; falling back to cached policy
@anysearch-cli/plugin:test: plugin policy tests: 9 passed, 0 failed
@anysearch-cli/plugin:test: ✔ test\policy.test.ts (3115.8162ms)
@anysearch-cli/plugin:test:   PASS HEADER_TRACEPARENT = traceparent
@anysearch-cli/plugin:test:   PASS HEADER_SESSION_ID = x-anysearch-session-id
@anysearch-cli/plugin:test:   PASS build: traceparent format 00-<32hex>-<16hex>-01
@anysearch-cli/plugin:test:   PASS build: x-anysearch-session-id propagated
@anysearch-cli/plugin:test:   PASS build: trace_id in traceparent is 32 hex
@anysearch-cli/plugin:test:   PASS build: span_id in traceparent is 16 hex
@anysearch-cli/plugin:test:   PASS parse: trace_id recovered
@anysearch-cli/plugin:test:   PASS parse: span_id recovered
@anysearch-cli/plugin:test:   PASS parse: session_id recovered
@anysearch-cli/plugin:test:   PASS parse: traceparentValid true
@anysearch-cli/plugin:test:   PASS invalid (empty) -> traceparentValid false
@anysearch-cli/plugin:test:   PASS invalid (empty) -> fresh 32-hex trace_id
@anysearch-cli/plugin:test:   PASS invalid (empty) -> session_id preserved
@anysearch-cli/plugin:test:   PASS invalid (non-w3c) -> traceparentValid false
@anysearch-cli/plugin:test:   PASS invalid (non-w3c) -> fresh 32-hex trace_id
@anysearch-cli/plugin:test:   PASS invalid (non-w3c) -> session_id preserved
@anysearch-cli/plugin:test:   PASS invalid (short trace_id) -> traceparentValid false
@anysearch-cli/plugin:test:   PASS invalid (short trace_id) -> fresh 32-hex trace_id
@anysearch-cli/plugin:test:   PASS invalid (short trace_id) -> session_id preserved
@anysearch-cli/plugin:test:   PASS invalid (non-hex chars) -> traceparentValid false
@anysearch-cli/plugin:test:   PASS invalid (non-hex chars) -> fresh 32-hex trace_id
@anysearch-cli/plugin:test:   PASS invalid (non-hex chars) -> session_id preserved
@anysearch-cli/plugin:test:   PASS invalid (wrong version) -> traceparentValid false
@anysearch-cli/plugin:test:   PASS invalid (wrong version) -> fresh 32-hex trace_id
@anysearch-cli/plugin:test:   PASS invalid (wrong version) -> session_id preserved
@anysearch-cli/plugin:test:   PASS invalid (missing flags) -> traceparentValid false
@anysearch-cli/plugin:test:   PASS invalid (missing flags) -> fresh 32-hex trace_id
@anysearch-cli/plugin:test:   PASS invalid (missing flags) -> session_id preserved
@anysearch-cli/plugin:test:   PASS no headers -> traceparentValid false
@anysearch-cli/plugin:test:   PASS no headers -> fresh trace_id
@anysearch-cli/plugin:test:   PASS no headers -> session_id empty
@anysearch-cli/plugin:test:   PASS empty x-anysearch-session-id -> session_id ''
@anysearch-cli/plugin:test:   PASS empty x-anysearch-session-id -> traceparentValid true
@anysearch-cli/plugin:test:   PASS build: empty sessionId omits x-anysearch-session-id
@anysearch-cli/plugin:test:   PASS build: traceparent still present
@anysearch-cli/plugin:test:   PASS newTraceIdHex -> 32-hex
@anysearch-cli/plugin:test:   PASS newSpanIdHex -> 16-hex
@anysearch-cli/plugin:test:   PASS round-trip: trace_id preserved
@anysearch-cli/plugin:test:   PASS round-trip: span_id preserved
@anysearch-cli/plugin:test:   PASS round-trip: session_id preserved
@anysearch-cli/plugin:test:   PASS round-trip: traceparentValid true
@anysearch-cli/plugin:test: 
@anysearch-cli/plugin:test: propagation tests: 41 passed, 0 failed
@anysearch-cli/plugin:test: ✔ test\propagation.test.ts (1365.71ms)
@anysearch-cli/plugin:test: ℹ tests 10
@anysearch-cli/plugin:test: ℹ suites 0
@anysearch-cli/plugin:test: ℹ pass 10
@anysearch-cli/plugin:test: ℹ fail 0
@anysearch-cli/plugin:test: ℹ cancelled 0
@anysearch-cli/plugin:test: ℹ skipped 0
@anysearch-cli/plugin:test: ℹ todo 0
@anysearch-cli/plugin:test: ℹ duration_ms 10903.8916
@anysearch-cli/cli:test: cache bypass, force executing f0e1fde20576012c
@anysearch-cli/mcp:test: cache bypass, force executing 3104ab533bafeb7e
@anysearch-cli/dsh-plugin:test: cache bypass, force executing c127e28d1b11842b
@anysearch-cli/cli:test: $ node --import tsx --test "test/**/*.test.ts" "test/**/*.test.mjs" --test-timeout=30000
@anysearch-cli/mcp:test: $ node --import tsx --test "test/**/*.test.ts" "test/**/*.test.mjs" --test-timeout=30000
@anysearch-cli/dsh-plugin:test: $ node --import tsx --test "test/**/*.test.ts" --test-timeout=30000
@anysearch-cli/cli:test: SKIP live arm: dist or provider key absent (run pnpm build + set EXA_API_KEY to enable)
@anysearch-cli/cli:test: --- cli abstain tests: 12 passed, 0 failed ---
@anysearch-cli/cli:test: ✔ test\abstain.test.ts (797.3219ms)
@anysearch-cli/cli:test: ok - --help exits 0 and lists all 9 commands
@anysearch-cli/dsh-plugin:test: ✔ exports: stable name + inject service list (4.1024ms)
@anysearch-cli/dsh-plugin:test: ✔ apply: mounts all five hook surfaces + routing-card section (1.3842ms)
@anysearch-cli/dsh-plugin:test: ✔ agent/created: startup injects the routing card as a durable user message (0.884ms)
@anysearch-cli/dsh-plugin:test: ✔ agent/created: resume/clear/compact do not re-inject the routing card (1.2583ms)
@anysearch-cli/dsh-plugin:test: ✔ tools/pre-execute: non-ans tool passes through untouched (1.4742ms)
@anysearch-cli/dsh-plugin:test: ✔ tools/pre-execute: denied URL on ans tool returns deny (174.8024ms)
@anysearch-cli/dsh-plugin:test: ✔ tools/pre-execute: unallowlisted URL returns ask (36.9014ms)
@anysearch-cli/dsh-plugin:test: ✔ tools/pre-execute: recall hits are injected via agent.inject and the call is allowed (34.3524ms)
@anysearch-cli/dsh-plugin:test: ✔ tools/pre-execute: server down fails open to allow (2.8713ms)
@anysearch-cli/dsh-plugin:test: ✔ tools/post-execute: non-ans tool passes through (0.8089ms)
@anysearch-cli/dsh-plugin:test: ✔ tools/post-execute: ans result gains a distilled additionalContexts message (4.1088ms)
@anysearch-cli/cli:test: ok - --version prints pinned version (not 0.0.0)
@anysearch-cli/dsh-plugin:test: ✔ tools/result: indexes successful ans results over IPC (323.6724ms)
@anysearch-cli/dsh-plugin:test: ✔ tools/result: error results and non-ans tools are skipped (216.5609ms)
@anysearch-cli/dsh-plugin:test: ✔ contextMessage: produces a durable user message with plugin provenance (1.0659ms)
@anysearch-cli/dsh-plugin:test: ✔ apply: registers all five ans_* tools natively on ctx.tools (0.4104ms)
@anysearch-cli/dsh-plugin:test: ✔ native tools: parameters projected verbatim from the kernel schema source (0.4565ms)
@anysearch-cli/dsh-plugin:test: ✔ native execute: MCP tools/call to /mcp carries kernel tool name + propagation trio (35.1232ms)
@anysearch-cli/dsh-plugin:test: ✔ native execute: server unreachable fails open to empty content (no throw) (2.1714ms)
@anysearch-cli/dsh-plugin:test: ✔ native execute: upstream isError materializes as a thrown tool error (76.1674ms)
@anysearch-cli/dsh-plugin:test: ✔ native execute: JSON-RPC session error re-handshakes once then succeeds (109.0694ms)
@anysearch-cli/cli:test: ok - unknown command exits 2 with error message
@anysearch-cli/dsh-plugin:test: ✔ hook compatibility: bare ans_* names still hit all four hook surfaces (223.7051ms)
@anysearch-cli/dsh-plugin:test: ℹ tests 21
@anysearch-cli/dsh-plugin:test: ℹ suites 0
@anysearch-cli/dsh-plugin:test: ℹ pass 21
@anysearch-cli/dsh-plugin:test: ℹ fail 0
@anysearch-cli/dsh-plugin:test: ℹ cancelled 0
@anysearch-cli/dsh-plugin:test: ℹ skipped 0
@anysearch-cli/dsh-plugin:test: ℹ todo 0
@anysearch-cli/dsh-plugin:test: ℹ duration_ms 3195.9716
@anysearch-cli/cli:test: ok - doctor runs smoke suite and exits 0
@anysearch-cli/cli:test: ok - llm (no args) prints provider list, exit 0
@anysearch-cli/cli:test: ok - llm bogus subcommand exits 2
@anysearch-cli/mcp:test: --- mcp abstain contract tests: 9 passed, 0 failed ---
@anysearch-cli/mcp:test: ✔ test\abstain.test.ts (6170.7673ms)
@anysearch-cli/mcp:test: --- MCP server tests: 14 passed, 0 failed ---
@anysearch-cli/mcp:test: ✔ test\server.test.ts (6268.9527ms)
@anysearch-cli/mcp:test: --- mcp vertical-guard golden tests: 11 passed, 0 failed ---
@anysearch-cli/mcp:test: ✔ test\vertical-guard.test.ts (6031.3096ms)
@anysearch-cli/mcp:test: ℹ tests 3
@anysearch-cli/mcp:test: ℹ suites 0
@anysearch-cli/mcp:test: ℹ pass 3
@anysearch-cli/mcp:test: ℹ fail 0
@anysearch-cli/mcp:test: ℹ cancelled 0
@anysearch-cli/mcp:test: ℹ skipped 0
@anysearch-cli/mcp:test: ℹ todo 0
@anysearch-cli/mcp:test: ℹ duration_ms 6307.647
@anysearch-cli/cli:test: ok - llm models openai lists models
@anysearch-cli/cli:test: ok - chat without LLM env exits 3
@anysearch-cli/cli:test: ok - mcp --help exits 0 (mcp subcommand dependency smoke)
@anysearch-cli/cli:test: ok - pref review lists quarantine state, exit 0
@anysearch-cli/cli:test: ok - pref review --keep unknown id exits 1
@anysearch-cli/cli:test: ok - search --vertical-domain '' exits 2 (empty domain)
@anysearch-cli/cli:test: ok - search --vertical-domain (bare, no value) exits 2
@anysearch-cli/cli:test: ok - search --vertical-domain --json exits 2 (flag-as-value)
@anysearch-cli/cli:test: ok - search --vertical-sub-domain '' exits 2 (empty sub)
@anysearch-cli/cli:test: ok - search --vertical-params '[1]' exits 2 (non-Record)
@anysearch-cli/cli:test: ok - search --vertical-params without --vertical-domain exits 2
@anysearch-cli/cli:test: ok - search --vertical-sub-domain without --vertical-domain exits 2 (golden)
@anysearch-cli/cli:test: ok - search q finance --vertical-domain finance keeps the query word (a03 no-swallow)
@anysearch-cli/cli:test: ok - search q deep --mode deep keeps the query word (a03 no-swallow)
@anysearch-cli/cli:test: ok - search --vertical-domain finance finance keeps the lone identical word (a03 spec case)
@anysearch-cli/cli:test: ok - search with malformed sources.vertical TOML fails fast
@anysearch-cli/cli:test: ---
@anysearch-cli/cli:test: CLI e2e: 22 passed, 0 failed
@anysearch-cli/cli:test: ✔ test\e2e.test.ts (27642.9501ms)
@anysearch-cli/cli:test: --- teardown tests: 3 passed, 0 failed ---
@anysearch-cli/cli:test: ✔ test\teardown.test.ts (786.342ms)
@anysearch-cli/cli:test: ℹ tests 3
@anysearch-cli/cli:test: ℹ suites 0
@anysearch-cli/cli:test: ℹ pass 3
@anysearch-cli/cli:test: ℹ fail 0
@anysearch-cli/cli:test: ℹ cancelled 0
@anysearch-cli/cli:test: ℹ skipped 0
@anysearch-cli/cli:test: ℹ todo 0
@anysearch-cli/cli:test: ℹ duration_ms 27676.3422

 Tasks:    13 successful, 13 total
Cached:    5 cached, 13 total
  Time:    4m4.549s 

[pass] turbo run test
• turbo 2.10.11

   • Packages in scope: @anysearch-cli/cli, @anysearch-cli/dsh-plugin, @anysearch-cli/embedding, @anysearch-cli/kernel, @anysearch-cli/mcp, @anysearch-cli/plugin, @anysearch-cli/retriever, @anysearch-cli/store
   • Running build in 8 packages
   • Remote caching disabled

@anysearch-cli/embedding:build: cache hit, replaying logs 13cdc5c00201d6bc
@anysearch-cli/embedding:build: $ tsup
@anysearch-cli/embedding:build: CLI Building entry: src/index.ts
@anysearch-cli/embedding:build: CLI Using tsconfig: tsconfig.json
@anysearch-cli/embedding:build: CLI tsup v8.5.1
@anysearch-cli/embedding:build: CLI Using tsup config: D:\Aworker\anysearch-cli\packages\embedding\tsup.config.ts
@anysearch-cli/embedding:build: CLI Target: es2022
@anysearch-cli/embedding:build: CLI Cleaning output folder
@anysearch-cli/embedding:build: ESM Build start
@anysearch-cli/embedding:build: ESM dist\index.js 3.04 KB
@anysearch-cli/embedding:build: ESM ⚡️ Build success in 23ms
@anysearch-cli/embedding:build: DTS Build start
@anysearch-cli/embedding:build: DTS ⚡️ Build success in 2682ms
@anysearch-cli/embedding:build: DTS dist\index.d.ts 868.00 B
@anysearch-cli/embedding:build: __CM_FS__:10605538
@anysearch-cli/embedding:build: __CM_FS__:13773645
@anysearch-cli/plugin:build: cache hit, replaying logs 116b545f54bb540d
@anysearch-cli/plugin:build: $ pnpm run gen:configs && pnpm run build:server && pnpm run build:hooks
@anysearch-cli/plugin:build: $ node scripts/gen-claude-configs.mjs
@anysearch-cli/plugin:build: wrote configs/claude/hooks.json
@anysearch-cli/plugin:build: wrote configs/codex/hooks.json
@anysearch-cli/plugin:build: wrote hooks/hooks.json
@anysearch-cli/plugin:build: wrote .claude-plugin/plugin.json
@anysearch-cli/plugin:build: wrote .mcp.json
@anysearch-cli/plugin:build: __CM_FS__:9134
@anysearch-cli/plugin:build: __CM_FS__:13773645
@anysearch-cli/plugin:build: $ tsup
@anysearch-cli/plugin:build: CLI Building entry: src/index.ts, src/server/index.ts
@anysearch-cli/plugin:build: CLI Using tsconfig: tsconfig.json
@anysearch-cli/plugin:build: CLI tsup v8.5.1
@anysearch-cli/plugin:build: CLI Using tsup config: D:\Aworker\anysearch-cli\apps\plugin\tsup.config.ts
@anysearch-cli/plugin:build: CLI Target: es2022
@anysearch-cli/plugin:build: CLI Cleaning output folder
@anysearch-cli/plugin:build: CJS Build start
@anysearch-cli/plugin:build: 
@anysearch-cli/plugin:build:  WARN  [33m▲ [43;33m[[43;30mWARNING[43;33m][0m [1m"import.meta" is not available with the "cjs" output format and will be empty[0m [empty-import-meta]
@anysearch-cli/plugin:build: 
@anysearch-cli/plugin:build:     ../../packages/store/src/eval/bgnbd.ts:95:73:
@anysearch-cli/plugin:build: [37m      95 │ ...oin(dirname(fileURLToPath([32mimport.meta[37m.url)), "..", "..", "..", ...
@anysearch-cli/plugin:build:          ╵                              [32m~~~~~~~~~~~[0m
@anysearch-cli/plugin:build: 
@anysearch-cli/plugin:build:   You need to set the output format to "esm" for "import.meta" to work correctly.
@anysearch-cli/plugin:build: 
@anysearch-cli/plugin:build: 
@anysearch-cli/plugin:build: 
@anysearch-cli/plugin:build: 
@anysearch-cli/plugin:build:  WARN  [33m▲ [43;33m[[43;30mWARNING[43;33m][0m [1m"import.meta" is not available with the "cjs" output format and will be empty[0m [empty-import-meta]
@anysearch-cli/plugin:build: 
@anysearch-cli/plugin:build:     ../../packages/store/src/eval/obs-fixtures.ts:19:66:
@anysearch-cli/plugin:build: [37m      19 │ ...oin(dirname(fileURLToPath([32mimport.meta[37m.url)), "..", "..", "fixtu...
@anysearch-cli/plugin:build:          ╵                              [32m~~~~~~~~~~~[0m
@anysearch-cli/plugin:build: 
@anysearch-cli/plugin:build:   You need to set the output format to "esm" for "import.meta" to work correctly.
@anysearch-cli/plugin:build: 
@anysearch-cli/plugin:build: 
@anysearch-cli/plugin:build: 
@anysearch-cli/plugin:build: 
@anysearch-cli/plugin:build:  WARN  [33m▲ [43;33m[[43;30mWARNING[43;33m][0m [1m"import.meta" is not available with the "cjs" output format and will be empty[0m [empty-import-meta]
@anysearch-cli/plugin:build: 
@anysearch-cli/plugin:build:     ../../packages/store/src/eval/switch-run.ts:30:36:
@anysearch-cli/plugin:build: [37m      30 │ ...oin(dirname(fileURLToPath([32mimport.meta[37m.url)), "..", "..", "fixtu...
@anysearch-cli/plugin:build:          ╵                              [32m~~~~~~~~~~~[0m
@anysearch-cli/plugin:build: 
@anysearch-cli/plugin:build:   You need to set the output format to "esm" for "import.meta" to work correctly.
@anysearch-cli/plugin:build: 
@anysearch-cli/plugin:build: 
@anysearch-cli/plugin:build: 
@anysearch-cli/plugin:build: CJS dist\index.cjs        151.46 KB
@anysearch-cli/plugin:build: CJS dist\server\index.cjs 333.40 KB
@anysearch-cli/plugin:build: CJS ⚡️ Build success in 3572ms
@anysearch-cli/plugin:build: __CM_FS__:10611671
@anysearch-cli/plugin:build: __CM_FS__:13773645
@anysearch-cli/plugin:build: $ esbuild src/hooks/core.ts src/hooks/distill.ts src/hooks/preheat.ts src/hooks/session-start.ts src/hooks/routing-card.ts src/hooks/server-token.ts src/hooks/adapters/claude.ts src/hooks/adapters/cursor.ts src/hooks/adapters/codex.ts src/hooks/adapters/antigravity.ts src/hooks/adapters/codebuddy.ts --bundle --platform=node --format=cjs --outdir=dist/hooks --outbase=src/hooks --out-extension:.js=.cjs --banner:js="#!/usr/bin/env node" --external:better-sqlite3 --external:@anysearch-cli/embedding
@anysearch-cli/plugin:build: 
@anysearch-cli/plugin:build:   dist\hooks\adapters\antigravity.cjs  13.8kb
@anysearch-cli/plugin:build:   dist\hooks\adapters\cursor.cjs       11.9kb
@anysearch-cli/plugin:build:   dist\hooks\adapters\codebuddy.cjs    11.6kb
@anysearch-cli/plugin:build:   dist\hooks\adapters\claude.cjs       10.5kb
@anysearch-cli/plugin:build:   dist\hooks\adapters\codex.cjs        10.3kb
@anysearch-cli/plugin:build:   ...and 6 more output files...
@anysearch-cli/plugin:build: 
@anysearch-cli/plugin:build: Done in 280ms
@anysearch-cli/plugin:build: __CM_FS__:9248
@anysearch-cli/plugin:build: __CM_FS__:13773645
@anysearch-cli/plugin:build: __CM_FS__:13773645
@anysearch-cli/mcp:build: cache hit, replaying logs b0b47248de385f07
@anysearch-cli/cli:build: cache hit, replaying logs 1ff8dcde42d85d39
@anysearch-cli/dsh-plugin:build: cache hit, replaying logs 90d590580fe496d9
@anysearch-cli/mcp:build: $ node scripts/sync-domains.mjs && tsup
@anysearch-cli/mcp:build: sync-domains: 3 toml(s) -> D:\Aworker\anysearch-cli\apps\mcp\domains
@anysearch-cli/cli:build: $ node scripts/sync-domains.mjs && tsup && node scripts/stamp-dist.mjs
@anysearch-cli/cli:build: sync-domains: 3 toml(s) -> D:\Aworker\anysearch-cli\apps\cli\domains
@anysearch-cli/cli:build: __CM_FS__:849
@anysearch-cli/mcp:build: __CM_FS__:900
@anysearch-cli/mcp:build: CLI Building entry: src/index.ts
@anysearch-cli/mcp:build: CLI Using tsconfig: tsconfig.json
@anysearch-cli/mcp:build: CLI tsup v8.5.1
@anysearch-cli/dsh-plugin:build: $ esbuild src/index.ts --bundle --platform=node --format=esm --outfile=lib/index.js --external:@deepseek-ai/* --banner:js="import{createRequire}from'node:module';const require=createRequire(import.meta.url);" && tsc -p tsconfig.build.json --declaration --emitDeclarationOnly --noEmit false --outDir lib --rootDir src
@anysearch-cli/cli:build: CLI Building entry: src/index.ts
@anysearch-cli/cli:build: CLI Using tsconfig: tsconfig.json
@anysearch-cli/cli:build: CLI tsup v8.5.1
@anysearch-cli/mcp:build: CLI Using tsup config: D:\Aworker\anysearch-cli\apps\mcp\tsup.config.ts
@anysearch-cli/dsh-plugin:build: 
@anysearch-cli/cli:build: CLI Using tsup config: D:\Aworker\anysearch-cli\apps\cli\tsup.config.ts
@anysearch-cli/mcp:build: CLI Target: es2022
@anysearch-cli/dsh-plugin:build:   lib\index.js  148.7kb
@anysearch-cli/dsh-plugin:build: 
@anysearch-cli/dsh-plugin:build: Done in 260ms
@anysearch-cli/dsh-plugin:build: __CM_FS__:9248
@anysearch-cli/dsh-plugin:build: __CM_FS__:11252774
@anysearch-cli/cli:build: CLI Target: es2022
@anysearch-cli/mcp:build: CLI Cleaning output folder
@anysearch-cli/dsh-plugin:build: __CM_FS__:13773645
@anysearch-cli/cli:build: CJS Build start
@anysearch-cli/cli:build: DTS Build start
@anysearch-cli/mcp:build: CJS Build start
@anysearch-cli/cli:build: 
@anysearch-cli/mcp:build: DTS Build start
@anysearch-cli/cli:build:  WARN  [33m▲ [43;33m[[43;30mWARNING[43;33m][0m [1m"import.meta" is not available with the "cjs" output format and will be empty[0m [empty-import-meta]
@anysearch-cli/mcp:build: 
@anysearch-cli/cli:build: 
@anysearch-cli/cli:build:     src/db.ts:18:84:
@anysearch-cli/mcp:build:  WARN  [33m▲ [43;33m[[43;30mWARNING[43;33m][0m [1m"import.meta" is not available with the "cjs" output format and will be empty[0m [empty-import-meta]
@anysearch-cli/mcp:build: 
@anysearch-cli/cli:build: [37m      18 │ ..."undefined" ? __dirname : dirname(fileURLToPath([32mimport.meta[37m.url));
@anysearch-cli/cli:build:          ╵                                                    [32m~~~~~~~~~~~[0m
@anysearch-cli/mcp:build:     src/server.ts:43:86:
@anysearch-cli/mcp:build: [37m      43 │ ..."undefined" ? __dirname : dirname(fileURLToPath([32mimport.meta[37m.url));
@anysearch-cli/cli:build: 
@anysearch-cli/mcp:build:          ╵                                                    [32m~~~~~~~~~~~[0m
@anysearch-cli/cli:build:   You need to set the output format to "esm" for "import.meta" to work correctly.
@anysearch-cli/mcp:build: 
@anysearch-cli/cli:build: 
@anysearch-cli/mcp:build:   You need to set the output format to "esm" for "import.meta" to work correctly.
@anysearch-cli/mcp:build: 
@anysearch-cli/cli:build: 
@anysearch-cli/mcp:build: 
@anysearch-cli/mcp:build: 
@anysearch-cli/cli:build: 
@anysearch-cli/cli:build: 
@anysearch-cli/mcp:build: 
@anysearch-cli/cli:build:  WARN  [33m▲ [43;33m[[43;30mWARNING[43;33m][0m [1m"import.meta" is not available with the "cjs" output format and will be empty[0m [empty-import-meta]
@anysearch-cli/mcp:build:  WARN  [33m▲ [43;33m[[43;30mWARNING[43;33m][0m [1m"import.meta" is not available with the "cjs" output format and will be empty[0m [empty-import-meta]
@anysearch-cli/cli:build: 
@anysearch-cli/cli:build:     ../../packages/store/src/eval/bgnbd.ts:95:73:
@anysearch-cli/mcp:build: 
@anysearch-cli/cli:build: [37m      95 │ ...oin(dirname(fileURLToPath([32mimport.meta[37m.url)), "..", "..", "..", ...
@anysearch-cli/mcp:build:     ../../packages/store/src/eval/bgnbd.ts:95:73:
@anysearch-cli/cli:build:          ╵                              [32m~~~~~~~~~~~[0m
@anysearch-cli/mcp:build: [37m      95 │ ...oin(dirname(fileURLToPath([32mimport.meta[37m.url)), "..", "..", "..", ...
@anysearch-cli/cli:build: 
@anysearch-cli/cli:build:   You need to set the output format to "esm" for "import.meta" to work correctly.
@anysearch-cli/mcp:build:          ╵                              [32m~~~~~~~~~~~[0m
@anysearch-cli/cli:build: 
@anysearch-cli/cli:build: 
@anysearch-cli/mcp:build: 
@anysearch-cli/cli:build: 
@anysearch-cli/mcp:build:   You need to set the output format to "esm" for "import.meta" to work correctly.
@anysearch-cli/cli:build: 
@anysearch-cli/mcp:build: 
@anysearch-cli/cli:build:  WARN  [33m▲ [43;33m[[43;30mWARNING[43;33m][0m [1m"import.meta" is not available with the "cjs" output format and will be empty[0m [empty-import-meta]
@anysearch-cli/mcp:build: 
@anysearch-cli/cli:build: 
@anysearch-cli/mcp:build: 
@anysearch-cli/mcp:build: 
@anysearch-cli/cli:build:     ../../packages/store/src/eval/obs-fixtures.ts:19:66:
@anysearch-cli/mcp:build:  WARN  [33m▲ [43;33m[[43;30mWARNING[43;33m][0m [1m"import.meta" is not available with the "cjs" output format and will be empty[0m [empty-import-meta]
@anysearch-cli/cli:build: [37m      19 │ ...oin(dirname(fileURLToPath([32mimport.meta[37m.url)), "..", "..", "fixtu...
@anysearch-cli/cli:build:          ╵                              [32m~~~~~~~~~~~[0m
@anysearch-cli/mcp:build: 
@anysearch-cli/mcp:build:     ../../packages/store/src/eval/obs-fixtures.ts:19:66:
@anysearch-cli/mcp:build: [37m      19 │ ...oin(dirname(fileURLToPath([32mimport.meta[37m.url)), "..", "..", "fixtu...
@anysearch-cli/mcp:build:          ╵                              [32m~~~~~~~~~~~[0m
@anysearch-cli/mcp:build: 
@anysearch-cli/cli:build: 
@anysearch-cli/cli:build:   You need to set the output format to "esm" for "import.meta" to work correctly.
@anysearch-cli/mcp:build:   You need to set the output format to "esm" for "import.meta" to work correctly.
@anysearch-cli/cli:build: 
@anysearch-cli/mcp:build: 
@anysearch-cli/mcp:build: 
@anysearch-cli/cli:build: 
@anysearch-cli/cli:build: 
@anysearch-cli/mcp:build: 
@anysearch-cli/mcp:build: 
@anysearch-cli/cli:build: 
@anysearch-cli/mcp:build:  WARN  [33m▲ [43;33m[[43;30mWARNING[43;33m][0m [1m"import.meta" is not available with the "cjs" output format and will be empty[0m [empty-import-meta]
@anysearch-cli/cli:build:  WARN  [33m▲ [43;33m[[43;30mWARNING[43;33m][0m [1m"import.meta" is not available with the "cjs" output format and will be empty[0m [empty-import-meta]
@anysearch-cli/mcp:build: 
@anysearch-cli/mcp:build:     ../../packages/store/src/eval/switch-run.ts:30:36:
@anysearch-cli/cli:build: 
@anysearch-cli/mcp:build: [37m      30 │ ...oin(dirname(fileURLToPath([32mimport.meta[37m.url)), "..", "..", "fixtu...
@anysearch-cli/cli:build:     ../../packages/store/src/eval/switch-run.ts:30:36:
@anysearch-cli/mcp:build:          ╵                              [32m~~~~~~~~~~~[0m
@anysearch-cli/cli:build: [37m      30 │ ...oin(dirname(fileURLToPath([32mimport.meta[37m.url)), "..", "..", "fixtu...
@anysearch-cli/mcp:build: 
@anysearch-cli/mcp:build:   You need to set the output format to "esm" for "import.meta" to work correctly.
@anysearch-cli/cli:build:          ╵                              [32m~~~~~~~~~~~[0m
@anysearch-cli/mcp:build: 
@anysearch-cli/mcp:build: 
@anysearch-cli/cli:build: 
@anysearch-cli/mcp:build: 
@anysearch-cli/cli:build:   You need to set the output format to "esm" for "import.meta" to work correctly.
@anysearch-cli/mcp:build: CJS dist\index.cjs 10.64 MB
@anysearch-cli/cli:build: 
@anysearch-cli/cli:build: 
@anysearch-cli/mcp:build: CJS ⚡️ Build success in 9682ms
@anysearch-cli/cli:build: 
@anysearch-cli/cli:build: CJS dist\index.js 10.69 MB
@anysearch-cli/mcp:build: DTS ⚡️ Build success in 24557ms
@anysearch-cli/cli:build: CJS ⚡️ Build success in 9574ms
@anysearch-cli/mcp:build: DTS dist\index.d.cts 20.00 B
@anysearch-cli/cli:build: DTS ⚡️ Build success in 24862ms
@anysearch-cli/mcp:build: __CM_FS__:10611089
@anysearch-cli/cli:build: DTS dist\index.d.ts 20.00 B
@anysearch-cli/mcp:build: __CM_FS__:13773645
@anysearch-cli/cli:build: __CM_FS__:10609480
@anysearch-cli/cli:build: [stamp-dist] .build-stamp.json commit=788018bd dirty=false
@anysearch-cli/cli:build: __CM_FS__:1113
@anysearch-cli/cli:build: __CM_FS__:13773645

 Tasks:    5 successful, 5 total
Cached:    5 cached, 5 total
  Time:    49ms >>> FULL TURBO

[pass] turbo run build
[info] step 4/9: pnpm pack into temp dir
package: @anysearch-cli/kernel@0.1.0
Tarball Contents
LICENSE
package.json
src/attribution-schema.ts
src/attribution.ts
src/calibrate.ts
src/composition.ts
src/engine.ts
src/index.ts
src/ir-schema.ts
src/llm-init.ts
src/memory-pipeline.ts
src/pi-runtime.ts
src/ports.ts
src/query-rewrite.ts
src/runtime.ts
src/sufficiency-gate.ts
src/t0-projection.ts
src/tool-json-schemas.ts
src/tool-schemas.ts
test/attribution.test.ts
test/calibrate.test.ts
test/composition-calibration.test.ts
test/composition-vertical.test.ts
test/content-trust.test.ts
test/domain-filter.test.ts
test/engine.test.ts
test/eval-looks-stub.test.ts
test/fusion-web.test.ts
test/llm-init.test.ts
test/memory-pipeline.test.ts
test/pi-runtime-span.test.ts
test/pi-runtime.test.ts
test/qdf-store-import.test.ts
test/query-rewrite.test.ts
test/runtime.test.ts
test/t0-projection.test.ts
test/tool-schemas.test.ts
test/vertical-domain.test.ts
tsconfig.json
Tarball Details
C:\Users\ADMINI~1\AppData\Local\Temp\anysearch-ship-gate-dARVeH\pack\anysearch-cli-kernel-0.1.0.tgz
[pass] packed @anysearch-cli/kernel@0.1.0
$ pnpm run build
$ tsup
CLI Building entry: src/index.ts
CLI Using tsconfig: tsconfig.json
CLI tsup v8.5.1
CLI Using tsup config: D:\Aworker\anysearch-cli\packages\embedding\tsup.config.ts
CLI Target: es2022
CLI Cleaning output folder
ESM Build start
ESM dist\index.js 3.04 KB
ESM ⚡️ Build success in 21ms
DTS Build start
DTS ⚡️ Build success in 1887ms
DTS dist\index.d.ts 868.00 B
package: @anysearch-cli/embedding@0.1.0
Tarball Contents
dist/index.d.ts
dist/index.js
LICENSE
package.json
Tarball Details
C:\Users\ADMINI~1\AppData\Local\Temp\anysearch-ship-gate-dARVeH\pack\anysearch-cli-embedding-0.1.0.tgz
[pass] packed @anysearch-cli/embedding@0.1.0
package: @anysearch-cli/store@0.1.0
Tarball Contents
calibration-labels.jsonl
calibration-manifest.json
eval-baseline.json
eval-quarantine.baseline.json
eval-quarantine.json
fixtures/obs-feed/MANIFEST.json
fixtures/obs-feed/pass-stable.json
fixtures/obs-feed/t1-fail.json
fixtures/obs-feed/t2-fail.json
fixtures/obs-feed/t3-fail.json
fixtures/pathlint/green.md
fixtures/pathlint/red.md
fixtures/switch-registration.json
LICENSE
package.json
src/access-chain.ts
src/budget-ledger.ts
src/consolidate.ts
src/domain-loader.ts
src/domain-schema.ts
src/embedding-arm.ts
src/entity.ts
src/eval/abstain.ts
src/eval/attribution-calibration.ts
src/eval/attribution-gold.ts
src/eval/attribution-instance-report.ts
src/eval/bgnbd.ts
src/eval/calibration-cases.ts
src/eval/calibration-labels-schema.ts
src/eval/calibration-labels.ts
src/eval/cli.ts
src/eval/day-buckets.ts
src/eval/docs-golden.ts
src/eval/explicit-skip.ts
src/eval/gate.ts
src/eval/golden-cases.ts
src/eval/holdout.ts
src/eval/inject.ts
src/eval/integrity-contract.ts
src/eval/looks-ledger.ts
src/eval/obs-fixtures.ts
src/eval/override-core.ts
src/eval/override-ledger.ts
src/eval/override-verifier.ts
src/eval/quarantine-ledger.ts
src/eval/relevance-review.json
src/eval/revision-core.ts
src/eval/runner.ts
src/eval/skip-ledger.ts
src/eval/switch-machine.ts
src/eval/switch-run.ts
src/eval/tau-scan-cli.ts
src/eval/tau-scan.ts
src/fts5.ts
src/index.ts
src/observation.ts
src/relation.ts
src/schema-content.ts
src/schema.sql
src/secret.ts
src/session-id.ts
src/session-store.ts
src/time-decay.ts
src/url-policy.ts
test/access-chain-bootstrap-spawn.test.ts
test/access-chain-fixtures.ts
test/access-chain-golden.test.ts
test/access-chain-nodb.test.mjs
test/access-chain-schema.test.ts
test/access-chain-telemetry.test.ts
test/access-chain-verify.test.ts
test/access-count.test.ts
test/adjudication.test.ts
test/adr-index.test.mjs
test/attribution-calibration.test.ts
test/attribution-gold.test.ts
test/attribution-instance-report.test.ts
test/bgnbd-spawn.test.ts
test/budget-ledger.test.ts
test/calibration-labels.test.ts
test/closeout-coverage.test.mjs
test/consolidate-forget.test.ts
test/day-buckets.test.ts
test/domain-loader.test.ts
test/domain-schema.test.ts
test/embedding-arm.test.ts
test/entity-link.test.ts
test/entity-merge.test.ts
test/eval-abstain.test.ts
test/eval-calibrate.test.mjs
test/eval-docs-golden.test.ts
test/eval-gate.test.ts
test/eval-holdout-gate.test.ts
test/eval-judge.test.mjs
test/eval-labels.integration.test.mjs
test/eval-looks-live-parity.test.ts
test/eval-mutation.test.ts
test/eval-override.test.ts
test/eval-quarantine-ratchet.test.mjs
test/eval-quarantine-sla.test.ts
test/eval-quarantine.test.ts
test/eval-relation-gain.test.ts
test/eval-release-layering.test.ts
test/eval-runner.test.ts
test/eval-ship-gate-integrity.test.mjs
test/eval-ship-gate-override.test.ts
test/eval-skip.test.ts
test/eval-switch-state-fixes.test.ts
test/eval-switch-state.test.ts
test/fts5-tokenize.test.ts
test/fusion-registry-memory.test.ts
test/gain-ledger.test.mjs
test/governed-json-canonical.test.mjs
test/obs-fixtures.test.ts
test/observation.test.ts
test/online/eval-looks-live.online.ts
test/online/eval-looks-vertical.online.ts
test/online/eval-semantic.online.ts
test/quarantine-review.test.ts
test/relation-edges.test.ts
test/revision-cli.integration.test.mjs
test/revision-core.test.ts
test/revision-fixture.integration.test.mjs
test/secret-guard.test.ts
test/session-id-propagation.test.ts
test/session-store.test.ts
test/ship-gate-pathlint.test.mjs
test/stale-probe.test.ts
test/stubs/access-chain-bootstrap-child.ts
test/stubs/bgnbd-exit2.mjs
test/stubs/bgnbd-garbage.mjs
test/stubs/bgnbd-nonconverge.mjs
test/stubs/bgnbd-notok.mjs
test/stubs/bgnbd-ok.mjs
test/stubs/bgnbd-slow.mjs
test/t0-preferences.test.ts
test/t6-hostile-cuts.test.mjs
test/tau-scan.test.ts
test/time-decay.test.ts
test/types/eval-integrity-contract.d.ts
test/url-policy.test.ts
tsconfig.json
Tarball Details
C:\Users\ADMINI~1\AppData\Local\Temp\anysearch-ship-gate-dARVeH\pack\anysearch-cli-store-0.1.0.tgz
[pass] packed @anysearch-cli/store@0.1.0
package: @anysearch-cli/retriever@0.1.0
Tarball Contents
LICENSE
package.json
src/attribution.ts
src/content-trust.ts
src/contract.ts
src/fusion-registry.ts
src/index.ts
src/providers/anysearch.ts
src/providers/exa.ts
src/providers/index.ts
src/providers/tavily.ts
src/rrf.ts
test/anysearch.test.ts
test/content-trust-deny.test.ts
test/domain-filter.test.ts
test/exa.test.ts
test/fusion-registry.test.ts
test/online/anysearch-mcp.online.ts
test/provider-error-class.test.ts
test/rrf.test.ts
test/tavily.test.ts
tsconfig.json
Tarball Details
C:\Users\ADMINI~1\AppData\Local\Temp\anysearch-ship-gate-dARVeH\pack\anysearch-cli-retriever-0.1.0.tgz
[pass] packed @anysearch-cli/retriever@0.1.0
$ pnpm run build
$ node scripts/sync-domains.mjs && tsup && node scripts/stamp-dist.mjs
sync-domains: 3 toml(s) -> D:\Aworker\anysearch-cli\apps\cli\domains
CLI Building entry: src/index.ts
CLI Using tsconfig: tsconfig.json
CLI tsup v8.5.1
CLI Using tsup config: D:\Aworker\anysearch-cli\apps\cli\tsup.config.ts
CLI Target: es2022
CJS Build start
DTS Build start

 WARN  [33m▲ [43;33m[[43;30mWARNING[43;33m][0m [1m"import.meta" is not available with the "cjs" output format and will be empty[0m [empty-import-meta]

    src/db.ts:18:84:
[37m      18 │ ..."undefined" ? __dirname : dirname(fileURLToPath([32mimport.meta[37m.url));
         ╵                                                    [32m~~~~~~~~~~~[0m

  You need to set the output format to "esm" for "import.meta" to work correctly.




 WARN  [33m▲ [43;33m[[43;30mWARNING[43;33m][0m [1m"import.meta" is not available with the "cjs" output format and will be empty[0m [empty-import-meta]

    ../../packages/store/src/eval/bgnbd.ts:95:73:
[37m      95 │ ...oin(dirname(fileURLToPath([32mimport.meta[37m.url)), "..", "..", "..", ...
         ╵                              [32m~~~~~~~~~~~[0m

  You need to set the output format to "esm" for "import.meta" to work correctly.




 WARN  [33m▲ [43;33m[[43;30mWARNING[43;33m][0m [1m"import.meta" is not available with the "cjs" output format and will be empty[0m [empty-import-meta]

    ../../packages/store/src/eval/obs-fixtures.ts:19:66:
[37m      19 │ ...oin(dirname(fileURLToPath([32mimport.meta[37m.url)), "..", "..", "fixtu...
         ╵                              [32m~~~~~~~~~~~[0m

  You need to set the output format to "esm" for "import.meta" to work correctly.




 WARN  [33m▲ [43;33m[[43;30mWARNING[43;33m][0m [1m"import.meta" is not available with the "cjs" output format and will be empty[0m [empty-import-meta]

    ../../packages/store/src/eval/switch-run.ts:30:36:
[37m      30 │ ...oin(dirname(fileURLToPath([32mimport.meta[37m.url)), "..", "..", "fixtu...
         ╵                              [32m~~~~~~~~~~~[0m

  You need to set the output format to "esm" for "import.meta" to work correctly.



CJS dist\index.js 10.69 MB
CJS ⚡️ Build success in 1294ms
DTS ⚡️ Build success in 11283ms
DTS dist\index.d.ts 20.00 B
[stamp-dist] .build-stamp.json commit=4a53cfc5 dirty=false
package: @anysearch-cli/cli@0.1.0
Tarball Contents
dist/index.d.ts
dist/index.js
domains/default.toml
domains/docs.toml
domains/research.toml
LICENSE
package.json
Tarball Details
C:\Users\ADMINI~1\AppData\Local\Temp\anysearch-ship-gate-dARVeH\pack\anysearch-cli-cli-0.1.0.tgz
[pass] packed @anysearch-cli/cli@0.1.0
$ pnpm run build
$ node scripts/sync-domains.mjs && tsup
sync-domains: 3 toml(s) -> D:\Aworker\anysearch-cli\apps\mcp\domains
CLI Building entry: src/index.ts
CLI Using tsconfig: tsconfig.json
CLI tsup v8.5.1
CLI Using tsup config: D:\Aworker\anysearch-cli\apps\mcp\tsup.config.ts
CLI Target: es2022
CLI Cleaning output folder
CJS Build start
DTS Build start

 WARN  [33m▲ [43;33m[[43;30mWARNING[43;33m][0m [1m"import.meta" is not available with the "cjs" output format and will be empty[0m [empty-import-meta]

    src/server.ts:43:86:
[37m      43 │ ..."undefined" ? __dirname : dirname(fileURLToPath([32mimport.meta[37m.url));
         ╵                                                    [32m~~~~~~~~~~~[0m

  You need to set the output format to "esm" for "import.meta" to work correctly.




 WARN  [33m▲ [43;33m[[43;30mWARNING[43;33m][0m [1m"import.meta" is not available with the "cjs" output format and will be empty[0m [empty-import-meta]

    ../../packages/store/src/eval/bgnbd.ts:95:73:
[37m      95 │ ...oin(dirname(fileURLToPath([32mimport.meta[37m.url)), "..", "..", "..", ...
         ╵                              [32m~~~~~~~~~~~[0m

  You need to set the output format to "esm" for "import.meta" to work correctly.




 WARN  [33m▲ [43;33m[[43;30mWARNING[43;33m][0m [1m"import.meta" is not available with the "cjs" output format and will be empty[0m [empty-import-meta]

    ../../packages/store/src/eval/obs-fixtures.ts:19:66:
[37m      19 │ ...oin(dirname(fileURLToPath([32mimport.meta[37m.url)), "..", "..", "fixtu...
         ╵                              [32m~~~~~~~~~~~[0m

  You need to set the output format to "esm" for "import.meta" to work correctly.




 WARN  [33m▲ [43;33m[[43;30mWARNING[43;33m][0m [1m"import.meta" is not available with the "cjs" output format and will be empty[0m [empty-import-meta]

    ../../packages/store/src/eval/switch-run.ts:30:36:
[37m      30 │ ...oin(dirname(fileURLToPath([32mimport.meta[37m.url)), "..", "..", "fixtu...
         ╵                              [32m~~~~~~~~~~~[0m

  You need to set the output format to "esm" for "import.meta" to work correctly.



CJS dist\index.cjs 10.64 MB
CJS ⚡️ Build success in 994ms
DTS ⚡️ Build success in 12371ms
DTS dist\index.d.cts 20.00 B
package: @anysearch-cli/mcp@0.1.0
Tarball Contents
dist/index.cjs
dist/index.d.cts
domains/default.toml
domains/docs.toml
domains/research.toml
LICENSE
package.json
Tarball Details
C:\Users\ADMINI~1\AppData\Local\Temp\anysearch-ship-gate-dARVeH\pack\anysearch-cli-mcp-0.1.0.tgz
[pass] packed @anysearch-cli/mcp@0.1.0
$ pnpm run build
$ pnpm run gen:configs && pnpm run build:server && pnpm run build:hooks
$ node scripts/gen-claude-configs.mjs
wrote configs/claude/hooks.json
wrote configs/codex/hooks.json
wrote hooks/hooks.json
wrote .claude-plugin/plugin.json
wrote .mcp.json
$ tsup
CLI Building entry: src/index.ts, src/server/index.ts
CLI Using tsconfig: tsconfig.json
CLI tsup v8.5.1
CLI Using tsup config: D:\Aworker\anysearch-cli\apps\plugin\tsup.config.ts
CLI Target: es2022
CLI Cleaning output folder
CJS Build start

 WARN  [33m▲ [43;33m[[43;30mWARNING[43;33m][0m [1m"import.meta" is not available with the "cjs" output format and will be empty[0m [empty-import-meta]

    ../../packages/store/src/eval/bgnbd.ts:95:73:
[37m      95 │ ...oin(dirname(fileURLToPath([32mimport.meta[37m.url)), "..", "..", "..", ...
         ╵                              [32m~~~~~~~~~~~[0m

  You need to set the output format to "esm" for "import.meta" to work correctly.




 WARN  [33m▲ [43;33m[[43;30mWARNING[43;33m][0m [1m"import.meta" is not available with the "cjs" output format and will be empty[0m [empty-import-meta]

    ../../packages/store/src/eval/obs-fixtures.ts:19:66:
[37m      19 │ ...oin(dirname(fileURLToPath([32mimport.meta[37m.url)), "..", "..", "fixtu...
         ╵                              [32m~~~~~~~~~~~[0m

  You need to set the output format to "esm" for "import.meta" to work correctly.




 WARN  [33m▲ [43;33m[[43;30mWARNING[43;33m][0m [1m"import.meta" is not available with the "cjs" output format and will be empty[0m [empty-import-meta]

    ../../packages/store/src/eval/switch-run.ts:30:36:
[37m      30 │ ...oin(dirname(fileURLToPath([32mimport.meta[37m.url)), "..", "..", "fixtu...
         ╵                              [32m~~~~~~~~~~~[0m

  You need to set the output format to "esm" for "import.meta" to work correctly.



CJS dist\index.cjs        151.46 KB
CJS dist\server\index.cjs 333.40 KB
CJS ⚡️ Build success in 318ms
$ esbuild src/hooks/core.ts src/hooks/distill.ts src/hooks/preheat.ts src/hooks/session-start.ts src/hooks/routing-card.ts src/hooks/server-token.ts src/hooks/adapters/claude.ts src/hooks/adapters/cursor.ts src/hooks/adapters/codex.ts src/hooks/adapters/antigravity.ts src/hooks/adapters/codebuddy.ts --bundle --platform=node --format=cjs --outdir=dist/hooks --outbase=src/hooks --out-extension:.js=.cjs --banner:js="#!/usr/bin/env node" --external:better-sqlite3 --external:@anysearch-cli/embedding

  dist\hooks\adapters\antigravity.cjs  13.8kb
  dist\hooks\adapters\cursor.cjs       11.9kb
  dist\hooks\adapters\codebuddy.cjs    11.6kb
  dist\hooks\adapters\claude.cjs       10.5kb
  dist\hooks\adapters\codex.cjs        10.3kb
  ...and 6 more output files...

Done in 58ms
package: @anysearch-cli/plugin@0.1.0
Tarball Contents
.claude-plugin/plugin.json
.mcp.json
AGENTS.md
configs/antigravity/hooks.json
configs/claude/hooks.json
configs/codebuddy/hooks.json
configs/codex/hooks.json
configs/cursor/hooks.json
dist/hooks/adapters/antigravity.cjs
dist/hooks/adapters/claude.cjs
dist/hooks/adapters/codebuddy.cjs
dist/hooks/adapters/codex.cjs
dist/hooks/adapters/cursor.cjs
dist/hooks/core.cjs
dist/hooks/distill.cjs
dist/hooks/preheat.cjs
dist/hooks/routing-card.cjs
dist/hooks/server-token.cjs
dist/hooks/session-start.cjs
dist/index.cjs
dist/server/index.cjs
hooks/hooks.json
LICENSE
package.json
skills/anysearch/SKILL.md
Tarball Details
C:\Users\ADMINI~1\AppData\Local\Temp\anysearch-ship-gate-dARVeH\pack\anysearch-cli-plugin-0.1.0.tgz
[pass] packed @anysearch-cli/plugin@0.1.0
package: @anysearch-cli/dsh-plugin@0.1.0
Tarball Contents
AGENTS.md
cordis.patch.yml
lib/index.d.ts
lib/index.js
LICENSE
package.json
Tarball Details
C:\Users\ADMINI~1\AppData\Local\Temp\anysearch-ship-gate-dARVeH\pack\anysearch-cli-dsh-plugin-0.1.0.tgz
[pass] packed @anysearch-cli/dsh-plugin@0.1.0
[info] step 5/9: extract tarballs + verify manifest shape + bin target exists
[pass] @anysearch-cli/cli publish shape ok (deps clean / peer-optional embedding / license+repo+access / no bare internal require/import/export)
[pass] @anysearch-cli/cli@0.1.0 tarball shape + bin target ok
[pass] @anysearch-cli/dsh-plugin publish shape ok (deps clean / peer-optional embedding / license+repo+access / no bare internal require/import/export)
[pass] @anysearch-cli/dsh-plugin@0.1.0 tarball shape ok (no bin)
[pass] @anysearch-cli/embedding publish shape ok (deps clean / peer-optional embedding / license+repo+access / no bare internal require/import/export)
[pass] @anysearch-cli/embedding@0.1.0 tarball shape ok (no bin)
[pass] @anysearch-cli/kernel@0.1.0 tarball shape ok (no bin)
[pass] @anysearch-cli/mcp publish shape ok (deps clean / peer-optional embedding / license+repo+access / no bare internal require/import/export)
[pass] @anysearch-cli/mcp@0.1.0 tarball shape + bin target ok
[pass] @anysearch-cli/plugin publish shape ok (deps clean / peer-optional embedding / license+repo+access / no bare internal require/import/export)
[pass] @anysearch-cli/plugin@0.1.0 tarball shape + bin target ok
[pass] @anysearch-cli/retriever@0.1.0 tarball shape ok (no bin)
[pass] @anysearch-cli/store@0.1.0 tarball shape ok (no bin)
[pass] npm install --prefix smoke ok (3 apps resolvable, bundled internals + optional peer correctly absent, bins linked)
[pass] peer-optional dual-install ok (@anysearch-cli/embedding at shared root, import resolves from installed cli)
[info] step 6/9: T0 smoke probe (ADR-0024)
[pass] T0 smoke probe: pref --help alive, <user_preferences> wrapper documented
[pass] memory-pipeline.ts Stage-1 <user_preferences> injection present
[info] step 7/9: memory eval harness gate (ADR-0027)
[info] memory-eval integrity contract: verdict=pass runPurpose=observational
[pass] memory-eval attribution zone present (zero-state observation period)
[pass] memory-eval relation zone present (noEdge=10 hop=39)
[pass] memory-eval semantic serve + forget zones present (sem queries=79 forget archives=1)
[pass] memory-eval observational zone present (ADR-0039; values never gated, D7 streak ledger watched)
[info] switch-state: phase S0
[pass] eval fingerprint matches baseline (4a529f6fbe2096c8)
[pass] gain gate demoted to observance (verdict=unproven-positive, disposition=demote, look 8/5): full: mean=0.1617 BCa=[0.1192, 0.1917] signFlipP=0.00010 harmP=1.00000 alpha(8/5)=0.025000 — preregistered rule holds at look 8/5
[pass] memory-eval: 126/126 cases PASS, fingerprint=4a529f6fbe2096c8, passRate=1
[info] step 7b/9: emergency ship override verifier (ADR-0047)
{
  "schema": "anysearch/ship-override-ledger@1",
  "revision": 0,
  "entries": 0,
  "outstandingLate": 0
}
[info] override ledger status valid; no override action requested
[info] step 8/9: spawn plugin MCP over stdio, assert initialize result
[anysearch] endpoint ends with /v1/search — REST route is retired (ADR-0082); rewritten to http://127.0.0.1:20128/mcp
(node:19320) [DEP0040] DeprecationWarning: The `punycode` module is deprecated. Please use a userland alternative instead.
(Use `node --trace-deprecation ...` to show where the warning was created)
anysearch MCP server: stdio transport ready
[pass] MCP initialize: server=anysearch v0.1.0
[info] step 8b/9: packaged CLI/MCP observation smoke (ADR-0052)
[pass] packaged CLI/MCP observation trace round-trip green
[info] step 9/9: spawn MCP with scrubbed env, assert fail-open boot
[pass] fail-open boot ok: env scrubbed -> initialize green + stderr notice (server=anysearch v0.1.0)
[info] cross-OS native loading covered by CI native-smoke.yml 4-job matrix (ADR-0025 D1)
[pass] ship gate green — ready to tag the next release
